-4.440811658512992643e+00 4.735449269306889475e-01 1.810819266065466504e-01 -7.777136313856952698e-01 1.332161400555681663e+00 2.467457252537792467e-01 -3.119702739808261627e-01 6.176208147318442698e-01 -1.109825070245349099e-01 7.912031023992339707e-01 8.697441599475129737e-01 1.082237771063500276e+00 1.138421724839840499e+00 5.335409772968030540e-02 -6.498177706020988320e-02 -3.168493710661600404e-02 4.012214214439118604e-02 1.366417385990819355e-01 1.888140759512897393e-01 -6.246632983220671287e-01 6.723473291109476335e-01 6.374647847341663454e-01 -7.453609373888973044e-01 -1.230549514078453033e+00 -5.635742731655200011e-01 1.818387005420670222e-01 8.672825332776068485e-01 8.200083134952317332e-01 1.087308262580346074e+00 -1.934168318806294140e+00 2.338155470501198929e-01 -1.715460029152134913e-01 7.657268558585293983e-01 1.906103551041556488e+00 -1.297589890266466650e+00 -5.655735778525187163e-01 -3.107267193879459377e-01 9.618946921604275557e-01 -1.188889724919471425e+00 -4.055189718672405075e-01 -2.172922597432635772e-01 -2.492850401285358064e+00 7.321855214348649277e-01 4.141684611501265101e-01 1.026349286032137709e-01 9.597099010586498391e-01 4.145987307277149703e-01 4.194710940285585332e-01 5.880511148473814842e-01
-4.676616884069701996e+00 -1.974755630622245239e-01 -3.632270693220274183e-02 -4.011402114098991945e-01 1.262194903984513505e+00 8.679108352595293896e-02 1.951593649492768812e-01 -4.043856190584113053e-01 -6.496808909659385067e-01 1.573357173197630132e+00 1.532416870193153313e+00 -4.722879781178853098e-01 -8.006024979992257817e-01 1.343268878537930533e+00 4.228905003752253533e-01 9.164603683869376738e-02 2.560340082179112797e-01 -2.632686791041140006e-01 -3.581680452081237309e-03 1.122397381445618125e-01 7.761593556712922393e-01 3.299224845946710505e-01 -1.660935663140720608e+00 -8.703182945689452721e-01 -1.741212182808191677e-01 8.082743340692524203e-01 1.162530364381530318e-01 2.082894381226391145e-01 1.535472140428739252e+00 -2.045426567972745691e+00 9.370577438456631492e-02 -3.449608904031190026e-01 1.026501716280072141e-01 1.132693714281447050e+00 -8.420245181364496290e-01 -4.497650213618061832e-01 5.725538266555132427e-01 4.234604414924997284e-01 -8.125044505169884967e-01 -7.642558566205828186e-01 -3.823139747815483824e-01 -2.543580985452424503e+00 3.501722905148341169e-01 -5.433073338215477222e-01 -9.576867853118510299e-01 -3.642056264447633973e-01 4.530229971169089653e-01 8.911197823424977793e-01 3.115709323714405676e-01
-5.131703995957558995e+00 5.967490829634097826e-01 9.859910518928931555e-01 1.316057603311466817e-01 3.029750972757001559e-01 -1.002448424207533328e+00 8.468142687505584298e-01 -1.520825073632280588e+00 -1.186450446489462296e+00 1.516278834459901415e+00 1.125830339362690724e+00 -3.388823002608473134e-01 -7.518966560984747804e-01 6.738239700873458471e-01 -1.742315892079908946e-01 -6.649698253126620218e-01 -2.041265225095686142e-01 -5.175244061645780658e-01 -3.292421317577981510e-02 8.504251613422856293e-01 3.499026117854503459e-01 1.505955668540222558e-01 -1.381920529495613614e+00 -1.517411486782826724e-01 5.507526624364464385e-02 6.518122548172793351e-01 -1.490752851723136096e-01 -2.106424615389820565e-01 1.015158114252273203e+00 -6.567436191135753720e-01 1.058092143052809658e-01 -3.309084541599272011e-02 8.673819787917813606e-02 -1.490431021544941226e-02 7.280283562201267378e-02 -1.471659192885043932e-01 7.343425722200127570e-01 1.786299650855853460e-02 -1.924814517614439890e-01 -4.220888685714249133e-01 -2.960696674375546955e-01 -2.644599690937493808e+00 8.057809763079366583e-01 -8.680991435218883279e-01 -9.569174737634795758e-01 -5.450781139072302661e-01 1.937592765450552035e-01 6.253439871808078587e-01 -1.214187907680974593e-01
-4.979579877637718255e+00 4.729036916445589211e-01 1.205062239618739595e+00 4.643338874326015109e-01 1.444524210911942164e-01 -8.801949249821489074e-01 8.488541544943819517e-01 -1.915580801231763886e+00 -1.117701233926642113e+00 1.949776428027062636e+00 6.083729993798956404e-01 -1.643046256742224376e-01 -9.377391076013200655e-01 6.722051226613343644e-01 -5.899604357052404824e-01 -8.560451830167171705e-01 -4.385772183167620519e-01 -4.804737429183011388e-01 -1.050668883926064723e-01 6.710936962984970222e-01 2.334600540033568428e-02 4.581128559643868337e-02 -1.097510842614464854e+00 -3.227861331853421611e-01 8.038903343511946686e-02 5.859471113572238821e-01 -8.203471832474577841e-02 -2.674522929693446960e-01 4.818823565069944026e-01 -1.542415757251887343e-01 -2.321600778347784888e-02 -2.455987233852019447e-02 -2.172755862766605206e-01 -2.967839891066217928e-01 1.885171894969594475e-01 -1.212139193461521380e-01 5.560143450238856921e-01 -1.189625413912340501e-01 9.007177320872966630e-02 -3.148431916295927890e-01 -3.021640190660579428e-01 -2.903729671315962158e+00 3.620855976342625127e-01 -6.681596803287170871e-01 -9.383392355236012117e-01 -4.630139284830220858e-01 1.075985889555927666e-01 6.935153959687584413e-01 -1.870464737424994417e-01
-5.068261299015246912e+00 5.164215783100437607e-01 8.102626528573806386e-01 -1.448482910598234419e-01 -8.421468648476393426e-02 -1.039737474671129425e+00 1.216953911521031495e+00 -1.747687970877481733e+00 -1.245005816934312559e+00 1.375441464787281021e+00 7.240645478308347371e-01 -9.362576275770484457e-02 -1.223199831625145562e+00 3.802420147712055609e-01 -4.477756663930212433e-01 -6.690169142520167034e-01 -5.586783061749875934e-01 -5.946358492083936298e-01 -3.659892773838088753e-01 6.244787162747695852e-01 -2.912318796366756835e-01 1.927887016129836706e-03 -9.725947666678873560e-01 -2.089401295816229465e-01 -1.887650136719574157e-01 6.141453934190521657e-01 7.330804879611806102e-02 -3.524934812063788003e-01 4.191934737102906983e-01 -2.837745411584319255e-01 -4.666984001720794750e-02 -1.852617630950971206e-01 -1.622453698972097236e-01 -9.058289676958669601e-02 8.938612301625042944e-02 6.350024029413717241e-02 2.007639590587829703e-01 -2.198522835560006716e-01 6.685497278617930084e-02 -5.112609378505941216e-01 -3.424431819335410632e-01 -2.918441557102737782e+00 3.614959059181246381e-01 -5.666274293053259470e-01 -1.028306789816831657e+00 -4.659482464681208302e-01 7.325974209755209410e-02 7.646432928297203224e-01 -1.262295150047677006e-01
-5.456916485601307265e+00 6.616466309758822772e-01 8.246301782691551896e-01 -2.014383113131130720e-01 1.709343304630144278e-01 -8.566842751893910535e-01 1.106770673578322262e+00 -1.905960558658235993e+00 -4.068297133815358402e-01 1.343400499669436532e-02 -1.496202849885803488e-01 3.866504384380169967e-01 1.425859535503896935e-01 -6.437553806497315900e-01 -5.189240108869356272e-01 -9.314596932474905611e-01 -4.677350619172928603e-01 -2.240787436194818516e-01 -1.650670821762562079e-02 -1.923538695546148369e-01 -7.446239879934684058e-01 -8.521245157272772097e-01 -8.956831194933805307e-01 1.960502861344633752e-01 5.523693496761119537e-01 -5.290501426233239490e-01 2.645064985937435331e-01 -1.386597978195471259e-01 -2.095709604863240649e-01 -3.432427237524037222e-01 -4.076440721258217659e-01 -2.971407660938811812e-01 4.395162672508502455e-01 -6.739424344387340282e-02 2.833376508618833944e-01 1.283712487487511655e-01 -2.515677754152325155e-02 -6.828370451287580911e-01 2.238352107909637456e-01 1.499572052890466300e-01 -8.347441653076312362e-02 -3.587718569041809857e+00 3.509957125578653248e-01 -3.088801697144849534e-02 -3.767704414284320791e-01 -5.560093798933934961e-01 -3.589440721294917536e-02 4.543537258526426648e-01 4.684292333998391067e-02
-5.289471348619212421e+00 5.936876580616216037e-01 1.188692839150796710e+00 4.336511486724234921e-01 2.322444533331868843e-02 -6.766636950355346958e-01 6.101562472011567984e-01 -2.038835823309650408e+00 -1.094835166917658587e+00 1.412698878812145509e+00 4.152684611505206846e-01 -2.456459261928653770e-01 -3.217113220396050632e-01 -4.977736629431006588e-02 -3.974345118376989561e-01 -1.117655433723792502e+00 -4.257706869718596576e-01 -3.964466977347028132e-01 3.753942110595432924e-01 1.319436163700026532e-01 -4.190270249639346245e-01 -2.322154391047929201e-01 -6.450020641437088642e-01 -7.837462775225242373e-01 -5.509562066236217692e-02 -3.003285410861653570e-01 -6.294820242992490988e-02 2.043878010843443865e-02 5.195170469117793566e-01 3.507532113104876448e-01 2.253032619521820046e-01 -3.981290816858590320e-01 -1.780902735695071015e-01 -6.199889411896966074e-01 -2.777252299226866117e-01 8.991577189799254688e-02 5.276662296734839774e-01 -2.072968066676961207e-02 -8.825490718048306649e-02 -2.074591107762540909e-01 -5.892447837420021761e-01 -2.696524540526853198e+00 9.187297334483974787e-01 -3.869359257352342207e-01 -7.853298381875239986e-01 -5.506862251759495619e-01 -1.016968429656351369e-01 8.316593798520127701e-01 -9.777559989114756323e-02
-4.713008512333358269e+00 1.254104357484358889e+00 1.472610950288071985e+00 1.015205530741272177e-01 4.467277463917196378e-01 -8.585912734000258340e-01 -1.047454511898776031e-01 -1.107766667827654539e+00 -8.136696435255822424e-01 1.037880479797816946e+00 -3.211664802709568445e-01 1.234823089334812218e+00 1.153491049955439385e+00 -5.959431415366671647e-01 -1.186729733459943370e+00 -1.141953617311333602e+00 -6.033096965016254698e-01 -1.796847862573663912e-01 1.807755326340100277e-01 -1.203779797726275552e-01 -2.293206548661002320e-01 2.703090659650176919e-01 9.386019972505751929e-02 -4.238017469553733152e-01 -3.526310071749176323e-01 -1.380943164319692329e-01 6.852084402946455599e-01 1.865775107995271964e-01 -2.138482110850964957e-01 6.752830815560231792e-02 1.510838788667381305e-01 1.639512000438670958e-01 4.501918984806191348e-01 2.531424128638425364e-01 -3.638163444630262422e-01 -2.570526201831322410e-01 -4.824017225219291438e-01 3.000676866148226374e-01 -9.968253245917196859e-02 2.196347449251759565e-01 -2.018794415101325679e-01 -2.649386231005254722e+00 9.106298044359522059e-01 1.109389849656269300e-01 3.590451409222650270e-02 7.900642766042100806e-01 1.859477595091719171e-01 2.528574145032876364e-01 1.399853694706996721e-01
-4.823472843659396325e+00 7.924610075747079430e-01 8.442301901546771514e-01 1.595727945484526344e-02 6.261852926195099478e-01 -1.238266831745638008e+00 7.113267659988886660e-01 -1.882077926904019760e+00 -5.986380332058954812e-01 9.540504685170801968e-01 -2.479587922664266697e-01 2.422805831322202286e-01 5.730481758989116603e-01 6.758971519234924230e-02 -1.255657579940455904e+00 -1.178531569723454853e+00 -7.060400521516062566e-01 -1.532547834150374266e-01 -8.030285978599721597e-02 4.127542334915188516e-01 2.478804484233164129e-01 3.531890140490128727e-01 -2.399223255906310637e-01 1.448234388653526772e-01 -1.529821240544772531e-01 -9.630478676731552001e-02 8.599770671441393510e-01 -2.882101222989207345e-01 -4.925632009227333130e-01 2.182727221626654390e-01 -4.106251830730445196e-02 4.590514140642111274e-01 -1.886554119758307169e-01 2.905963296079483449e-01 4.727392101782970646e-01 -4.039129316253530222e-01 -3.514199280910935697e-01 5.577216933257089782e-02 -2.050927532109451112e-01 4.093886373689671343e-01 3.651239816669567539e-01 -2.224099307043457152e+00 2.905998271325249682e-01 -5.489706429118983433e-01 -7.147074570528416659e-01 -5.290818127343061006e-01 3.202844192259584610e-01 5.508187569788975946e-01 -2.241706044415064381e-01
-4.605350267490821992e+00 1.219861578089601384e+00 1.432787983442560753e+00 -2.018387165959856233e-02 6.360748425861293409e-01 -1.199100629342940927e+00 7.549069930795735406e-01 -1.322604669347282158e+00 -5.319604880607834430e-01 5.469887117616907268e-01 -1.343996688839342035e-01 -2.895218191702040866e-01 1.372581158488411557e+00 -5.429536228711109302e-01 -1.043887594023692689e+00 -1.014427746943197040e+00 -4.513098970619244255e-01 -3.840670518676541634e-01 1.189663357309721503e-01 9.576282327758281476e-02 1.188559758734178406e-01 6.347218808634815801e-01 2.394265128427969236e-01 -5.238240832379201795e-01 -1.120879378778506519e-01 -9.917072417419653396e-02 5.775974377387081971e-01 3.442245790764679458e-03 -3.857388910353062306e-01 2.190933442526039887e-01 2.140448852724462503e-01 1.271952337150583645e-01 3.887714334182755804e-01 -3.127658718669146798e-01 1.001778049172874496e-01 -2.403600661510833236e-01 -1.529636350790396782e-01 2.942612379804497857e-01 -7.273232129203993646e-02 5.016114380514449245e-01 -3.093441009313208090e-01 -2.603754310313406872e+00 8.159075406745373016e-01 3.951237107630828360e-02 -4.827571285755558050e-01 -5.376510251749688774e-01 3.452417383847882215e-01 2.783776140657147069e-01 5.497313016593237400e-04
-5.146474378888734158e+00 5.031614112546571871e-01 9.367133229856012822e-01 -3.975746923891443352e-02 2.259762608530028194e-01 -1.053728823452315222e+00 1.086450627795205293e+00 -1.796235730428742627e+00 -5.969337135217764878e-01 9.819653787331813488e-01 2.339412449056761933e-01 1.281626291969725773e-01 1.978034017482421525e-01 1.192672686294697915e-01 -8.590590195619325353e-01 -1.181782895003078426e+00 -8.863654243979228742e-01 4.427917829067275490e-01 1.710319621769826881e-01 6.603371874460314261e-01 -6.790318289027039156e-02 -1.370261120220847562e-01 -1.305598980487146787e-01 5.236678971996830967e-01 1.443834130976561769e-01 1.576198869008417769e-01 -3.495470133940359325e-01 -6.774709659255375716e-01 -8.413932844912855868e-01 5.411825280208031053e-02 -8.829297511049952196e-02 -3.058531649547591158e-02 -2.131025472625569239e-01 2.286218211395524003e-01 3.429332377157486289e-01 -4.564571260895787796e-01 1.058993479473703536e-01 -1.525721414911640483e-03 2.173593646011769409e-01 3.966619661086105975e-01 2.926228958547359982e-01 -1.993179193229478896e+00 3.746005926981252898e-01 -4.184931048020184563e-01 -8.205094754120791922e-01 -6.946196449128854145e-01 -2.875175077963560422e-01 -5.275425642467870824e-02 -2.021868218105363768e-01
-5.304584179396062638e+00 8.291027912943934597e-01 1.009359603147363726e+00 1.650643461460823413e-01 1.196348431823818781e-01 -9.282319310827886749e-01 1.144257300884176543e+00 -1.513215566443961047e+00 -3.371528524875362365e-01 1.885991505977854532e-01 4.512747936733541021e-01 -3.609260840182326180e-01 8.816808403233231672e-01 -4.632243687872758531e-01 -7.872745664210819561e-01 -1.122967685677005667e+00 -9.361176681293803536e-01 8.422405020032158740e-01 4.278532718404887136e-01 6.777240020496919648e-01 -2.319762153101780078e-01 -4.482092915330606053e-01 6.754351067992696300e-02 1.227381384002317333e-01 -1.159107462862116189e-01 -2.152006670466750093e-01 -8.378095408948732503e-01 -4.455255370387412595e-01 -5.312709550773442313e-01 -2.392362409667346881e-02 1.512855500873398207e-01 -3.509963346832739584e-01 -8.593345039812819164e-02 2.525615957346631357e-01 1.987809368840957602e-01 -1.703849062539910253e-01 1.639500577342350648e-02 3.102665149595220662e-01 -8.201411851821216459e-03 5.732542547652478282e-01 6.589984953829747250e-02 -2.693975429272545075e+00 5.958766940423594338e-01 2.663953663046373377e-01 -5.358849611376110822e-01 -7.739930441992501908e-01 -4.190645057744947777e-01 -1.788243768960887659e-01 1.295934630360425222e-01
-5.248393914564249307e+00 6.515039072980327584e-01 1.275290827047040443e+00 5.279370583179989751e-01 6.656484900399711746e-02 -8.208795386407072847e-01 5.033150484340103148e-01 -1.526177590131912121e+00 -7.967492789898745764e-01 7.917419956816529325e-01 5.833066567198470498e-01 -5.463186504308700231e-01 5.953143463321446394e-01 -4.438682051841973952e-01 -3.943126599047072078e-01 -1.052704428303220308e+00 -5.298206503018721980e-01 -5.632399759816796303e-01 5.687845994967861696e-01 3.034467797485687068e-01 -3.391013857479730498e-01 -2.450031068625800335e-01 -4.621411767366687684e-01 -5.553285464953872097e-01 1.927800298594120054e-01 1.383713569475986116e-02 -4.112736226672407680e-01 3.676014054226948158e-01 1.638928004375984071e-01 4.016400145246387110e-01 -2.084937628805479115e-02 -2.628097730801626231e-02 1.796144526654394613e-01 -6.265097734770785909e-01 8.499004785178015942e-02 -1.414742069625033738e-01 4.854226291601760335e-01 -9.553333497617999548e-03 3.568210312190911448e-01 3.648739007657461619e-02 2.666505733620531116e-01 -3.348387313731800763e+00 6.742014446620046009e-01 -1.361765502091934477e-01 -6.210697846213532047e-01 -6.066817155231425396e-01 5.402079043339319542e-02 4.844900322140101023e-01 2.090501909727902896e-01
-5.158344382513133652e+00 6.048505536895166790e-01 1.310344698757192949e+00 5.776218317237100663e-01 -1.093660619781056109e-03 -6.548790643913976472e-01 6.892073431947507434e-01 -1.713280964166471687e+00 -8.654033773604788982e-01 1.057872704931774210e+00 1.438224174328461835e-01 -4.601400970159958415e-01 5.303996558298126884e-02 -2.617909797642400949e-01 -4.547431236679972955e-01 -1.449385351184887982e+00 -2.846335131229230653e-01 -1.787964578689070771e-01 3.510962915593976996e-01 1.073710911923738409e-01 -6.725679948986300616e-01 4.579531296330363044e-01 9.555977454730955889e-02 -4.286096914228754162e-01 1.522685861555626241e+00 -8.231985084774785522e-01 -4.762913759335178354e-01 5.531889876553875984e-01 5.042832066465350316e-01 5.068719167916567736e-01 2.138945445897656727e-01 6.214298834300185925e-01 -2.918317055807349014e-01 -1.095941373420815657e-01 -1.343947185237356068e-01 -1.550564092264711535e-01 -1.117065671409444433e-01 -4.820709847091247946e-01 5.459595546172731906e-01 -2.523071861340535627e-01 1.623706696952231798e-02 -2.196941749105183916e+00 1.969513901614343698e-01 2.706811781132517636e-01 -3.175490008485680749e-01 -6.839309813074538891e-01 -3.992613657619620837e-01 -6.485600149924163338e-01 3.398292412553586828e-01
-5.434813526343333479e+00 5.553322687365955801e-01 1.851211236695719409e+00 1.104643864681557286e+00 -7.115769566663618928e-01 -1.875290515960982562e-01 -6.960568470359402848e-01 -6.730358516144381298e-01 -1.248259083916115175e+00 1.762292592013154913e+00 5.458211588171535400e-01 9.823492841157270838e-01 5.493209778724189585e-01 -1.005803411335369768e+00 -4.690668634153215555e-01 -9.914511052030983151e-01 -9.938013762454254163e-01 -3.994425060123748539e-01 1.858884727857295083e-01 -4.267355354902995224e-01 -1.940805878336905599e-01 -4.220789006871812354e-01 -3.180646045277452094e-01 -1.812500610896659869e-01 2.105703032698389154e-01 -7.266119901206663512e-02 -1.156288418114466976e-01 -1.570042468378061440e-01 -7.314385220115773856e-02 3.591604316291282517e-01 -1.035766063200829479e-01 -1.488181505478000100e-01 -1.000609087426472810e-01 -6.253146196032405291e-02 1.241734217352054026e-01 -7.206036035505569703e-03 4.754648965232593366e-02 -4.683392517916724618e-01 4.328989497577860335e-01 2.526237622296230168e-01 5.808309112261239582e-03 -3.156747274235703227e+00 1.130615547411503830e+00 -3.357565274738096295e-01 -8.912910219763037212e-02 7.125319300939130240e-01 1.064805432993246037e-01 4.544823630038691276e-01 3.946026391789030363e-01
-4.660250788862473570e+00 1.342548918484561593e+00 1.202664870026622479e+00 5.809536074826637808e-02 1.223201414801772025e+00 -1.370856678331838774e+00 3.795624770629354994e-01 -1.370327567699167304e+00 -5.174816205965383498e-01 5.870825583583885177e-01 1.690578766390650189e-01 -2.918042825217410652e-01 1.311553226425856922e+00 -5.037809297891631122e-01 -8.309409823087187119e-01 -1.097847926113678430e+00 -7.119807184793222055e-01 -1.903052589924701943e-01 4.248229610699424397e-01 1.662360532102068744e-01 -1.338022728340071410e-02 1.952563276691068328e-01 6.681221628880643082e-03 -5.488973854775005545e-01 -2.126362456634182663e-01 -3.731620787968958908e-02 7.886535639799567843e-01 2.459434059072147238e-01 -3.026082012398496057e-01 1.271447238583757189e-01 4.685376913846767133e-03 1.873020039863951824e-01 3.331074300391493326e-01 3.768039823408461109e-01 -1.078768624082877270e-01 1.550179639920658548e-01 -4.224689371854519621e-02 2.964671198170258926e-01 2.136733471936520523e-01 2.345625291545625213e-01 -1.878640572929493879e-01 -2.454743251006245686e+00 6.818628671165192223e-01 3.411504251206680105e-01 -6.685431690861753928e-01 -5.025102176202369542e-01 5.905995912469780285e-02 8.384297952019298394e-01 1.472590619936964829e-01
-4.886522146818102819e+00 9.294930321210700397e-01 1.049056132547707909e+00 1.197971501153647367e-01 6.239506186719180336e-01 -1.067810467569561883e+00 8.593925050700765844e-01 -1.553708200192727595e+00 -2.699916263061484800e-01 2.531983984148339362e-01 -2.219007908544882446e-01 -1.447443621320622376e-01 1.387588751204226867e+00 -6.384244807537668986e-01 -1.178922005058196554e+00 -9.764256647713063231e-01 -4.648124365873462227e-01 -2.006739590310940291e-01 2.558833187690234823e-01 3.097380721576360463e-01 1.760472279231943271e-01 4.351142709178966173e-01 2.828359954200424659e-02 -6.401894585330856202e-01 -1.711639697153340967e-01 -1.292827886981040564e-01 7.939595965005750156e-01 -1.261929863209923786e-01 -1.381498845465528591e-01 8.324729133828854266e-01 2.624439084507056430e-01 7.400166754962056448e-02 3.444663479705633025e-01 8.221211396655975223e-02 5.254480628182010005e-01 -5.484280862355281894e-01 -2.659862951757965277e-01 5.088254447772740940e-01 -1.613779333270600747e-01 1.263622060184427465e+00 -1.531125701088990321e-01 -2.000296715213196741e+00 1.450993547737834621e+00 7.987356452888505487e-03 -4.558609846881286343e-01 -8.100611954017719052e-01 5.294466855363089142e-01 3.044655485422701480e-01 8.956968529108852439e-02
-5.384076963680205274e+00 7.159392301957275828e-01 1.210598612220445958e-01 -4.623131486813683022e-01 -3.763329869027936536e-01 -1.043533714282060654e+00 6.254013536679885465e-01 -1.132678910624612678e+00 -1.439325510984934109e+00 -9.750292212715782059e-01 8.801823601534130015e-01 6.713570060459071731e-02 2.919366392409473709e-01 -5.624468819105399309e-01 6.570640163526071387e-01 -7.367992355151521400e-01 1.031120454299576439e+00 7.396760063858298651e-01 -7.764739966263928261e-01 -1.734233452685824683e-01 -2.805291999982344464e-01 -9.226966614033333958e-01 -6.444475719981841433e-01 1.705844244744725013e-01 4.117795283220597735e-01 -5.875261774031761419e-01 -1.701452399421275741e-01 1.503580962004176513e-01 6.135430484641327120e-02 -3.432323662583297574e-01 -7.292240189267068518e-02 -1.689570917563706365e-01 5.393852111635164537e-01 -5.869863445837636418e-02 1.229830909954361395e-01 9.590345377649794889e-01 -5.522309171510605408e-01 -2.050491275087579501e-01 -4.065297640654012001e-01 1.462650476172772385e-01 4.501222289337740712e-01 -3.425837682572885790e+00 6.385263582089903966e-01 -4.077714987105218736e-02 -3.321386429049076883e-01 -6.748302581951093337e-01 -6.846313772892215210e-02 4.269953826382530959e-01 4.006359034036821587e-02
-5.291753834172883586e+00 7.136150059306282101e-01 4.131735993198388801e-01 -1.405466598721964999e-01 -4.118846635527751987e-01 -9.369681401349860828e-01 3.597379742516903511e-01 -1.273889488866240871e+00 -2.272705931098925269e+00 1.297646627449993151e-01 1.352569747081056262e+00 -4.626484167174930717e-01 -2.018265195128586820e-01 -7.880049490197804651e-02 9.517241174982937757e-01 -8.245542293177460236e-01 1.257146862962666534e+00 6.426110044442555624e-01 -4.655133446001410435e-01 1.831592328659290836e-01 2.124671981225678685e-02 -5.118711850318691248e-01 -4.732795961085606296e-01 -5.830346306291992464e-01 -2.481072982835445528e-01 -3.275834324270806563e-01 -5.480147197834467354e-01 2.742196431976920423e-01 8.690611015277145412e-01 1.461301192238605440e-01 6.162344641707505621e-01 -3.677719172741930054e-01 1.806388497735514354e-01 -5.309508855292517371e-01 -5.233935158260261122e-01 1.063578651509823558e+00 -3.796735478496411353e-01 4.367712820449237698e-01 -9.423371640033222363e-01 -2.644567364701056467e-01 4.312171113884202822e-02 -2.515754491718741548e+00 1.132126495229663465e+00 -3.685449201343463099e-01 -7.522801407704612364e-01 -6.402340809000344191e-01 -1.459671636853842602e-01 7.690963094763951791e-01 -1.336093191861265628e-01
-5.322529317222624456e+00 7.729780238670452830e-01 3.150033201425592733e-01 -3.558725488758840427e-01 -4.458756131776006049e-01 -1.009174213656301999e+00 8.025228247148117333e-01 -8.922905914931494875e-01 -1.479257742010894550e+00 -7.039854010361809022e-01 1.132752687752406784e+00 -4.263146798784342439e-01 6.555157072384523165e-01 -3.506426880614375574e-01 4.940318206712068783e-01 -9.105730232346379571e-01 7.186232677753064957e-01 1.881700096807134681e+00 -4.899189361675442278e-01 5.387099810748351425e-01 -4.379802027791719621e-02 -7.444125614150882697e-01 2.440036570495556223e-01 2.820983469146910450e-01 -2.078591173891392030e-01 -3.456486845738084290e-01 -1.140055307268626805e+00 -2.076168750437205335e-01 -2.160148452445757594e-01 -1.456835051621601096e-01 4.544613828055927840e-01 -3.057882223600185689e-01 2.836785146155633708e-01 3.108969511895235960e-01 -1.143083732447411349e-01 7.005940264806045370e-01 -7.226279013011538410e-01 6.136760137751938737e-01 -8.260088616212692969e-01 3.555707972710029363e-01 7.368218072812602326e-01 -2.539497062332794819e+00 8.149173770948698881e-01 2.432565582347642752e-01 -5.736223558016757540e-01 -8.451964535197666883e-01 -4.086268485715262577e-01 -2.079548727802349450e-01 9.534870105592219147e-02
-5.160626868066804818e+00 7.247779015585232854e-01 5.348254589262342318e-01 3.424023179089630275e-03 -4.362027695058748877e-01 -9.151835094908491453e-01 4.387890702452845182e-01 -9.483346297230620392e-01 -2.043274141541745692e+00 -2.250615111353723719e-01 1.081123703363381594e+00 -6.771425875406236194e-01 1.729247681097275946e-01 -2.908141083719080755e-01 8.944155056679954363e-01 -1.156284146778841171e+00 1.398284036811603404e+00 8.602612443100515760e-01 -4.898112641002867473e-01 1.585867076883002158e-01 -2.322942501224387613e-01 1.782973837059600997e-01 2.672822425824577519e-01 -2.278980445295502311e-01 1.329674183934443921e+00 -8.504533998183938515e-01 -9.613578932870397997e-01 8.069698507446451119e-01 8.538272612624701052e-01 3.022488247050296728e-01 6.048257468083342303e-01 6.517870478416846192e-01 6.689741776232338566e-02 -2.055608168163669536e-02 -3.800630044270750796e-01 8.186064703853596081e-01 -1.019046344664069625e+00 -2.457002199743159310e-02 -3.081227022055659237e-01 -3.093048118279050906e-01 6.486035618503662725e-01 -2.078381706593814826e+00 4.141091244236290159e-01 2.352302199056835186e-01 -3.690675133729450774e-01 -7.322330285728537724e-01 -4.096633879128636635e-01 -6.584258651631598180e-01 3.133875088801853503e-01
-5.437096011897004644e+00 6.752596166056022975e-01 1.075691996864760691e+00 5.304460561369372940e-01 -1.146686065552455780e+00 -4.478334966955497265e-01 -9.464751199854066765e-01 9.191048282897143484e-02 -2.426129848097382080e+00 4.793583759460088300e-01 1.483122444747689173e+00 7.653467935910993614e-01 6.692057803991653397e-01 -1.034826539943037638e+00 8.800917659206710653e-01 -6.983499007970515038e-01 6.891161736891010525e-01 6.396151961665835772e-01 -6.550190828739548277e-01 -3.755199189943730920e-01 2.461931569425006572e-01 -7.017346466142573291e-01 -1.463421364925971413e-01 1.946158580365918433e-02 1.755862564865653952e-02 -9.991609035298198993e-02 -6.006953591649687452e-01 9.677661625145145274e-02 2.764002024147773073e-01 1.545373395425012619e-01 2.873545958984855542e-01 -1.184609861361340943e-01 2.586682146004107841e-01 2.650659370012070637e-02 -1.214948641681341257e-01 9.664568435763253307e-01 -8.597932878707994497e-01 -1.083828907997920477e-02 -4.211833070650528033e-01 1.956261365357714610e-01 6.381748039931053329e-01 -2.972846072659974581e+00 1.343387867691632653e+00 -3.197379160681203536e-01 -5.906029993463146610e-02 6.211866183148007092e-01 6.944261502684861975e-02 3.907881453209235412e-01 3.561229046669208143e-01
-5.214749310258392612e+00 6.436666899456179314e-01 7.434653397272803499e-01 -5.429728281801415868e-02 3.004386255650158821e-01 -1.275263471432979578e+00 1.218009585364575154e+00 -1.783064880941893859e+00 -1.271764657826596201e-01 -1.843796126090623266e-01 -6.785691196565513117e-02 -1.936767027343360564e-02 1.017244610925226889e+00 -1.125887150587045360e+00 -5.163512384044562920e-01 -4.558459030779830057e-01 -7.521861495041157752e-01 -9.844884533558505568e-01 1.682368870036903274e-01 8.718885761655828515e-02 -1.687045767370213001e-01 4.190131746063479601e-01 8.084761184145160540e-01 4.514067410018844928e-01 -4.144708341471732838e-01 3.030097340728463151e-01 3.545821207839129352e-01 -2.037166630328484870e-02 -1.720906981563085081e-01 -6.879941670687558797e-02 -2.551150252071506808e-01 1.998635886602042611e-01 1.875720740024428568e-01 -2.357415976419176551e-01 3.835294814693461229e-01 -8.218671496666490883e-02 -2.103790360811820803e-01 -3.028260357606949449e-01 -2.514158585565968718e-01 -6.301989775558619611e-02 1.159710998970714391e-02 -2.699957521742112121e+00 7.145199851495480647e-01 9.152436523207418961e-02 -1.053941050518575340e-01 -5.052478885075171178e-01 5.447595905377522474e-02 -3.886946755977538359e-02 -4.929806913407956959e-01
-5.414455479286694128e+00 8.126060504049880118e-01 1.048057392724530912e+00 -1.602482795142730065e-01 1.186411595175283495e-01 -7.337634036566302864e-01 1.371104025015973837e+00 -1.806028263254350286e+00 -2.781075299021165681e-01 4.372176414567365832e-01 2.686138322104666964e-02 3.959956996424086051e-01 5.643360477811973364e-02 -8.961362431320503141e-01 -4.586932586895146047e-01 -9.151951782385397971e-01 -6.522544057056514077e-01 -9.074067169727864091e-01 2.483091326015839373e-01 -3.853026210626253611e-01 -3.528297124793954853e-01 -3.161556973622808853e-01 4.760371910074119306e-01 7.059806019280944200e-01 -1.023432155563896995e-01 -3.990985252484402501e-02 -2.809130930053291841e-01 -8.094913903227043961e-02 3.298293023977522109e-01 1.417154776325063870e-01 1.114933853887206672e-01 -2.228144253671746622e-01 5.418191332309914010e-01 -1.564455341478991346e-01 -2.005139670475060143e-01 2.504739147902169116e-01 2.659749129382535382e-01 -3.528025223414225087e-01 7.417815797072472295e-01 -6.824383322522744599e-01 7.210399083020582744e-02 -3.146798108070007594e+00 1.036514056068335687e+00 -2.645586227662989898e-01 -1.452737625605832750e-01 -6.078697660170768735e-01 -3.538208129633230170e-02 -1.458983808729159004e-01 -3.989898521275880294e-01
-5.600536338360927680e+00 9.310628785006819230e-01 1.289295789542666215e+00 2.910327860645789411e-01 -4.570612952305336263e-02 -5.533852671314436478e-01 2.469564513049021248e-01 -1.199572046022723715e+00 -6.471200043184448525e-01 6.528691068843275325e-01 9.719428819741519898e-02 1.780925093177812224e+00 -8.145253023143214643e-02 -1.539785602700727951e+00 -6.248261347819522582e-01 -7.222561479025174647e-01 -9.346503689648461011e-01 -1.067428871110493560e+00 -2.929157265948012512e-02 -6.525447962582795469e-01 -4.601878026149974765e-01 -4.246175052445490539e-01 8.127787519121961735e-01 8.380123257037007667e-01 -4.798139401597347198e-01 1.578674822452028059e-01 -6.585355028986741299e-01 1.413921800682997609e-01 5.631231982131845726e-01 -2.457988912906165502e-01 2.373444215215191333e-01 -8.889375986722902745e-02 3.106018798357829125e-01 4.914119649655351862e-02 -2.393765499661310581e-01 1.100446313317977876e-01 1.378447756664192836e-01 -8.723077380621725718e-02 7.093782748899207791e-01 -4.815759267998932502e-01 2.741760580299407168e-01 -3.173630880235700058e+00 1.126818956005576133e+00 -3.785941062205614993e-01 2.681673311919262614e-01 8.006623512219346317e-01 -1.835010523743278443e-01 1.054329055540893512e-01 -1.093960458370374367e-01
-5.499677095413688654e+00 7.865315512026954670e-01 8.549594684624246543e-01 -7.874871976572461740e-02 2.255366290311602295e-01 -1.003402903548198388e+00 1.210861640954141949e+00 -1.678808119101207641e+00 -1.781529306682595459e-01 -3.121407712754361574e-01 2.986365584312035137e-01 -2.127444943360925489e-01 6.915605780201090624e-01 -7.838291152452616650e-01 -7.571644253893566878e-01 -8.992565140784715139e-01 -1.133265178079479574e+00 8.470248569600458133e-02 3.730463875253132722e-01 3.311082516203818216e-01 -4.616956159422984096e-01 -4.021537458879001492e-01 6.139938462057301649e-01 8.332962382134141421e-01 -5.768265772060034990e-01 6.130875581885103509e-02 -8.580721058745716112e-01 -3.572511064500787370e-01 -3.661838565679335078e-01 -4.316584110769598470e-01 2.355187077050147071e-02 -5.050018555938329268e-02 -1.117976275968751987e-01 2.810048947856318424e-01 -1.314360813743755962e-01 -3.282754953304425904e-02 2.331481127769526596e-01 -2.988700412482466762e-01 1.905564066364310583e-01 -1.512198819190302690e-01 -1.868157410381538208e-01 -2.713132393090847749e+00 6.837036807627718815e-01 2.006547569227427330e-01 -1.705525319813139262e-01 -8.003928064167400436e-01 -6.128522366742286120e-01 -5.077866052088861881e-01 -3.318915464269407423e-01
-5.211463617066936393e+00 6.635129288754019194e-01 7.120362401223288007e-01 -6.924264319178652372e-02 2.870884790840732004e-01 -1.254470174169317387e+00 1.176944635714560539e+00 -1.957861434951359225e+00 -9.051176535963054159e-02 -3.920935795116735623e-01 -7.974878022684872558e-04 1.059131107606114675e-01 1.105614657280647561e+00 -1.110105056109883970e+00 -3.723558693309616530e-01 -3.022418032365037366e-01 -9.961268791569712899e-01 -9.676875880710530398e-01 4.140729271224831143e-01 1.618818724375498952e-01 -2.084996370434381574e-01 6.442171334164814578e-01 6.880544583699609307e-01 9.164727081747704451e-01 -5.887223547052344852e-01 2.043152333418340461e-01 5.153806409135391897e-01 1.782193898683809563e-01 -1.155730256891597252e-01 -7.280701104377645949e-02 -5.213611496541603607e-01 1.768260490313444677e-01 -1.773425210704937527e-01 -2.185836685897646903e-01 2.097641023926374859e-01 2.250386806770046932e-01 -3.048805658705382518e-02 -3.091222936350425110e-01 -1.538289500402796328e-01 -1.689872133336336180e-01 -4.138674467128086731e-02 -2.440259036102903512e+00 3.906844974879988275e-01 5.198327396530151301e-01 1.311269544948161503e-01 -4.673383040432940172e-01 -5.354010583218835606e-01 -2.496163608002686107e-01 -5.403210326950055320e-01
-5.049450105920944232e+00 8.304383570046044438e-01 5.204977996058992584e-01 8.159604680961440870e-02 1.000664377669884697e+00 -1.370367237232402058e+00 9.307573940182278793e-01 -1.537714402348431486e+00 -1.200307376880770521e-01 -1.797851055795165465e-01 6.345144501039401419e-01 6.115878185619224791e-04 9.834017851786776010e-01 -1.137256821084586145e+00 -2.189078682683222310e-01 -8.650253166786401327e-01 -9.796646545081332258e-01 -5.644904836909556689e-01 5.324866153536422786e-01 3.846873680781489613e-01 -5.265875264513211196e-01 3.988304611930675869e-01 1.046389757111670094e-01 2.296633711850024351e-01 -3.512091280598355625e-01 9.154237084711075445e-02 8.640018412849258533e-01 -5.059409745829385879e-02 -5.551536733239981203e-02 4.935784111136531233e-02 -5.647033459415117251e-01 2.371210689956504414e-02 -1.598306473706466169e-01 2.276726561779823799e-01 8.546214930450662939e-02 2.320145997728123299e-01 4.934188982912670468e-02 -2.765677697942608981e-01 1.385290677456627595e-01 1.028721351806695383e-01 -1.285652416301866496e-01 -2.282764309002127234e+00 4.844712038316103531e-01 4.469867814924431970e-01 -1.021525891239882800e-01 -4.428994924461184812e-01 -4.626903754865170915e-01 -1.766436967586942908e-01 -3.464069369617965299e-01
-5.176784228415581168e+00 6.346202007567000036e-01 6.740077940528117484e-01 -7.966029412015185329e-02 2.869957625792013411e-01 -1.189222276051455252e+00 1.124356375455245027e+00 -1.792682080730950256e+00 -5.098119283813667968e-02 -4.860289078508174265e-01 -1.156759616472433083e-02 3.286343078101967852e-02 1.011968065436703368e+00 -1.110704115748460508e+00 -4.106920673588908555e-01 -4.164393297620234691e-01 -9.286720852098492296e-01 -9.860148094320430046e-01 3.785404980323731072e-01 1.582416796555548288e-01 -1.710775247640043684e-01 6.811858728494508686e-01 5.971336714270688573e-01 8.991693312963694451e-01 -5.734912437174792821e-01 2.180847187602040216e-01 4.452883634229227172e-01 1.251434540040425591e-01 -5.990945598859259702e-02 -9.876224469030286945e-02 -5.106093155869876332e-01 1.292070399336864295e-01 -1.551903302341784419e-01 -1.748754214842641042e-01 1.838668165601960447e-01 2.618941074222422838e-01 6.934834323378046526e-03 -2.923433690946093400e-01 -2.297598511130821697e-01 -2.437763513832605644e-01 -8.325015220191814280e-02 -2.571655303256359382e+00 1.959385800829107627e-01 6.653099310098080643e-01 2.103638013979410859e-01 -3.625147326904011869e-01 -6.195272745682822713e-01 -2.818567750721100995e-01 -4.778394621925490804e-01
-5.702289109531811562e+00 7.280011864465759652e-01 3.638640468731948463e-01 2.105171570011898918e-01 1.407529996406607364e-01 -3.528872090145085960e-01 5.724453876706336874e-01 4.009083215524625321e-01 6.736556381530824922e-01 -1.321019543806656316e+00 -2.431996330340871204e-01 -5.599436404584626770e-01 -2.005396942616228806e-01 2.947153485896427116e-01 1.130397862403338116e-01 1.353003534004555142e-01 3.907446725531436571e-01 -4.563870345824236341e-01 -2.725352506105159778e-01 -5.602639816934504302e-02 -1.219684506272928209e-01 -7.218586917419165250e-01 -9.016207621445581077e-01 5.797159861165492867e-01 2.130386157431987670e-02 1.160114415415905431e-01 3.287349875511069164e-01 -1.484212819621120311e-02 7.810143908543446534e-01 7.960846542746200516e-01 1.191034582614496629e-01 -6.527592364201439956e-02 -4.520833481278206945e-01 4.326319411119967095e-01 -2.231939717751691699e-01 -1.135090483268234307e-01 -1.760707609321575939e-01 5.681131469320734872e-01 2.396140415793113210e-03 1.062493258613511904e-01 7.467371272220710288e-02 -3.378818058131549229e+00 6.019721416549379533e-01 -6.839892763256971708e-03 3.103804712070445948e-02 -4.566250531602423224e-01 -4.179670426005738793e-01 -1.701975547433026703e-01 -3.637560765234789106e-01
-5.613201501908558377e+00 6.049472088908390832e-01 5.678721017559669182e-01 4.878255159576858624e-01 5.492932828967889147e-02 -9.551396490013172036e-01 6.846524189023988072e-01 -8.923967456549514177e-02 9.849436166187818253e-01 -1.453149377538920373e+00 -7.015582691459748554e-01 -4.310843046674470158e-01 4.865197878968335887e-01 -1.981949633863601123e-01 1.508968911893772691e-01 6.200420675775611956e-01 -1.457447730734898750e-01 -1.288539299496571200e+00 -1.274540604072145200e-01 -9.988352173410250390e-02 -6.094211992536485711e-03 1.958947286544077682e-01 -8.200917400719293093e-04 1.706139838385013707e+00 -6.018757670644550029e-01 3.004996197268495206e-01 4.480410423111371165e-01 4.331578372733948523e-01 7.527583718978698990e-02 -4.747835397000730456e-02 -6.328060147715337536e-01 5.054630466126780464e-01 -1.118380919783866112e+00 -3.745876364819439308e-02 -1.538429035125816191e-01 3.620202564727853511e-02 -5.830089086447656083e-02 4.413791915557809808e-01 -1.786206462037677190e-01 -3.336268445890452350e-01 -1.906961909011777034e-01 -2.342179983432219892e+00 5.070181110042835115e-01 4.465240297890407661e-01 2.010660411617113397e-01 -4.489317997795180260e-01 -4.456038649541431140e-01 -2.736126092250729114e-01 -4.442719501438477381e-01
-5.616081453898088327e+00 6.374460040187553966e-01 5.010827687202035197e-01 6.382107529271201507e-01 -7.028055023062868001e-02 -8.887514945132247712e-01 4.448200931325130836e-01 1.320256668989089888e-01 1.105831727427548650e+00 -1.220000784191321852e+00 -5.903347882310765460e-01 -4.775740712788082432e-01 3.723798062792191832e-01 1.849166122062023132e-01 -6.677648095020760621e-02 4.807239892682946270e-01 6.054419955343743470e-03 -9.016291295532512517e-01 -2.610680461803550623e-01 -2.706367970562820746e-01 1.482877103867437651e-01 -2.770453222927348191e-01 9.771180524669856315e-02 1.227628260138331484e+00 -2.946459447520861086e-01 2.410270118516127380e-01 4.802050350799987322e-01 6.349891253518128442e-01 1.827228304718137020e-01 6.134390807182273087e-02 -4.868348760193932367e-01 5.946054610958920739e-01 -1.124125372207562146e+00 -1.519397254529614161e-02 1.517160220797232895e-01 -1.314878010183493096e-01 -2.692589579274507483e-01 7.964700213979796217e-01 -2.426010829149380932e-01 -4.194606192945183332e-01 -3.010060250188051345e-01 -2.802528208274942756e+00 6.622186977941748598e-01 1.872372949382002105e-01 -2.800997736953747541e-02 -4.624344932055364232e-01 -4.404851690752387139e-03 -4.816121508431359111e-02 -3.921751009315547210e-01
-5.879679036054728414e+00 7.088514222532892317e-01 6.787797050384993813e-01 4.728325247058031700e-01 -2.079078559244512681e-02 -6.436241145501231387e-01 6.614810145247693729e-01 3.171435615707587918e-01 9.407280002415642217e-01 -1.426287614066223064e+00 -4.144126133302424853e-01 -7.624910251736286559e-01 4.590725615349289246e-03 1.962691327184408474e-01 -1.404485034714278158e-01 1.384971530296955911e-01 -1.672579186641252602e-01 -1.614467433242866568e-01 -2.093235188085141307e-01 3.373824459566945877e-02 -2.184674261200665879e-01 -8.730194765565955084e-01 -6.923446995996956899e-02 1.591765194193866861e+00 -5.601007677475413615e-01 1.435483854226787259e-01 -9.580489204195080655e-01 -9.505970236491068093e-02 -1.683786202356981065e-01 -4.200930036017339608e-01 -6.036500710842027106e-02 2.615144707363975529e-01 -1.044991792538438879e+00 4.848228572382865531e-01 -5.230750278978659740e-01 -2.058594323910712121e-01 1.742698482755125622e-01 4.851196137846133238e-01 1.213411926840540778e-01 -3.146144424090426273e-01 -3.018422250161925113e-01 -2.646760168022784576e+00 8.455031230277447740e-01 9.523306266481515459e-02 -1.528308016039886530e-01 -8.077855992349438630e-01 -5.613349912087390869e-01 -4.944395846741616030e-01 -2.899003808885752265e-01
-5.984409292974575578e+00 9.090491430228576641e-01 1.115587597306495704e+00 9.270803382869452491e-01 -1.891541057553653427e-01 -3.280436388438089379e-01 -3.316633347108236540e-01 9.466310647881729379e-01 5.094615968696574182e-01 -7.194893302478923003e-01 -3.104976948828339633e-01 1.004636370287720792e+00 -4.449636380164488925e-01 -6.545282439701571864e-01 3.335974722652743085e-02 3.893713250943113824e-01 4.483560201199415785e-02 -1.365647257318695962e+00 -5.171555261415872184e-01 -7.903939182449213341e-01 1.687838936850488691e-02 -8.265265907912378029e-01 6.892501271148589181e-02 1.551441523290530311e+00 -5.196648444103837416e-01 3.175967539312293808e-01 -9.125679571732157047e-01 4.741503520487214129e-01 8.527936848983427298e-01 -3.606377530422241184e-01 1.919728097739964168e-01 2.562014087313445598e-01 -6.869032098389280527e-01 2.647372971028943978e-01 -5.495429201977779510e-01 -2.031032566724988442e-03 1.107673829363185480e-01 7.865948517061354117e-01 6.687605805799907710e-01 -5.535058519721484105e-01 9.320258215439972127e-02 -3.096430732486582738e+00 1.262813547653126367e+00 -4.533159357705213721e-01 3.319248388943475403e-01 8.220174956450958526e-01 -1.320411307611092933e-01 8.450477046766438627e-02 -2.595738000970803858e-02
-5.597484090610530316e+00 7.412013639130931031e-01 3.791412189623282192e-01 4.432039445478133111e-01 1.250460447623852334e-01 -5.198174346530716194e-01 8.129315244923256412e-01 2.926459908173767999e-01 9.994072431740624873e-02 -1.449289140553454480e+00 -1.933323591703905719e-01 -4.067036485401374635e-01 -2.734105821892356403e-01 1.019987273122608396e-01 4.525283133074702313e-01 -5.885195552396903229e-02 1.026473248333358734e+00 -3.437001557723680101e-01 -7.352768495635596535e-01 -1.865990272003677508e-01 -1.865477568459047164e-01 -1.212403001596546348e+00 -1.150337346613182987e+00 8.639385420080285538e-01 7.351343677512052199e-01 -5.596458575432955440e-01 -8.885313810618065966e-02 3.179609286966735837e-01 1.462797204059055334e-01 -1.286565950372917377e-01 -2.621588772592285954e-01 3.165697693012029523e-01 -7.317411556646495896e-01 6.863240068503598246e-02 -3.950078318839185809e-01 2.649910105106392799e-02 2.995744432991645848e-02 2.184630333205726804e-01 -1.728468959645501069e-01 1.166043853320596624e-01 -8.578898289733563609e-02 -2.732922098484658058e+00 2.103695237347933400e-01 3.042395347261547256e-01 4.896387879375296848e-03 -5.593410373344985809e-01 -4.632825614466821729e-01 -5.417684489376423107e-01 3.933450075153763770e-01
-5.843391295596862989e+00 6.412650623243775216e-01 6.004510773949147673e-01 3.437051709350615880e-01 8.352258859499478438e-02 -4.661063564803613612e-01 6.065816137133883679e-01 2.215140262118742986e-01 8.508809231609116841e-01 -1.412797811854343610e+00 -5.694559554829934367e-01 -4.339649247335206073e-01 -2.130603534975039071e-01 2.790433667385999184e-01 -1.819797247758345171e-02 1.976062944723090686e-01 5.767757279837737450e-01 -1.800079639477157045e-01 -3.731732407251534545e-01 -6.378826179758098625e-02 -3.709116611213190695e-01 -1.263303911011608882e+00 -1.604565439186149467e+00 8.424625989565950324e-01 2.053601953663390933e-01 -1.157138747611365925e-01 7.531856093496343274e-02 4.884837563705147351e-02 4.626973869262726025e-01 2.030766779915361697e-01 -1.367615021670629538e-01 -1.919303452019793799e-02 -5.501954378083733221e-01 2.715377499020316665e-01 -1.329397880596504267e-01 -3.904339859002997626e-02 -3.011496324950492243e-01 5.010648663226791033e-01 3.087452535258904396e-01 4.145180175315386073e-01 -1.930723067109222091e-01 -3.548029240126471251e+00 5.768208277364887948e-01 -3.100410215319854279e-02 -2.593744826813110804e-01 -5.097060652948846027e-01 -1.108634420835727386e-01 3.931234613385523602e-01 1.713575382715717965e-01
-5.830670543731399036e+00 6.594505234592612508e-01 6.285075536169386634e-01 4.015743717476774055e-01 -1.798088774383799215e-02 -1.936101841555188385e-01 4.772868560466473897e-01 1.180676790661124298e-01 1.045814483368809666e+00 -1.248430664473914486e+00 -1.086943673225028162e+00 -6.749289964969575895e-01 -8.897585138538119387e-02 4.519584410361100479e-01 1.172556131346309316e+00 -3.480754534657003463e-01 7.280448417100982353e-03 -3.364360152734641729e-01 -6.792102429072292002e-01 1.444424675939468827e-01 -1.083259803223423218e-01 -8.104562655657345793e-01 -1.143661562037970869e+00 6.409340576892946784e-01 -4.092564840721601427e-01 3.534577137943984426e-01 -1.072722315933708759e-01 1.334166195431095436e-01 5.535459942282965340e-01 5.513353209852274173e-01 9.362866112075240999e-02 -3.839218675997568830e-03 -6.697994969438582080e-01 5.207879265852747297e-01 -1.866085495920399573e-01 1.123304976394285948e-01 -2.516683252034910279e-01 2.626477197330890911e-01 3.033914488106915774e-01 2.347101635164564326e-01 -2.057963220646217561e-01 -3.514416430471402730e+00 5.317872639013958569e-01 1.115896877855019065e-01 -3.739116827364851181e-01 -4.315490629475303153e-01 -2.267049778243846458e-01 2.732276880260064988e-01 1.413609305536743799e-01
-5.798823876357075413e+00 7.105133579628110096e-01 6.458241641900148711e-01 4.690097447703864830e-01 -1.573776463180362462e-01 -3.363363339414423558e-01 3.973311286680835663e-01 2.427975887452069603e-01 9.593443524284587243e-01 -1.097357674395018190e+00 -1.165976421647741512e+00 -6.351371640561047638e-01 -1.050132757633884251e-01 4.885323395894424214e-01 1.487401740909053416e+00 -5.640419025865222036e-01 -2.964403691044796840e-01 -5.940163356477698997e-01 -8.214318460182608028e-01 1.125856061830715904e-01 2.870123001361679083e-01 -7.395806866960143999e-01 -1.088385012268344276e+00 6.490657990306976100e-01 -2.722886842958839870e-01 7.738596273679193560e-02 -2.477471762389660825e-01 3.608365532849577284e-01 1.905795899123080284e-01 2.845335141020443812e-02 -4.857509365042539384e-02 -3.938741651648836051e-02 -9.171668912594072021e-01 2.757624789908493801e-01 -6.658168252246687846e-02 7.621166159466191692e-02 -1.810074191738833549e-01 3.724937493449578252e-01 2.793770826320158274e-01 -1.227494603917454741e-01 -1.704918433708440262e-01 -3.479777218423459217e+00 4.703501273465100496e-01 4.863563164519152382e-02 -4.441854257132291095e-01 -4.716294378120826636e-01 -1.009840603078143162e-01 3.461720109989971372e-01 1.516123162827717197e-01
-5.902695441076915017e+00 6.937394051006277040e-01 6.298775103072580261e-01 4.363531647437954852e-01 7.577719733478172071e-02 -3.597824782030634161e-01 5.255433947318564059e-01 4.682463820551993061e-01 9.284663688373758772e-01 -1.397657712359511084e+00 -5.385348447131851346e-01 -6.827420698067599991e-01 -3.938687842804217132e-01 3.149442778455246450e-01 -5.472656449477117380e-02 9.828677727129678243e-02 4.595019132596493971e-01 -1.611383908612290805e-01 -1.931963144795592058e-01 -2.909752943174601092e-02 -2.498988547469114807e-01 -9.679001661443569215e-01 -1.123422811859825510e+00 6.866654790852655399e-01 -2.209460499212466122e-01 3.474199238725413363e-01 1.227684157319908903e-01 -1.188872796378494939e-02 7.738597679689437348e-01 8.640394054298260462e-01 1.067673398401575158e-01 -8.169465163227884741e-02 -6.376174070983635644e-01 4.052060907414850033e-01 -1.959478934836831332e-01 1.239212156717400815e-02 -3.823703614661128070e-01 4.604873491699135180e-01 3.794946755422912155e-01 7.304091760440042935e-02 7.642702644001242440e-03 -3.620325979004197503e+00 4.283564089403362196e-01 -3.168901456548415818e-01 -4.603691392214852574e-01 -4.358730414861104463e-01 -1.422393570209739555e-01 1.854117729764567790e-02 -1.955808776929432447e-01
-5.818686480956982265e+00 5.333185332587707661e-01 1.677503044459549342e+00 1.740691416903923816e+00 -8.550249328986737618e-01 3.781257669153642587e-02 -1.274676633051665897e+00 1.473167259196458190e+00 -9.167748272801294618e-02 3.899341548809352465e-01 1.381291757369044748e-01 2.060605612256355967e-01 1.858098700874021569e-01 -1.205460526047988923e-01 1.891190185931580225e-01 1.201763677937304764e-01 -1.431540526858525279e-02 -6.976608922205768115e-01 -3.019754806963774740e-01 -5.645846574769411985e-01 2.829856041498117203e-01 -8.239879862338699290e-01 -1.061918343728455838e+00 5.321791364971635296e-01 1.707193990191897270e-01 8.706807267395993977e-02 -3.696612960859884667e-01 1.757539251426154803e-01 2.165266344840003077e-01 2.443215698775207112e-01 -1.489482180676056922e-01 1.962770180507734663e-01 -1.097565998417358246e+00 1.530646386460167430e-01 -1.859929484964415458e-01 -1.192816999340283457e-01 2.046909692222521546e-02 4.054863737206801932e-01 3.922812554478560809e-01 1.806938370573678287e-01 -1.751651667632797282e-01 -3.075729083709585421e+00 1.271639015827891850e+00 -4.097991866936405159e-01 -2.419751654208990299e-02 7.330308446047097970e-01 1.565959900748979949e-01 4.299666921590866719e-01 4.784578447410588464e-01
-5.840789440214955164e+00 6.396328954980575743e-01 6.509219860329846785e-01 4.346092409092539022e-01 2.748635423070272532e-02 -6.313426469017564546e-01 5.281508875625966493e-01 2.402425521526603824e-01 7.497518878065665415e-01 -1.358924432135525606e+00 -5.573122680688294972e-01 -3.896382844520746014e-01 -2.209251542346269415e-01 2.415019780808391747e-01 1.392618711215442839e-01 1.801677797493380917e-01 5.117509090595472321e-01 -5.222971298276839480e-01 -5.043706616997327696e-01 -3.302029915412565408e-01 -2.675577960099660979e-01 -1.254033601273966125e+00 -1.639536858694091048e+00 9.094794837212929473e-01 5.125184454254627653e-01 -3.693208709372974852e-01 1.047404431920175016e-02 1.940983741608745539e-01 8.009952619883403679e-02 -4.580815855040112350e-01 -4.530156838733443436e-01 4.795440250469251708e-02 -5.579888224238607197e-01 1.482018571624673930e-01 -2.682871936976344296e-02 1.629558485022838954e-02 -5.223417027162397669e-02 1.909885803835947027e-01 1.832175164810338486e-01 7.802728011679135878e-02 -2.644478924063041747e-01 -3.519123845374636517e+00 5.130874940699117204e-01 -9.774196782688809870e-02 -3.220419175178613758e-01 -5.334641412103164892e-01 -6.093402214500553971e-03 4.227862963810420371e-01 1.291981622665131502e-01
-4.708094079351136330e+00 2.569601807964860818e-01 -6.982026940638541568e-02 -4.892718829474442810e-01 2.712241964082247048e-01 1.016121496429492232e+00 -2.513981806277660880e-01 4.654559855652588146e-02 4.222484063122797227e-02 2.442091702557843969e-01 2.368095597623969262e-01 1.171649379260550905e+00 -4.478788317412002451e-01 -5.510995314484548047e-01 -4.102503692018785730e-02 1.264073701665495708e-01 2.723848896198468039e-01 -1.451267006493396627e-01 -1.784924682768279647e-02 -7.163293787832998305e-01 -1.211793506729662295e-01 -2.277064662670494899e-01 -2.066209518153858393e-01 -1.644327785720014479e-01 -3.647563184097417088e-01 2.607379685513368517e-01 1.259702216165963229e-01 2.919401079042118208e-01 1.095170009461870819e+00 -5.681206465152135454e-01 5.587471051525629839e-01 -7.630538906783616016e-01 7.891448441483394083e-01 5.549755183455239438e-01 -1.337113253750539910e+00 -4.486779012289300317e-01 -8.533725332436812305e-01 -3.492546888053190690e-01 -1.960981954336239452e-01 -1.070946123719582199e-02 5.119431679192515405e-01 -2.942459115854687113e+00 6.795713164923973260e-01 -4.249776972165481559e-01 1.888252202988904838e-01 1.237387875759334621e+00 -1.411772621268019834e-01 -1.064907290537631390e-01 -1.076852370130325504e-01
-5.892959034174293009e+00 7.654546408553944969e-01 9.827486775212277426e-01 7.326437235992258046e-01 -1.267572858602437347e-01 -1.837180628832222884e-01 4.050539857117632647e-01 1.089148929660333609e+00 9.558375740528807230e-01 -1.440240915101847374e+00 -1.459887353282014189e-01 -1.106810338065242760e+00 -1.045448980995071997e+00 5.595973570478756098e-01 -7.527412827959657493e-01 -4.354375014976034075e-01 -2.138849537993092464e-01 1.769875297141184189e+00 7.800212539342542550e-01 6.620806422679087477e-01 -3.111709381261226204e-01 -2.548766426114756900e-01 5.674666512639021665e-01 2.933100211752194542e-02 -6.231674911404434525e-01 2.198049567895837275e-01 -3.320202249599048527e-01 -3.737711673209495600e-01 -2.734556988277374034e-01 -4.647034323439083181e-01 1.230353735757689360e-01 -1.711143904251797299e-01 3.573445726085110463e-01 1.134506984804991014e-01 -4.765936056970657697e-01 -3.485248209636095940e-01 1.855964545248464936e-01 -3.417235781594206712e-01 5.562979300230658231e-02 -1.642055204581397976e-01 -9.468173221011419449e-02 -2.753166898222873638e+00 4.808126145194520085e-01 2.237731224931386875e-01 -2.042835007981340656e-01 -6.665247456506080415e-01 -7.083004808736392821e-01 -5.416883698171938155e-01 -4.105022038110364146e-01
-5.888553970130383064e+00 7.760130057156130468e-01 9.786732475790780317e-01 7.518794069959318094e-01 -7.739971962313688114e-02 -1.509338210335116892e-01 3.506320102621720003e-01 1.084832056977070192e+00 9.878427557014365368e-01 -1.349210908837717771e+00 -1.821484033430103844e-01 -9.628083432325201807e-01 -1.202170525613807106e+00 5.179268641698679954e-01 -7.634861693073456967e-01 -3.937905144692009918e-01 -2.439675952705813444e-01 1.641846198588747585e+00 6.897937769445247058e-01 4.477342797533108154e-01 -2.213371256995131653e-01 -3.163560257434895329e-01 5.931479025122543547e-01 2.760584197948146024e-01 -7.305304414622026954e-01 2.889144635649377180e-01 -1.011858100737805938e-01 -2.196996991427754009e-01 1.793725008802761756e-01 -1.738564193408655145e-01 3.574300563075982762e-01 -4.122480453449507976e-01 4.973822843436395136e-01 5.179660341162101167e-02 6.116593010884335824e-02 4.518002760451201860e-01 1.428560135470860748e-01 -6.667542032107780237e-02 2.018273611416063484e-01 3.073753504012230464e-02 4.408884218129113797e-02 -2.519378317884417129e+00 6.783602205671175334e-01 8.170902869334864538e-02 -2.701682610978913268e-01 -7.099302841766030880e-01 -6.348636760695847148e-01 -5.307335575490813584e-01 -3.943995081864776209e-01
-5.901486739524296254e+00 7.708169462984252318e-01 9.839120430589554100e-01 7.327249211720001654e-01 -1.207409161531421138e-01 -1.482059711171931360e-01 4.291122885122660713e-01 1.117957128614796680e+00 9.839962205444544585e-01 -1.476722514937645503e+00 -1.601237110910775641e-01 -1.124460032947874666e+00 -1.098354506309041856e+00 5.668211086858576664e-01 -7.965115011710134363e-01 -4.575444380570794500e-01 -1.670500658316736164e-01 1.846664278487140320e+00 8.168507463714443917e-01 6.595799979327797713e-01 -3.789251492722814918e-01 -2.651285998530354404e-01 5.820465747976217852e-01 2.169481046838260541e-02 -6.831824708674683055e-01 2.771288178902164279e-01 -2.266853818819791755e-01 -3.859022342350740820e-01 -1.497897882662419522e-01 -3.134204286117898142e-01 1.511263814908770931e-01 -1.989068926385272329e-01 3.862722292955196313e-01 1.160927748215220823e-01 -4.433232522150060140e-01 -3.333171782112753778e-01 9.559385363706361660e-02 -3.571370678027079304e-01 1.178712155640478376e-01 -1.637231294659889369e-01 -9.706434516809001045e-02 -2.637393530070396785e+00 6.149966008470677536e-01 1.161492255412426289e-01 -2.350584075744741597e-01 -7.180167287434628953e-01 -6.851515456629473366e-01 -5.743727974270759207e-01 -4.646371755840978390e-01
-5.676763285143000104e+00 6.163238401740190886e-01 8.189633393057642596e-01 7.501141397167137015e-01 -1.702159721701612671e-02 -3.261131668763527780e-01 1.812407415208531769e-01 1.018109699824314429e+00 1.060873469051469398e+00 -1.177153948366499669e+00 -4.262795770598662992e-01 -7.812689590945948170e-01 -9.687356727864799844e-01 1.631325289513728682e-01 -7.193171102143992579e-01 -1.893869257584214760e-01 7.792540768347340496e-02 7.049864139679614672e-01 5.895895264834202232e-01 1.291878460288301833e-01 9.499484264680010948e-02 3.256272359541084738e-01 5.045356154561287942e-01 2.696013253511135577e-02 -4.679093451485015209e-01 3.304161093238855984e-01 1.635878723988219985e+00 6.957685359968749372e-01 7.265525592206506511e-01 2.194328667996029159e-01 -4.345723279004248818e-02 -7.618190736285812559e-02 5.581004828849849275e-01 -3.148933339022221278e-01 9.084538340563794723e-01 6.917454424954405656e-01 -5.693709136272633309e-01 5.913289556875455100e-01 -2.986976954433354647e-01 -4.136145068469684327e-01 1.015887194925953751e-01 -2.651856159623219966e+00 4.921429197953104406e-01 1.940089213701304272e-01 -1.205761508628437895e-01 -4.163596844187964496e-01 -1.210125501976703766e-01 -9.459684810857996173e-02 -5.578074325424621227e-01
-5.568822692258240892e+00 5.801724913717819510e-01 8.701948144308027100e-01 7.962518279057033688e-01 -2.031230916943571607e-02 -2.981822690577364265e-01 3.239763959713271579e-01 1.055523766563305266e+00 1.008738670004431626e+00 -1.305039058507055927e+00 -4.826141761981016520e-01 -9.393544425308538726e-01 -8.465041938908519636e-01 1.013292197095196912e-01 -6.901675439526711031e-01 -2.062064905128053183e-01 2.054938030851675423e-01 6.629772483254344762e-01 5.908782845111971715e-01 2.908266461983832762e-01 -1.678202109857862556e-02 4.511660712468684165e-01 4.907098708868145032e-01 -3.481398691739943096e-01 -3.594802600815367177e-01 3.652437582811418060e-01 1.531727631563329250e+00 5.070054130506154166e-01 3.510224738234840047e-01 1.464403376581074057e-01 -2.112274670916708674e-01 1.345763351469764224e-01 4.840188506445424199e-01 -3.022414122363730749e-01 4.627001957660586418e-01 -9.636216938426275802e-02 -7.441625771539442935e-01 2.841338458733405625e-01 -4.639535560476655274e-01 -4.885065588834937023e-01 2.016231613366378794e-02 -2.775669490334984779e+00 4.278064518522102233e-01 2.117437972598585905e-01 -1.103490801146641553e-01 -3.955507219346546810e-01 -1.382998818359192916e-01 -1.316746468188736419e-01 -5.929358539328591915e-01
-5.835816563529136580e+00 7.225745297760229890e-01 8.048082915406749027e-01 8.149621785800649221e-01 -5.715517876429254684e-02 -2.182650227910155616e-01 5.817003989373188411e-01 1.031348921294594101e+00 7.547035263435414310e-01 -1.333276781486051554e+00 -2.023315066658772088e-01 -1.043085497470059186e+00 -8.711019890571833901e-01 5.691724731735054998e-01 -7.874261592644481444e-01 -3.836485500553947769e-01 -2.755194732647468503e-01 1.927033081473297216e+00 7.372023841040648007e-01 7.880335687280544121e-01 -3.822385873713500248e-01 -2.438925691473193547e-01 5.981833269589779123e-01 7.025094174048340800e-03 -6.863731050732340133e-01 1.347896168124207983e-01 -4.247739524561651159e-01 -4.660546773331477599e-01 -3.543988195677894026e-01 -7.567334933717549950e-01 1.941802495342283830e-01 -6.728825763190415810e-02 2.925269084664449126e-01 5.652699103272479375e-02 -6.812859174100465154e-01 -3.873162247593583407e-01 4.239678129555451980e-01 -4.101780254233798884e-01 1.244070348444719087e-01 -5.105041536296570093e-02 -1.754367709469182024e-01 -2.493913755613614391e+00 5.762357121174657149e-01 2.780422774711816536e-01 -3.051169886339644144e-01 -7.190375039751349950e-01 -6.837111604080285954e-01 -3.758424104143042177e-01 6.537951072768991012e-02
-5.662998673913664405e+00 6.621486650370932425e-01 9.271756289977617360e-01 7.039438299781362041e-01 -4.238393140539442605e-02 -1.736776547019726336e-01 5.305037540559247589e-01 9.969313232604124497e-01 9.501683186540449411e-01 -1.459696850402060431e+00 -2.638491736029172641e-01 -1.069498752580550605e+00 -8.239931640336105589e-01 4.565419684807346945e-01 -8.537638394331215075e-01 -2.620992917774993547e-01 -1.843347923010928702e-01 1.657356656927031491e+00 6.226785170955247972e-01 9.792769348085424985e-01 -3.790396989369212988e-01 -5.914176550202543403e-02 6.806821357348491475e-01 -8.479986786003347599e-02 -5.612417448438444811e-01 2.279456765318565448e-01 -1.824627281866802453e-01 -6.510528748195515414e-01 -4.109616496824960441e-01 -5.922229211873729637e-01 2.148309009882682363e-01 -8.051343717200754035e-02 7.496908800036873322e-01 1.064850231008625248e-01 -6.477063407779997117e-01 -5.507154465538764976e-01 3.712600937531783662e-01 -1.676318258055535249e-01 -2.461582392515787587e-01 -8.873867656240569390e-03 -2.844407008455009933e-01 -2.464780113478677315e+00 8.004385425898736806e-01 4.112441470833337887e-01 1.884109184349804789e-01 -6.867374227438605150e-01 -9.270398910498081069e-01 -6.587748967080085949e-01 -6.139750108537508355e-01
-5.598783603577915713e+00 6.256766420582785537e-01 1.357222962815788359e+00 1.449993011216915928e+00 -3.258144829964682021e-01 -2.695428823822041964e-01 7.207240351681992729e-02 1.019315040403665051e+00 4.083098186342115632e-01 -4.896846675872112975e-01 2.046739784694193154e-02 -1.645842997504202154e+00 -8.501036898268250486e-01 9.315463718977936569e-01 -5.718075701918375886e-01 -8.754222661129118510e-01 4.403360136043692891e-02 1.522641743806886883e+00 7.793541630760473238e-01 6.582370454189616638e-01 -3.343689378377168175e-01 6.569128029875856978e-01 1.024358416638318614e+00 -2.453674597935013302e-01 9.772122977405670596e-01 -8.625408145118835801e-01 -1.102950062819193500e+00 4.027479308273395064e-01 -2.136672323337270862e-01 -7.001694225904214752e-01 1.001567645910270143e-01 7.968731490931894035e-01 -4.668056375201917740e-01 -6.019413829194447674e-02 -5.488432619585924543e-01 -6.494464141884672692e-01 2.380174440543995629e-01 -4.348695934451104472e-01 6.696856708065729302e-02 -4.224192786328186955e-01 -2.211191103985988005e-01 -1.325090331951201517e+00 5.770472426012691614e-01 5.330560661515241216e-01 -2.225311400255766126e-01 -8.651176132457801815e-01 -7.820272773253702514e-01 -1.003624401756820106e+00 3.834890403659611813e-02
-5.266119556311860350e+00 4.350321871316353839e-01 1.243505734187636547e+00 1.513519917950619131e+00 -2.253858760127619987e-01 -4.195191803227475424e-01 -3.306348902411909707e-02 9.568816783521740810e-01 4.330522680941889524e-01 -3.180012111566212774e-01 -3.020230672600823230e-01 -1.460737407087181028e+00 -5.982533774086356004e-01 4.660544829214556262e-01 -4.654636129734951444e-01 -6.240843185686377748e-01 4.165774702772780946e-01 3.389547136451804277e-01 5.533817012157994375e-01 2.894836936845652797e-01 2.777419033598613196e-02 1.373207474087489333e+00 9.330217127275112210e-01 -6.152021394358782036e-01 1.300914508526498592e+00 -7.744258741209584240e-01 6.554629506261151484e-01 1.295655578113029227e+00 2.871450297559988152e-01 -2.403086563205241721e-01 -2.621970839915209739e-01 1.130356376878693059e+00 -3.690590161711687633e-01 -4.785283253498396339e-01 3.571801860224719793e-01 -4.124914053614547882e-01 -6.017389867366080836e-01 2.064013202309380735e-01 -5.148562045310558499e-01 -7.472027080503234053e-01 -1.038924490968450576e-01 -1.443291054605096768e+00 4.243562540517702431e-01 6.213351057124578691e-01 -1.094956774841003844e-01 -6.155303741556532593e-01 -3.067603934624074102e-01 -6.130097439176365182e-01 -6.316445652880264827e-02
-5.862319978014202349e+00 5.813544165225449367e-01 1.892850705274437439e+00 1.996169529998694792e+00 -9.929565825130437506e-01 1.950792804967764749e-01 -1.391672064963965338e+00 2.026435081317972120e+00 2.930064723555766970e-02 3.422468255940975257e-01 4.004414469793166065e-01 -4.170192665712446622e-02 -4.576386968421529700e-01 1.386396958106745625e-01 -5.531059780754942201e-01 -3.537340965432435036e-01 -7.420517912009730876e-01 1.097177615765025482e+00 4.870893748754588914e-01 -8.771529944318032235e-02 3.017064927999909552e-01 -2.743466532230858235e-01 6.218353652778964014e-01 2.563557798661401099e-01 -3.822512311399549056e-01 -1.002178593717504840e-01 -6.167879568889237385e-01 -1.412427685735554994e-01 -4.619320020349018119e-01 -7.083168984820258363e-01 -1.101071150210040928e-02 -1.867160375910530412e-01 -1.639247856339843268e-01 -7.742763432008786806e-02 2.142140606241978440e-01 2.835214132588937952e-01 4.445326607576925437e-01 -1.306762130460276949e-01 3.786410779872864674e-02 2.769723342369689867e-01 -9.039468090647892473e-02 -1.973016465334427316e+00 1.483872134614908855e+00 -5.657667328649490512e-02 1.037023999653999828e-01 4.389354469728092845e-01 -3.283317676287382247e-01 -6.378369089532878733e-02 2.031345221138322055e-01
-5.650529293026820277e+00 4.216652509809509786e-01 1.733140797001123667e+00 1.994404262719476684e+00 -9.325784601069232460e-01 1.989993465393552485e-02 -1.561063333705284384e+00 1.959712724165216580e+00 1.023313605855904751e-01 5.143037860653159044e-01 1.563102732624606639e-01 1.398374574808008974e-01 -2.242038440148259038e-01 -2.161546394078205924e-01 -5.089369189825477813e-01 -1.493305078324638491e-01 -4.201587882469182689e-01 1.603178311442395310e-01 3.868851244143541868e-01 -4.062617331676610655e-01 6.180384611463041189e-01 3.676366084745123497e-01 5.332230782217707299e-01 7.257492606436821703e-03 -1.196301348262537312e-01 -5.871621361280265905e-02 1.120276577173076937e+00 7.742254665660946999e-01 8.524805630547263591e-02 -3.150276123415572949e-01 -4.118980005997411320e-01 1.493501003910396863e-01 -1.032065870926386630e-01 -4.441175716339311186e-01 1.061501964571733847e+00 5.234665797092142858e-01 -2.676942664166570562e-01 5.273281629625955480e-01 -4.626609487862131109e-01 -1.673797076501217229e-01 -3.289480359517468755e-02 -2.139125103184226884e+00 1.354809715618006560e+00 3.968750309997548520e-02 2.273620687951213304e-01 7.326846504925662584e-01 2.140057671979479492e-01 3.891666475469326980e-01 7.839883424816662671e-02
-5.594027796939423425e+00 7.086130571627570207e-01 2.160013498039161206e+00 1.850942623769475937e+00 -1.105607930233293956e+00 3.049005698989679658e-01 -1.113039512473435799e+00 2.248492047545989969e+00 -2.247012499432449184e-01 4.131589207860862367e-01 3.391939802863920272e-01 -3.247469981917099346e-01 -1.306110083248854248e-01 2.796025350912292873e-02 -4.240275527537690214e-01 -1.498663143962699340e-01 -4.038023605247869074e-01 5.152260045225388607e-01 4.337146125146279507e-01 -4.409806356234094449e-02 6.170546591291742322e-02 1.783306582389692085e-01 5.403930127165662567e-01 -1.785267328194152792e-01 -2.370723061693326139e-01 -4.932693065640803010e-02 -5.145766890644579705e-01 -3.872812799491476277e-01 -8.335319306350766899e-01 -6.185803906855911194e-01 -3.716935144070598884e-01 -1.603113310224768551e-02 -2.438135884450866875e-01 -1.958066237717204783e-01 3.665630208949716140e-02 -5.043224314369046946e-01 1.115548967328516133e-01 -3.342041850036157058e-01 -2.560994699021428289e-01 2.344453779460255738e-01 -2.083726730434986296e-01 -1.741017335217711404e+00 1.635526587251048714e+00 -2.730518612343058593e-01 1.380121571410229953e-01 3.953113564421770754e-01 -2.217130164209055176e-01 -1.566824428178825446e-01 8.018195704974771798e-02
-5.875252747408115539e+00 5.761583571053571218e-01 1.898089500754315262e+00 1.977015044174763148e+00 -1.036297779043048983e+00 1.978071304130951669e-01 -1.313191786713871378e+00 2.059560152955698165e+00 2.545411207857531388e-02 2.147352194941699599e-01 4.224661392312494268e-01 -2.033536163724789514e-01 -3.538226775373877198e-01 1.875339403266642335e-01 -5.861313099391619597e-01 -4.174880201311218508e-01 -6.651342617620653597e-01 1.301995695663418662e+00 6.141463443023786883e-01 1.241304187362885225e-01 1.441184692272224899e-01 -2.231192273326316755e-01 6.107340375632637208e-01 1.992170539708043586e-03 -3.349032605452205158e-01 -1.120035050464717741e-01 -7.422875286971223341e-01 -3.074453036658541527e-01 -7.910942911814197176e-01 -8.478809077529499971e-01 -2.173143863188216340e-01 2.662511511537057896e-02 -2.750348406821042646e-01 -1.313146291018690848e-02 -2.902751216996515282e-01 -5.015960409975017686e-01 3.972705008476700717e-01 -4.211378605276577813e-01 -4.609203777882997510e-02 8.251166973085774514e-02 -2.315478682558600176e-01 -2.085151357118165016e+00 1.414327868780517417e+00 -1.860806914996976369e-02 1.519687122875613694e-01 4.386155829544500229e-01 -3.610994285886237054e-01 -1.093332584119974527e-01 1.491960530519056971e-01
-5.415019654676415328e+00 3.815217978079679106e-01 1.769467472223483329e+00 2.037804102019615815e+00 -9.778674906619941876e-01 6.673775547132571040e-02 -1.423624786736924719e+00 1.957035359493664917e+00 3.573811187655900889e-03 2.024733150479431365e-01 2.766341512460202545e-01 -9.694389907012919416e-02 9.435843369067722919e-02 -2.463005327056272953e-01 -3.755737409765641521e-01 1.141346671222559506e-02 -3.220534826541832651e-01 -3.935406041334187921e-01 6.454979459571544842e-01 -2.595001502757990353e-01 4.722293073241513039e-01 9.885373832716076725e-02 1.025432606487295811e-01 -1.619952137883884369e-01 -1.696567131834929576e-01 3.016729209974496340e-01 7.706882034406937754e-01 1.178605614690833248e+00 -7.800829001840079435e-01 -1.423967911921685814e-01 -5.457469501040261850e-01 5.310581697148616387e-01 -1.860340775333591545e-01 -5.624071101284169316e-01 1.156554399068785433e-01 -5.872231405918447722e-01 2.489180208791097748e-01 1.514979799429291840e-02 -9.083455328524181471e-01 2.268558401854447737e-01 4.798739563841780686e-01 -1.694864518355854610e+00 1.179148416177870029e+00 1.551369863897099632e-01 4.614470741679663757e-01 7.047429098531103886e-01 -1.576190700444191628e-01 4.690099442241596472e-02 3.624845990560884856e-02
-5.542588700142061064e+00 3.855139021787139519e-01 1.784372272126163006e+00 2.040541950908465907e+00 -9.358691720593427243e-01 4.783083247255187631e-02 -1.418327679254810514e+00 1.997126790904207194e+00 5.019656153855259206e-02 3.864186759247599245e-01 9.997567412422524169e-02 -1.824802595545794645e-02 -1.019723651191981051e-01 -2.779579486496739915e-01 -4.797873527208195155e-01 -1.661500725868477746e-01 -2.925903928452242564e-01 1.183086655017127203e-01 3.881738824421313572e-01 -2.446229329981081113e-01 5.062615974009254671e-01 4.931754437672720148e-01 5.193973336524564388e-01 -3.678425091026689131e-01 -1.120104975928898350e-02 -2.388856465554634045e-02 1.016125484748186425e+00 5.854623436198352904e-01 -2.902820290916939827e-01 -3.880201414830528606e-01 -5.796682349013695390e-01 3.601083429008743453e-01 -1.772882193330813927e-01 -4.314656499680819546e-01 6.157483262814129610e-01 -2.646410321704891766e-01 -4.424859299433378523e-01 2.201330531483905728e-01 -6.279168093905430625e-01 -2.422717596866468259e-01 -1.143212069541062192e-01 -2.262223507461577299e+00 1.276197190306753715e+00 5.767701365038380157e-02 2.448069568317576827e-01 7.476190681825181095e-01 1.972505227979483577e-01 3.515080673246994136e-01 3.648542080403428811e-02
-5.144115456807553777e+00 6.248977200767983353e-01 1.694743993147400429e+00 1.950003020105711471e+00 -1.186865175199038003e+00 2.378446219053079735e-01 -1.596483374163917945e+00 1.700511829915985595e+00 -2.123551559806808875e-01 8.183918154449650872e-01 3.328821060868822346e-02 7.073590474984475795e-01 -8.477163808163422631e-01 1.610396608982664624e-01 -7.351797387580974452e-02 -2.082205973145432598e-01 -2.831130280648646025e-01 3.845033844976904203e-02 4.692648862203078197e-01 -5.926980660006181401e-01 7.177380123864274264e-02 -7.968435886604810503e-02 -6.057234466250324134e-01 6.535371788870983356e-02 2.784909920828693153e-02 -5.702210810960461895e-02 -1.308974761224372396e-01 1.977404199126749779e-02 -2.789013877068662328e-01 4.091971594239875998e-01 -9.622106176284414558e-02 1.717222748431325163e-01 1.890900568146841598e-02 -2.990226977123753849e-01 6.549167359119147935e-01 4.497381127801565182e-01 6.477391492350007551e-01 -3.926850927335477914e-01 -6.277073087745399516e-02 -5.116130706640176218e-02 5.687891271770242341e-01 -2.255203266732568324e+00 1.588205935732847074e+00 -6.813395739598133716e-01 -2.252442998338136104e-01 8.114825020667597588e-01 -8.416676749156232207e-02 7.976055597097368999e-01 3.430586765415247208e-02
-5.616489079449955568e+00 4.848477357087512818e-01 1.763061926836159587e+00 2.045894334315212948e+00 -9.386319917862719908e-01 1.235339424461342483e-01 -1.500402667855421202e+00 1.832901813058593676e+00 -2.058663713153696118e-01 5.708297377911033532e-01 2.398532709120380635e-01 3.950501510032583541e-01 -3.027426500272724086e-01 2.121016660947191990e-02 -7.093719033697445941e-02 -1.186703903236866198e-01 -3.185271373660871763e-01 6.163698626047008078e-02 2.895856942245494947e-01 -5.134530931945193721e-01 3.794488778549070518e-01 3.061868603605277794e-02 -2.876235600858750852e-01 1.283766399643569978e-01 -5.828162384485635616e-03 -1.659161139847024069e-01 -3.191946856170915087e-02 1.056820717125443732e-02 -6.034673846022553523e-02 1.323266693703647190e-01 -2.705226331307307719e-01 -6.279225741864846722e-02 -2.909480126765558450e-01 -1.753194344212069544e-01 7.314119717779377083e-01 5.782585855514833506e-01 4.195449427301018996e-01 -2.697489694042028430e-01 9.271544174493873136e-02 6.020943127322986310e-03 2.167475497901969750e-01 -2.179579828937072694e+00 1.784857655266073539e+00 -6.933109766342377966e-01 -2.869531016590047834e-01 6.982640670103685832e-01 -4.343342308927422568e-02 8.120146787659120458e-01 2.033250816812771575e-02
-5.802742345376174171e+00 5.199517462345143448e-01 1.907581384776074751e+00 1.820026407890353859e+00 -1.201854591754991652e+00 6.301287259839994936e-01 -1.349726708439850098e+00 1.497012879349379544e+00 1.522828789605232269e-02 1.003463746824279301e+00 -7.565799292020447542e-01 4.599960647047291462e-01 -4.508634374249724797e-01 2.681357252150330384e-01 1.278672219067484850e+00 -1.033408281908717141e+00 -5.904622952101631350e-01 1.229589054112813044e-02 -6.632089259211682020e-02 -3.942614781500860532e-01 5.686329478853342501e-01 -1.908982944414170657e-01 -1.527475401272978817e-01 -1.760384887777814988e-01 -1.712653543135767564e-01 -2.765448703738707659e-01 3.081358785132533029e-01 2.504628134595193178e-01 -3.319050361833190688e-01 -5.978210487241392840e-02 -3.390853881267501535e-01 -2.427770095416312834e-01 -1.698063915460371054e-01 -8.444611561180964676e-02 4.587201462441806155e-01 5.489068911067812584e-02 -1.087513768936160252e-01 -3.231223000237546383e-01 3.267465539392861440e-01 -2.357404981944427325e-01 1.628250872197749000e-01 -2.231868591953797054e+00 1.916281711326508042e+00 -4.672049686695047277e-01 -4.251302720759603249e-02 5.092067892086452607e-01 4.113520169911205060e-01 3.775134748863545608e-01 4.230569030750208070e-01
-5.871148578089790959e+00 5.535171711689975682e-01 1.885663683535557800e+00 1.859856901289913544e+00 -1.038193898306253526e+00 6.530618712276562432e-01 -1.511233071612907874e+00 1.705076888717505179e+00 -3.183792325256239175e-02 8.088779029315443792e-01 -4.782492371543162202e-01 6.036141619395218871e-01 -7.133637961608073619e-01 2.425089132780078593e-01 5.033217010361845656e-01 -6.506442927076302452e-01 -7.280561332970553190e-01 3.494231659074911733e-01 -1.041350486556623101e-01 -6.289810087712250919e-01 2.242140704559664188e-01 -2.511067269154807491e-01 -3.235579241703391284e-01 -3.430943720956461940e-01 -8.428199095601945912e-02 -6.932486254695502392e-02 5.697635823785729414e-01 -7.990763053664282078e-02 2.555407017533651848e-01 4.977955224757275587e-01 -1.501421433674340056e-01 6.127457619851139903e-02 3.315850920280127845e-02 -8.666483671953911783e-02 4.911694563077491638e-01 6.113023464003511931e-01 3.373748567314791558e-01 -2.754788711534439383e-01 2.361350526258578775e-01 3.564411086470167245e-01 3.898115871933068854e-01 -2.239426012693963575e+00 1.899469631961274718e+00 -4.866354937837131245e-01 -2.611175518549946339e-02 5.250914670328460376e-01 1.863289518465943151e-01 3.635018894233207343e-01 3.036558742334658501e-01
-5.863583863171276889e+00 5.263801845841759031e-01 1.875499716919921900e+00 1.814097935757071234e+00 -1.078862508361671191e+00 6.426577196295858441e-01 -1.508778468926223360e+00 1.633484960434792743e+00 8.491461024699636928e-03 7.757037329465040765e-01 -4.400385234854075067e-01 6.172088470127760074e-01 -5.718349731353145060e-01 1.726862440342883109e-01 5.883371808798235625e-01 -6.360550374241631388e-01 -6.790908384206963966e-01 3.275805080612213538e-01 -8.948710244390845059e-02 -5.581041673049761398e-01 1.117324475810686224e-01 -2.128096218886441626e-01 -4.012476511448703764e-01 -4.339931039282636238e-01 -1.225512803975936649e-02 -7.560886415363066160e-02 6.818287596251229044e-01 6.044738021525122851e-03 1.542314164416240529e-01 4.028302721949669207e-01 -2.030855662759716573e-01 1.052931911327179559e-01 -1.090315425938422900e-01 -2.492812903440722594e-01 2.677142579310851089e-01 1.796939698144100206e-01 1.602094650785963470e-01 -2.708913609127557853e-01 1.458852474335000093e-01 -1.112661158387348581e-02 3.800665121462892815e-01 -2.357339333899069800e+00 1.851612943597161554e+00 -3.978030997739186447e-01 1.863656335544783271e-02 4.968374516671452135e-01 1.937002828875741822e-01 3.774157357528563628e-01 3.550089421580760463e-01
-5.812273613729170840e+00 4.518225310037448095e-01 1.709259592250553128e+00 1.617722138539294807e+00 -8.761133759965148426e-01 6.111846389369766097e-01 -1.272491779861187444e+00 1.308844183991107357e+00 -2.928014307148313344e-01 8.770897866643926344e-01 -7.326901850840669694e-02 6.609412502244452758e-01 -2.514392799635415399e-01 -1.408594110633679675e-01 -8.692595131624455962e-02 1.827434896742638482e-02 -3.580155886935148385e-02 -2.145057524684322037e-01 -2.257012137934463758e-01 -4.304776804821765501e-01 -8.989555325819648113e-02 -3.689627572079947071e-01 -5.588676033342379057e-01 -9.782105435493720913e-02 2.075126666575380641e-01 -8.087809946709778597e-02 3.107469322777040022e-02 -3.155828249312454536e-01 1.931096211539810314e-01 7.115050171850222371e-01 -9.531023037934507891e-02 -1.608704250806866076e-01 -2.791166893851650399e-01 1.229109245175336318e-01 -1.020595804782392646e-02 -1.186094333247045551e-01 5.141369642351586305e-02 -2.059098409047300515e-01 3.775752218442766650e-01 3.731727476383110975e-01 1.840513337248653181e-02 -2.707176731597959574e+00 1.666333774348509156e+00 -5.966190124756571844e-01 3.205282288873068097e-02 5.654523703318240502e-01 1.692415486946369785e-01 8.980951350692112367e-02 2.407044093466504109e-01
-5.700558569898294792e+00 3.333808261055108968e-01 1.834387318457888272e+00 1.905860725809588985e+00 -7.234515555497842421e-01 4.204338716859233882e-01 -1.208038824547993162e+00 1.428383024420276204e+00 -2.720095459056995901e-01 4.798977193850573753e-01 2.240916627705831776e-01 1.954239416630700332e-01 1.770128962610274248e-01 -4.004538276763319193e-01 1.187047506824302767e-01 9.166893778996418329e-02 3.278461807144683604e-01 -1.017750226092648091e+00 -5.923099269005690504e-01 -4.533404328875866307e-01 3.258154379151344537e-01 2.982196743830441421e-01 -3.016443564434191371e-01 -5.030283969338371630e-01 3.214832355006206344e-01 -4.946642758571778709e-02 -4.647000658104785131e-01 -5.689802911475424496e-01 -3.474799791287456197e-01 9.646336572669320097e-02 -9.859928012618590643e-03 -2.843008728161463550e-01 -6.810550706965276535e-02 2.483784834042385148e-02 1.314087327824489115e-01 -1.418392105561405436e-01 1.002260349991362653e-01 -1.061211469732407514e-01 1.419477789655670952e-01 4.107850544096250944e-01 -7.670605270706251644e-02 -2.871149624325900263e+00 1.380961422066694144e+00 -5.650890534139560994e-01 -7.934689166354935708e-02 6.408312051874165416e-01 1.395025052072607630e-01 4.103951003947940990e-01 4.035658921379138286e-01
-5.765227954379713360e+00 4.427922495449031492e-01 1.724722364743017211e+00 1.688959533428986415e+00 -9.379293762178926297e-01 3.523426580374920958e-01 -1.278476535435943751e+00 1.250815281659206857e+00 -3.929088444493821219e-01 9.381333049186098005e-01 -2.679434580968001467e-02 6.321786890510250334e-01 -2.256931198698305108e-01 -1.394743031270331279e-01 6.126615707817481549e-02 -5.017729445863525206e-03 -1.107307004800295175e-01 -3.585526824964562764e-01 -2.661582798836975017e-01 -6.610536874211779823e-01 5.599583842608463202e-02 -3.166988367015568517e-01 -4.768154711986739569e-01 -6.586767168685767060e-02 3.169408155183786602e-01 -1.701927399307958666e-01 -1.571437672170841737e-01 -2.522552321984645740e-01 -3.900849044139628741e-02 3.303432145180974500e-01 -2.289258111279763030e-01 -1.892905296919481506e-01 -4.467438708524986701e-01 8.319612686605279417e-02 -2.335810387896936069e-02 -1.784649874288243843e-02 8.536445737780838650e-02 -1.877798720811465483e-01 2.854312475863171605e-01 1.065105893138711124e-01 5.402213739300085193e-02 -2.808055941784870502e+00 1.557491952952628100e+00 -4.932748350886070887e-01 4.668415043075047066e-02 5.983196481098799202e-01 1.522582679292114327e-01 1.279029080983891675e-01 2.989989367270004528e-01
-5.839688359336827617e+00 5.593245872817336206e-01 1.831875681910788201e+00 1.962748718051043895e+00 -8.793740635291598107e-01 1.810328314694844565e-01 -1.518450578186740119e+00 1.834180886436323821e+00 -2.155267009455529292e-01 5.881258877131221308e-01 3.405282877512173512e-01 1.595412831199809478e-01 -3.211670935368432511e-01 -1.373917694487007402e-01 -1.081700724825539195e-01 -7.860204457433901670e-02 -3.113980913843865661e-01 -4.448263961197099908e-02 2.718009850841948127e-01 -4.602140927924744940e-01 3.209579792521493058e-01 -2.119827457149035255e-01 -3.260383967819946438e-01 -1.113783816166118296e-01 7.450970933053568945e-02 1.406222913928195650e-02 -4.239134795335420397e-02 3.129457144964437609e-01 -2.005163662245913470e-01 9.759827335171318563e-02 4.557336703216390700e-02 -4.950939353978933699e-02 -2.099556097077456829e-01 -3.969628820013825776e-01 5.020973982765977173e-01 4.481018085105815674e-01 3.772667724485583296e-01 -1.272536381358448931e-01 5.112918500742533179e-02 4.779236519526017246e-02 4.178233569054400354e-01 -2.844485463963640548e+00 1.396371601392990325e+00 -5.278522076533682661e-01 -1.073276135451635138e-01 6.700250008624845099e-01 1.016297388532937940e-01 4.282565594554404997e-01 3.100625486113395834e-01
-5.768931941516190598e+00 6.860728704447259796e-01 1.287960743224221938e+00 1.060850421632738794e+00 -1.884672135266064474e-01 6.492001604968899997e-02 1.099535411785667050e-01 1.356253357331096643e+00 5.733679128435128503e-01 -6.154641800895704895e-01 -2.173411773587810847e-01 5.984553215914193425e-01 -1.082002671618798317e-01 -7.736300218216516367e-01 2.892571946508455394e-01 8.809636848615329252e-02 1.014573536161846201e+00 -2.009143913936004999e+00 -8.315321657963079538e-01 -3.438438272555958131e-01 8.029562531093487054e-02 1.136020696722177092e+00 3.366933102938970412e-01 -5.168435292280038063e-01 4.086725077030837205e-01 1.629251030139151069e-01 -5.274624115099503241e-01 -8.194878356708648059e-01 -5.257556163760278567e-01 -9.935085574247395912e-02 2.825402438685403750e-01 -3.409587498398011784e-01 7.037047028469237686e-01 3.520597822646924779e-01 -1.971888224205857743e-01 -3.054175083676238800e-02 -3.802151953003538032e-01 -2.444225789346940736e-01 2.834426183254522558e-01 8.695306502514685287e-02 -1.024458628810656358e-01 -2.905177881271430174e+00 1.327862641493757767e+00 -4.781177995141829284e-01 4.876579454328735519e-01 7.836085267695780399e-01 -2.859591770186540871e-01 -3.023548717027934041e-01 -2.023950071939043527e-01
-5.721419307869003212e+00 6.300012831072138164e-01 1.193478777328892404e+00 9.250133358202359268e-01 -1.199856030344725877e-01 2.874685300232493468e-02 2.850289057647558688e-01 1.112345146433919130e+00 6.272037651111296297e-01 -7.481282830580943122e-01 -3.064392663379340576e-01 4.170737038755016335e-01 1.806960782578730107e-02 -6.352905480470607547e-01 2.106564300476763130e-01 1.354834499024479000e-01 1.116321994718736832e+00 -1.989154954039113132e+00 -8.677496809340967676e-01 -5.730784610452208105e-02 2.738472085082307994e-02 9.913946392713075539e-01 2.106253878992131734e-01 -5.240272083955280769e-01 1.313651993109441751e-01 2.655856739593622229e-01 -3.635687869538442585e-01 -9.523183234545296028e-01 -6.116541095244895088e-01 -1.666378375936605483e-01 2.768924583022095431e-01 -4.563129803660537775e-01 8.670041562379448008e-01 2.969894129784095838e-01 -3.105673940310593739e-01 -4.710170019905132732e-02 -2.499227607893019232e-01 -6.418926156936329008e-02 1.931197470358389512e-02 -1.397991970132976824e-01 -2.571145722386204424e-01 -3.003121275380548738e+00 1.216769683573840855e+00 -3.607698499638775647e-01 4.863209084712094565e-01 8.178463599400467299e-01 -2.840692212634601810e-01 -3.150577477562703232e-01 -1.659306294568115847e-01
-5.322809534117630470e+00 6.090459379568550213e-01 1.182712421237391842e+00 7.615019206742679181e-01 3.150744881588180002e-01 -3.112307333336463699e-01 7.395902720135059116e-01 3.496252360500615164e-01 5.936918455626857272e-01 -1.284279656774083289e+00 -7.825866195940119896e-01 -6.870285322161252539e-01 -1.933887333889132143e-01 -4.532715304644123200e-01 8.035909250007505777e-02 4.057425578767615004e-01 9.037407113708021411e-01 -2.008104355892821324e+00 -1.169232570819157324e+00 -3.551028567053499119e-01 2.405821781527567316e-03 1.193496687624910457e+00 7.261450740587258590e-01 -6.015874592854858482e-02 -2.052586399983497012e-02 5.079705692736741218e-02 -5.311059057993016141e-01 -6.828780753946295246e-01 -1.414554530254025777e-01 -6.946335871684281016e-02 4.622199183010774481e-01 -1.908632171911216480e-01 8.594901347020188487e-01 1.486909007569648944e-01 -4.000644684328053535e-01 -5.222095600974255292e-02 3.517021904498079943e-01 1.003160490773319369e-01 -1.354456320882995168e-01 -2.153756492992061622e-01 -8.472562910760941812e-02 -2.328925921889149819e+00 5.604578694905022473e-01 5.735276644352055309e-02 3.701962005937088351e-01 -6.503547669177665025e-01 -7.188844141969845669e-01 -6.634477504329102659e-01 -3.278249014594540323e-01
-5.588441437740184980e+00 4.428621537083893278e-01 8.063102307545733094e-01 7.349579206433127787e-01 1.343098792231748884e-01 -3.725499460294963150e-01 6.319902086939335195e-01 2.539032245074980265e-01 7.185325782124248883e-01 -1.478528407282756696e+00 -5.536754825603705799e-01 -6.322553766712872836e-01 1.000423031807728957e-01 -2.284291643457602716e-01 3.753391504222534092e-01 5.377161990151806403e-01 8.453594172033674914e-01 -1.834908730941323007e+00 -7.112746331305777048e-01 5.982836800467064564e-02 -1.902473866375323230e-02 1.244828928678634483e+00 4.312292425140976798e-02 -2.987400963159548284e-01 1.190304909793508947e-01 1.311393944655307453e-01 -9.102378922517877224e-02 -8.238230670528818855e-01 -7.451926040481192670e-01 1.098412190559620583e-01 -5.589746407549703311e-02 -4.141196295925755333e-01 4.495334712424944312e-01 9.356765729934796161e-02 -1.309446852012091933e-01 6.851232858221825706e-02 3.829263951002100375e-01 -2.038842284687729378e-02 -2.256564252926692715e-01 2.285193197054666558e-01 -9.687990322396200504e-04 -2.980084682442479149e+00 7.189121432560896530e-01 8.088254112645743010e-02 3.144763437174247223e-02 -4.450964360619401594e-01 -5.074522006784252248e-01 -1.524856048091788874e-01 -4.790624668533965957e-01
-5.582629347682768639e+00 3.993707814305833548e-01 7.704207396540991848e-01 6.233520965167027583e-01 2.857792015348167292e-01 -1.746274086542387582e-02 7.479922515593844246e-01 3.319104587012337571e-01 8.029229915338454981e-01 -1.462405112012056918e+00 -7.076830196271911566e-01 -7.280008511112358027e-01 -1.017964526373268119e-01 -1.619652917211412135e-01 -4.494612010915136069e-02 2.925209148218211874e-01 1.009018315653769315e+00 -1.143530165946639254e+00 -9.277345212487755344e-01 4.047549048058046717e-01 -2.292266275259888797e-01 7.996143794480676803e-01 -1.694799847881707511e-01 -6.627406853185999758e-01 1.252372151469594574e-01 2.338536797108447529e-01 -8.550512820391964475e-02 -1.319964487769196060e+00 -2.571880903703422927e-01 4.427300747737838993e-01 4.810992278312008485e-01 -5.251478031465690588e-01 1.054125765069148901e+00 3.518578828947069859e-01 -1.837560231103028130e-01 -2.112549950834917978e-01 1.560495325049197565e-02 1.107690171819000480e-01 -3.383285511991063199e-01 5.403221897648478045e-01 -1.635522321011530777e-01 -3.108603932490199284e+00 6.683792759823083962e-01 1.430191303329058639e-01 3.552092948643730264e-01 -4.630894337828428964e-01 -6.302244987106235818e-01 -3.247041863359904634e-01 -5.420812453062212599e-01
-5.642516510673234897e+00 4.915919752223563144e-01 7.968311661162654769e-01 6.868718437975593893e-01 -3.892184794549852223e-02 -6.226722460708689066e-02 5.240639922287391173e-01 2.584493292697255806e-01 9.482256097076519064e-01 -1.223933408907217579e+00 -1.289544792857486133e+00 -7.451559654497742491e-01 -1.070949980341735774e-02 9.119127230806775564e-02 1.514679177776450114e+00 -5.337949100473464714e-01 2.966894361485468146e-01 -1.500331854486280481e+00 -1.363390441609511949e+00 2.442636141044619846e-01 3.189321685091814906e-01 1.034975967951427211e+00 -1.251562420093814409e-01 -6.368024191966640268e-01 -5.598131334827438632e-02 4.719650438502848155e-02 -2.639349052654072492e-01 -6.701110564214529663e-01 -6.041371513107219871e-01 -5.316634827949206360e-02 2.344255302858545553e-01 -5.635030422060505195e-01 5.415543211578930372e-01 2.316086822941263168e-01 1.699887739441351964e-01 1.563795603122505873e-02 -1.006641733889749313e-01 -1.097197900917672442e-01 -2.281154918838441681e-01 2.129802729811317297e-01 -1.738021324839113257e-01 -3.126890761788561512e+00 4.745644224051877025e-01 2.188113712728708415e-01 -6.989378350332930978e-02 -4.907785188498653417e-01 -3.493422375669605340e-01 7.088540494148502791e-02 -6.169766479396629477e-02
-5.326903102227437792e+00 3.563390036321911758e-01 9.602720621979676796e-01 1.029117586028595266e+00 2.445060844828367275e-02 -1.190346488662397950e-01 4.523835738223883074e-01 5.812363661786057456e-01 -3.177490352809817509e-01 -6.188255561441693420e-01 -1.474270042777265088e-01 -1.176788777225883154e+00 4.317906042031091629e-02 -1.324061711554249121e-01 6.575340406789723646e-01 -1.007719335010436174e-01 1.710771019935126480e+00 -1.465679598433016650e+00 -8.602719175848491107e-01 2.102671470937461373e-01 7.099732220664123350e-03 8.861145046048237717e-01 -4.357813840058155641e-02 -7.705325533477940247e-01 5.519329140287967395e-01 7.717592583848370547e-02 -3.260662427390218499e-01 -4.118738377100071846e-01 -1.480626830035736696e-01 1.710116561665926405e-01 5.361861975769988131e-01 -4.644347015637761977e-03 7.956610696889242496e-01 -5.565644133173122121e-01 -3.260985449891754540e-01 -3.080104926561453293e-01 8.674350395165112415e-01 1.123156254822114120e-01 -6.826403041409382366e-01 6.336327124214016782e-02 1.092241830046030288e-01 -2.182088008176163108e+00 5.332327270898820082e-01 2.816930137803390632e-01 3.026089792200825634e-02 -6.276294394586174885e-01 -6.012519079779974351e-01 -6.513248294382116832e-01 2.313504090227484489e-01
-5.662379115273141750e+00 3.143971505183160708e-01 1.828510046385799059e+00 1.958553515931096278e+00 -7.365691345261360379e-01 3.118816860258918355e-01 -1.147943769491010180e+00 1.488818999720976866e+00 -1.027962254488200000e-01 2.633584203687358571e-01 1.456080452715993734e-02 9.604175983196595878e-02 2.801136460473733214e-01 -5.178871198861736413e-01 2.163964554605545820e-01 1.504233603329062918e-01 5.788143999844412857e-01 -1.603976411059087503e+00 -8.439340762876285096e-01 -4.329066495555508043e-01 3.149054725228251916e-01 9.505686684135716824e-01 -9.868957346949316922e-02 -7.536890817301979961e-01 3.870267699667993000e-01 5.687861432219626368e-02 -3.858490251124295778e-01 -8.551936845637952977e-01 -5.781901067390297078e-01 1.627018701878242546e-01 1.340524058686743125e-01 -3.278386076387886372e-01 3.611552139999418820e-01 1.089108419492936519e-01 5.057750797016064004e-02 -1.798554054974650651e-01 1.008123427071336842e-01 -7.672716571604493163e-02 -1.152113190680040811e-01 5.164235704302450047e-01 -1.784754558763470833e-01 -2.731076348691023892e+00 1.307560688886140632e+00 -2.550374403706580639e-01 3.131691752241752003e-01 7.073418904700684573e-01 -1.515796714738907869e-01 2.120973318108138050e-01 2.221357159208093290e-01
-5.385909971442941035e+00 3.639154354712375028e-01 1.287643508447272600e+00 1.431531482973249059e+00 -2.608583847955525670e-02 -1.554683267694074722e-01 2.373204207396806820e-01 4.485738871689435303e-01 2.800594811068163326e-01 -4.410614667126454558e-01 -3.874379368571476689e-01 -1.346447621299757147e+00 -2.161673662420643127e-01 2.261253116849558653e-01 2.307201952078790641e-01 -3.075108856488836251e-01 1.287982263106943526e+00 -1.383330362915619505e+00 -6.787262575139605403e-01 1.011999771271224480e-01 -1.635819345421141713e-01 1.830600698733789056e+00 3.149348056055616407e-01 -1.001048712063407509e+00 1.699142328252586598e+00 -6.936586951432155423e-01 -7.465115592345006323e-01 -1.450004500706013888e-01 -7.630478913367710891e-04 3.104133553503526932e-01 4.515235567785228499e-01 4.424094263390297987e-01 1.693844171618543171e-01 6.184816656753613917e-02 -2.079906322887802861e-01 -3.277057786884306489e-01 -5.844071408613672053e-02 -9.045889863349734772e-02 -2.150714208516757431e-03 1.149262206656850860e-02 -1.680466980190860327e-01 -1.813832292435958449e+00 3.740321026865571774e-01 3.467268557116128802e-01 4.220568669892799107e-02 -6.759031379519494509e-01 -6.335592695347045389e-01 -8.454819641813412501e-01 1.582559471582024591e-01
-5.804309014127841948e+00 5.446467356589169695e-01 6.892666214050293672e-01 5.811913803140380530e-01 1.079211350867543828e-01 -2.658090737111634683e-01 4.464579468138603624e-01 3.548628490585554740e-01 8.330833089732196939e-01 -1.089083136745818692e+00 -3.211709795974627690e-01 -6.742765052814821969e-01 -4.928585595250112306e-01 2.776721071974208033e-01 -1.867825213613158730e-01 7.090109708499520158e-04 5.263852998422516860e-01 7.486787861775044683e-02 2.361353866705190319e-02 4.006398469765332093e-02 -2.607820565831524551e-01 1.583865718825361313e-01 -4.448088660270923533e-01 -7.070385701245518462e-02 1.633134301770879926e-01 -2.262667149642511033e-02 2.979709474809644765e-01 -6.391747314556792126e-02 8.297230223995866183e-01 9.846403115476957124e-01 5.112913826159417446e-02 -1.408913371110146473e-01 2.525463022421237103e-03 4.211153922028924024e-01 2.656005511713110945e-02 1.577875590024742092e-01 -3.435370881416868749e-01 -1.002891431365107583e-01 3.343512322996989861e-01 3.855613710021002505e-02 1.473110274640848649e-01 -3.117729207783185519e+00 6.163659920142094961e-01 -2.394727702004637027e-01 -1.713835517272579989e-01 -5.319156526323182144e-01 -3.604019470526217961e-01 -1.689463277936116281e-01 -4.522106141404085844e-01
-5.788595246893756929e+00 6.618554169789782060e-01 8.995386731967902616e-01 6.020125563617177988e-01 -9.160897892423883193e-02 -7.038940746490052192e-02 3.258052259424070729e-01 7.404267674543886235e-01 7.652493806520145325e-01 -9.201691762022837784e-01 -6.897660350287561082e-01 -4.684054329009667561e-01 -1.356544994241962732e+00 4.025898137547813116e-01 -4.186566887567080286e-01 -1.834336296001059519e-01 1.786792313142374355e-01 5.941346010571660896e-01 2.415987099062908428e-01 -6.772716772395806495e-02 -4.837647024666394957e-01 1.487721552903101263e-02 -1.158556192978532351e-01 -3.009314832274141704e-02 -2.311437592540274699e-01 2.570327852483620945e-01 1.067500002880957588e+00 -9.843592181714388989e-02 5.399381657498247833e-01 8.613513890044358634e-01 1.629327917352646760e-01 -3.883637473863754130e-01 7.503785176130682855e-01 3.210034113365378694e-02 3.517647469730697529e-01 5.917890615713397029e-01 -4.947596677930735098e-02 -1.927416940244948973e-01 1.642442071611666388e-01 -3.734574369656584736e-01 3.587893187314304955e-01 -3.199737266455437101e+00 4.281322767351012359e-01 2.049527048793353678e-03 -9.693855526594274963e-02 -4.122928845635879247e-01 -4.015155537494107807e-01 -1.865886866170726188e-01 -4.902626196083524901e-01
-5.776704169315784121e+00 6.431608955951545470e-01 8.522597949119756766e-01 5.579973071508916860e-01 -1.269373557969744049e-01 -6.912513745321119396e-02 3.803874271100999294e-01 6.135666682629514757e-01 7.721549769075212177e-01 -9.828125539108031328e-01 -6.801518544555783530e-01 -4.393149968840395769e-01 -1.289140246083677388e+00 3.007322495786003969e-01 -3.136732103274073591e-01 -1.953929485467122695e-01 2.181103167425244849e-01 5.161254816348813668e-01 2.739361298537558165e-01 2.126164750445719287e-03 -4.432164260427793878e-01 -5.031992347783179054e-02 -1.616136168279324603e-01 -1.709165906222294140e-01 -1.275497350055089241e-01 2.707146902815398826e-01 9.948630964536193666e-01 -1.840948331481338240e-01 4.719907407318278958e-01 8.640165858453608960e-01 5.425230819449752134e-02 -2.472876790744640285e-01 6.183921307073452223e-01 4.657357986914129055e-02 -2.589218821965083572e-02 2.283313522891544101e-01 -1.649723592208529599e-01 -1.983743294278114411e-01 1.116360449149255141e-01 -4.384171987152353234e-01 2.361003954006209993e-01 -3.299223571831799262e+00 3.627073586727982413e-01 8.774759868930614992e-03 -6.474655387077998814e-02 -4.301132242147856499e-01 -4.388399631430703329e-01 -2.162802286604065261e-01 -5.007320278874085595e-01
-5.317563233511702236e+00 3.604338269267656214e-01 9.002523788540883753e-01 2.181266358181290776e-01 2.768482568635808327e-01 -4.910496417293838123e-01 9.364758164314421762e-01 -1.451384087425887204e+00 -5.066652833632355746e-01 1.436598356563806078e+00 5.892368300428935113e-02 3.760034121240188876e-01 -1.196240942403168583e+00 1.631918163055865234e+00 6.400932447471909814e-01 2.138938255935365351e+00 3.931594836543988447e-01 7.466535332085213472e-01 1.508288500214716166e-02 7.451632102162093485e-01 1.829537084931089908e-01 -9.214187105163168523e-03 -6.748282621792566216e-01 -5.981647098218449976e-01 -6.995933775786628006e-02 8.556647532734282802e-01 1.623217598151248109e-01 -2.979395533179299282e-01 6.621374641934414385e-01 1.370125336739442257e-01 2.988796410829185346e-01 6.494642327479838162e-02 4.241536275339896633e-02 -3.619409727684080869e-02 8.315417136613612037e-02 -2.977323439156985829e-01 1.449514776483730727e-01 1.582243091409420155e-01 1.897470141326320636e-01 1.576344258459441705e-02 -1.547282871798429660e-01 -2.683144100710038504e+00 5.926908623060298531e-01 -7.881677420594248584e-01 -7.602056265921164346e-01 -4.870927009435794819e-01 1.358262905314761015e-02 7.940000776523521431e-01 -1.419317625437866714e-01
-5.467609993572922100e+00 6.094783188838418519e-01 5.448100550833918643e-01 -3.085559557420085586e-01 4.056506511541074778e-02 -2.634147274252267579e-01 9.991164496018642982e-01 -8.878826359601330598e-01 6.224659187385728210e-02 1.489681476749291633e-01 -1.949825352843901627e-01 6.214713697715238405e-01 -2.057438264380064830e-01 3.808142369149221107e-01 9.370820577002106910e-01 8.851927166103635836e-01 8.768017728467931704e-01 1.947015457645776548e-01 5.013860454372517372e-01 -2.887489838675798004e-01 -1.627851406783925592e-02 -1.141849409716250596e+00 -2.762486910400689943e-01 1.642267633372748170e-01 8.597662834533210674e-01 -6.955446418132849029e-01 4.286574007886393978e-01 -1.733130797354789643e-01 -2.855573023331386961e-01 -6.220570608705847659e-01 -1.983384714973338847e-01 -3.552227750301527598e-01 7.149599556157417712e-01 -1.807364348955841082e-01 7.337609698874814068e-02 3.022683067781932742e-01 -2.217572468094148319e-01 -6.104671082196588827e-01 4.801124237529048044e-01 -2.460662616543241588e-01 -3.643043330935755164e-02 -3.455937692693413776e+00 5.070085835468964852e-01 -1.468852598795211684e-02 -1.920049689704612650e-01 -4.749363065593508182e-01 2.314832172934783161e-02 5.445890495319882785e-01 7.068615433097338863e-02
-5.666086803934132554e+00 2.871569066423721450e-01 6.643754807033726006e-01 -1.750445331584884467e-01 1.877602055032968620e-01 -5.836437916535270887e-01 9.152226790264164080e-01 -1.433925326947942391e+00 1.160470037227595841e-01 -1.834840643139706851e-01 -4.703746903951951941e-01 9.466524209815868618e-01 -3.904856943273467274e-02 5.267322515001471306e-01 9.039823516707250484e-01 2.087597642185345492e+00 2.988466195308565609e-01 6.991071266853046140e-01 3.653440942593649821e-02 -3.840528167931189230e-01 -3.753786626155161676e-01 -7.659230256418929628e-01 -3.259999398856918695e-01 -1.535406207967086600e-01 7.644460439067461976e-01 -5.149777907450802106e-01 2.503705775319673976e-01 4.660792194214970902e-02 -4.775602170466075602e-01 -3.682642874190605875e-01 -3.562929176902814854e-01 -7.973322156071038780e-02 2.751716514666743274e-01 -1.407236939032532885e-01 2.243601244364384351e-01 1.874886084699289857e-02 6.899070237284649076e-02 -5.055697822849488654e-01 2.747468878462618336e-01 1.683958074682600226e-01 -3.136476577218752504e-02 -3.550246886853650974e+00 3.633641533201523721e-01 -6.162039904013261182e-03 -1.353255303528680953e-01 -5.056279707564836912e-01 -1.103040132258654160e-01 5.522353639320702889e-01 9.607358893641829156e-02
-5.557939596238258062e+00 6.463648670188112400e-01 1.048740080629432692e+00 4.885600894408219652e-01 -1.114810677829698005e+00 -2.420714261439857462e-01 -1.043045604428205264e+00 3.154904042613052573e-01 -1.997786121368927414e+00 5.469561571621563978e-01 1.128811185538306505e+00 9.957715053503893854e-01 5.474538626865657065e-01 -6.418585433162296017e-01 1.475283389121571753e+00 9.840352606795019774e-01 7.369372679715507912e-01 9.159073444826575372e-01 -5.107730928845296559e-01 -2.914095170986059080e-01 4.132592764914400640e-01 -6.803535369858459969e-01 2.809709269947752719e-01 -1.288148827532487051e-01 8.558814219439259130e-02 3.112375741778511395e-02 -4.112951721764847024e-01 1.145561970175792421e-01 -2.242477766255496219e-02 3.838602303152342105e-02 1.885523555903553250e-01 -8.015805851769186585e-02 -3.305926230359190754e-04 2.602123781298343319e-02 6.564090373735415040e-02 4.856483454721318704e-01 -6.448555967965737823e-01 8.625598610879703365e-02 -1.286691266686329493e-01 3.023085325837584492e-01 2.863941841097454866e-01 -2.911650903300229576e+00 1.310527300388746763e+00 -2.731177612854489012e-01 1.471222688291349279e-01 6.928341434815543654e-01 -8.714380195053827993e-03 4.646372312671321891e-01 3.889198601231190211e-01
-5.058085574867480005e+00 4.282875244971048323e-01 8.043362558457698430e-01 1.157942852047058047e-01 4.159296039978442883e-01 -8.294956337604270091e-01 3.871617218597016019e-01 -1.039381495967841795e+00 2.670254335572347371e-01 1.984848036314062480e-01 -3.726280889549689057e-01 4.191924394199219583e-01 1.260195940071324516e+00 6.040125157743596596e-01 2.899273601950819179e-01 2.270398420843976695e+00 -8.690606363053160477e-02 1.133674643008887539e+00 3.856256743213142268e-01 8.434678471896464580e-02 8.659995030243159420e-01 2.519535487015917008e-01 3.421347253855889781e-01 -6.179102760427609420e-01 1.273702237388786851e-01 -2.286042611355232901e-01 8.350555785562217004e-01 7.457036178389481185e-02 -2.714082299229081952e-01 1.037405281326014839e+00 2.280358239928285957e-01 3.195591705928496618e-01 7.804330974549439359e-02 2.011083922986876549e-01 2.882956523581138852e-01 -4.208092009484314389e-01 -1.754896101822917276e-01 4.600043745752944169e-01 6.750420651666511063e-02 9.968823330028993013e-01 -2.001286102874402506e-01 -2.068784040237588329e+00 1.156899786545853903e+00 2.789736060252475669e-01 -4.190588241528002134e-01 -6.787822053539380729e-01 2.706926555879429763e-01 7.567134783701764400e-01 2.340676003229693047e-01
-5.407522241007892028e+00 2.950815995953961490e-01 5.390151871430026720e-01 -3.958736348111946413e-02 3.824826975762570802e-01 -9.185730575998650727e-01 9.915314079689365734e-01 -1.432419517678179988e+00 4.638172840918212136e-01 -5.670086177290351026e-01 -3.165189701700635849e-01 5.803926668568516467e-01 7.513753838721385359e-01 1.180490172009653616e-01 9.383931741308290109e-01 2.518683495229288916e+00 -1.292218150906393193e-01 3.769006325427854895e-03 3.855086293655003438e-01 -1.484416677870554202e-01 1.370454659385061391e-01 7.910714567156797994e-01 1.263716611446000559e+00 3.675991229327213450e-01 -2.674959976845830978e-03 4.364843633639042819e-02 2.563637163763517468e-01 5.476881423036146224e-01 -2.402906548810030407e-01 -1.011418538238948173e-01 -4.242013319424804418e-01 5.702809182916531716e-01 -2.950940192463110123e-01 -2.977813839122894768e-02 1.357578510701836216e-01 5.206429247252893078e-02 -1.516528125688288153e-01 -3.102308794826463267e-01 -6.321585277528463109e-02 -2.048297810172281519e-01 3.719051965643443980e-02 -2.081574421059675828e+00 6.128700517720266916e-01 1.954975948609952996e-01 2.898639030931972060e-01 -6.035966675629864664e-01 -4.548177777174214342e-01 -2.024033597463230083e-01 -5.564490076395400830e-01
-5.668871610976284003e+00 1.419587869613426756e-01 7.081778532301188367e-01 -1.744092853068663906e-01 2.452745671836069619e-01 -6.204312521460952912e-01 9.100615699163416839e-01 -1.313899820676917241e+00 8.089988248342486199e-02 -1.060522756334489891e-01 -3.668570138171468598e-01 9.033896121685203173e-01 1.144657412980054911e-01 5.928808226906915335e-01 9.751815812594371025e-01 2.112817151286788153e+00 -1.288564900996071703e-02 4.752915560201095291e-01 9.014487835782203362e-02 -2.723537495104532136e-01 -1.576735788274269690e-01 -3.671660819951035326e-01 4.598705111607173102e-01 -2.516415457242957565e-01 3.709236133784908906e-01 2.070642889630835981e-02 5.337973518582657395e-02 -5.355896036418764800e-02 -1.874623968833885046e-01 1.757447334722708476e-01 2.144524032100082744e-02 -1.127795206047574883e-01 -5.584074459818424985e-02 -9.209088026559975049e-02 -9.076856095024327109e-02 -6.086804135457529741e-02 1.234287496009296575e-01 -3.126677520944139976e-01 2.901791830578129283e-01 -1.365240374039256022e-01 1.753196389460767723e-01 -3.483169837451517648e+00 4.520974595311941790e-01 -7.746371844961214004e-02 3.160067574516476352e-01 -6.028017998109829190e-01 -2.347154813801514694e-01 2.956478902452753799e-01 -2.089789009500265804e-01
-5.240548053194156175e+00 1.031831788361379232e-01 9.052368103712116199e-01 5.321914388365041049e-01 1.205912354155791455e-03 -7.072030279192611513e-01 3.601069243215345161e-01 -1.561473885334620393e+00 -5.445056573084828822e-01 1.450168800305955852e+00 8.315018237604122897e-02 3.891870480759821449e-01 -9.299616306961691059e-01 1.337359953272334145e+00 1.053693834336559831e+00 2.099636527441923750e+00 3.830983488154500738e-01 3.180729066874970479e-01 7.023567743402480135e-01 3.075773880731346166e-01 8.030381931913790905e-02 -2.313945575735835702e-01 -2.262181962362550813e-01 -9.824019028189224789e-01 2.065477309542519957e-01 -1.851867295994352736e-01 -2.064979651283414541e-01 9.959877263623714838e-02 -2.036606910577563045e-01 5.611204610655197156e-01 1.038561125056841755e-01 -4.967107569194106897e-02 -2.841345577289320357e-01 -4.722739879152869080e-01 -3.157551762218721025e-01 1.978841968517194849e-01 7.123230586644907492e-01 2.306824967302888163e-02 -2.653026897090764447e-01 -3.265878784760991582e-01 -6.384454946245678997e-01 -2.728564810180894806e+00 8.106568017357704825e-01 -4.697998216264648863e-01 -6.464532827268133497e-01 -4.713245948045115541e-01 -8.079695710682938126e-02 8.805243648215063113e-01 -1.736083849335830487e-01
-5.421771676324601330e+00 3.002539014338428958e-01 5.650340405418459166e-01 -4.511729258211394367e-02 3.196632433643948890e-01 -1.008642691282537029e+00 1.007236848740789004e+00 -1.533449037661011038e+00 3.862946832219967819e-01 -5.500567914533174285e-01 -2.929177368896545008e-01 6.188185103685490684e-01 9.500637695968774388e-01 -5.016866522361257408e-02 8.499050253263292776e-01 2.379517957575739473e+00 -3.440556149752793669e-01 -1.654041574131129011e-01 4.939670928474800826e-01 6.694263975411091083e-03 9.896794280641749153e-02 7.565361962687977559e-01 1.154623137365392349e+00 5.740588419199837977e-01 -3.979051172049691831e-01 2.133610328045820181e-01 4.960118586123469231e-01 3.205559230266318282e-01 -3.657969652066691557e-01 -7.994883720834083940e-02 -4.731209973006905711e-01 3.762794620197734696e-01 -3.287586741316328998e-01 -2.927373911819872165e-01 1.667460411813075916e-01 1.078564416102636841e-01 1.145337668340193349e-01 -1.408327731776919112e-01 -6.184977726821960786e-02 -1.441891018758021392e-01 -5.010777057724566386e-02 -2.369471476757342820e+00 3.436374460029649747e-01 5.792934356287261499e-01 3.465607295775374741e-01 -4.011204262151347177e-01 -6.169731004421785681e-01 -1.771235818374917725e-01 -5.235951507415074202e-01
-5.608525747701463615e+00 2.979621431334402715e-01 6.166899360142175102e-01 -1.190911926432169921e-01 1.881051281170509348e-01 -6.697943345210047861e-01 8.983644074061465368e-01 -1.299350299410405585e+00 1.992003504502524447e-01 -7.697639666834049654e-02 -4.960144331595423006e-01 7.787106742492834188e-01 1.636452588963272781e-01 4.790766708887449488e-01 9.258306135010807569e-01 2.162493250922828292e+00 5.046678276791805029e-02 3.996609049425639548e-01 8.034491946552985153e-02 -2.013874597153617052e-01 -1.262460398655941007e-01 -7.110215942558667512e-02 4.499271445933875624e-01 -3.117820572465929141e-01 2.933808900414016652e-01 4.609376160898664976e-02 2.790940398243220710e-01 -1.204249521413707780e-01 -2.602738868508920334e-01 2.828890302157134329e-01 -3.103571131479161693e-02 2.120882219897635146e-02 1.193628683140691149e-01 3.237079034679846146e-03 -2.069176721284698983e-02 -1.088155879716085073e-03 1.921466947390384206e-01 -1.925234478333029964e-01 1.207171361376364604e-01 -1.814775604118645524e-01 1.013612722608512595e-01 -3.386018161794120296e+00 4.213375130102221533e-01 1.067749101140115231e-01 1.794654942655480312e-01 -4.243952698392435829e-01 -4.370679616148764324e-01 -4.970969267187944074e-02 -3.833958005382663847e-01
-5.224009595747886259e+00 9.064539011052552553e-02 1.009949226092047736e+00 5.626836221509039504e-01 2.508867729818451409e-01 -6.844893437438902550e-01 4.271712775399599260e-01 -1.621701462122525417e+00 -7.258127863002028501e-01 1.635179677830641332e+00 1.690324158203782290e-01 3.427592728013453827e-01 -1.047731771084331021e+00 1.762928522851104018e+00 7.912029692154581850e-01 2.029842070563020240e+00 3.278765687328298317e-01 3.834124930711150792e-01 4.801464077104705686e-02 4.533525328189365045e-01 2.781094525973402121e-01 6.839026818557542020e-02 -3.050276816104378064e-01 -5.604417191601177572e-01 2.768334441895958786e-01 4.385909344979170288e-01 -7.703495440550930939e-02 -1.564415934145358400e-01 4.376698381668858717e-02 -6.501784269270774463e-02 6.233275916633999880e-02 2.342626119054532774e-01 -3.837303650587146064e-01 -5.615750911240764420e-01 1.267667510433230227e-01 -2.484593085229841736e-01 5.500896727072360770e-01 3.109477158315147871e-02 2.863508104173944080e-01 -1.278992578757305321e-01 -2.688024282264731557e-01 -2.669958191631046418e+00 5.581200296015802476e-01 -8.257751832347279830e-01 -8.140101270010901002e-01 -5.018693776228283498e-01 1.096775710992123343e-01 8.492325550055020988e-01 -1.583444326353035669e-01
-5.443372901563877875e+00 7.440832742802544475e-01 2.880514039072303856e-01 -3.977585155719995935e-01 -4.140002254548427185e-01 -8.034121431047377415e-01 7.059523402720124796e-01 -6.687106700608158594e-01 -1.050914015282439440e+00 -6.363876198200330014e-01 7.784414285430238944e-01 -1.958899681191444420e-01 5.337637895258524612e-01 4.232530856537061736e-02 1.089223443872107566e+00 7.718121382419153020e-01 7.664443620577563454e-01 2.157992245123208530e+00 -3.456729461781190560e-01 6.228203829706024930e-01 1.232680992710218915e-01 -7.230314517866769375e-01 6.713167205369280355e-01 1.338218783577832527e-01 -1.398296008434032345e-01 -2.146088368030415472e-01 -9.506551202801427625e-01 -1.898372942775927164e-01 -5.148398253219080845e-01 -2.618348216731379852e-01 3.556591424974624438e-01 -2.674852947415763404e-01 2.467970739211655662e-02 3.104115953023862673e-01 7.282739466074722445e-02 2.197855283764108825e-01 -5.076902102269283956e-01 7.107702889639698762e-01 -5.334946812248488879e-01 4.622531933189900633e-01 3.850411873979004973e-01 -2.467871992800944270e+00 7.767709665456665746e-01 3.133565565066921965e-01 -4.211811951489420336e-01 -7.483180476271219517e-01 -4.900248888794538904e-01 -1.494989596365683127e-01 1.196644733741657751e-01
-5.513754497728887927e+00 4.546130669608837716e-01 8.491049055815815816e-01 1.914581243007065225e-01 1.364607182226639792e-01 -6.551914475469245991e-01 9.527093063322713551e-01 -1.041180334733667223e+00 1.857238646167591323e-01 -8.318918712879569410e-03 1.305203882667391457e-01 1.990758985253373026e-01 7.000463173401987316e-01 7.072632633626027010e-01 6.356317961365787195e-01 1.896089649755829720e+00 -1.695359866812309324e-01 1.765426372308002367e+00 4.808943894840506106e-01 4.860250548111879620e-01 1.372691100677743692e-01 -3.620078014476761363e-01 6.372266902876159156e-01 -2.268527685309402464e-01 9.616594794442245853e-02 -2.011283151684312154e-01 -8.519454619566495523e-01 -2.602578172770444453e-01 -7.992602116376279486e-01 -4.894518776333051796e-02 2.026367045228799901e-01 -1.335887901501031649e-01 -2.502780661823039710e-01 1.792321452752833055e-01 1.398034104586508009e-01 -2.800072941557493200e-01 1.105424856877932072e-01 4.875337778033312919e-01 4.271026520347698252e-02 5.916928569444612762e-01 1.180095002968731543e-01 -2.619222196741715525e+00 5.767503131994700105e-01 3.236247604961720592e-01 -3.378138474596311669e-01 -7.175552022740221414e-01 -5.136827010025188933e-01 -1.083924597277655943e-01 1.475768306919054140e-01
-5.809706656693752969e+00 5.565731541671720128e-01 1.129041091976883182e+00 3.174265642192035664e-01 -2.888025448277126150e-02 -2.803447835955795719e-01 5.540845675299649331e-02 -7.275368143124298914e-01 -1.242432872141495254e-01 4.559510375736624543e-01 -2.235601172091997435e-01 2.340927075721381811e+00 -2.630870532145564988e-01 -3.692979705508491750e-01 7.980802277757083063e-01 2.296801187530318700e+00 -1.680686875166965133e-01 -1.442430008057074275e-01 2.374954498408188286e-02 -8.442437434967835497e-01 -9.094247723704516895e-02 -3.384160151591646404e-01 1.382461931519884946e+00 4.884214187725287593e-01 -2.677372459291005868e-01 1.719398341234466554e-01 -6.726714239604500989e-01 3.266598998299965473e-01 2.951339416529009663e-01 -2.708204549572735265e-01 2.886955759570593028e-01 1.285137846659416549e-01 1.462572640516071609e-01 -2.418825396282620055e-02 -2.983540763915761285e-01 4.222434300395483397e-04 2.319922555807890086e-01 9.003648903759203792e-02 7.602899519452188670e-01 -4.631373246206798022e-01 3.262857087885163709e-01 -3.104942220631454752e+00 1.090857706618258316e+00 -3.222390824726039660e-01 4.897193601320934953e-01 8.676151197175034913e-01 -2.640876037800416465e-01 1.701126362627922162e-01 -7.944071131935703800e-02
-5.320172246066776189e+00 3.080641485590480677e-01 7.782832264637302710e-01 5.338384801843520933e-02 1.894040378483720088e-01 -8.024724797806790377e-01 1.131562657272285000e+00 -1.157942221314252729e+00 4.242980948378634043e-01 -2.669230636267176382e-01 -9.703613677146213923e-02 4.719155749098897790e-01 6.906348028084938750e-01 -2.572587439069795590e-03 9.035356588519433130e-01 2.434144955943482458e+00 3.914497819368210202e-02 -6.097140089985220168e-02 1.932676263918635673e-01 -9.083557507737852199e-02 1.410893482217491779e-01 7.392876549415143828e-01 1.432849822055385358e+00 -6.606528659074682730e-02 -2.000645111536468179e-01 4.193116124210222728e-01 3.769322047070601256e-01 2.962401582705875835e-01 -3.278107183451224316e-01 -1.157058982125097057e-01 -6.139211884003989428e-02 3.962007300694111445e-01 1.746632704765341271e-01 -4.569485073247193108e-01 2.065385467998958613e-01 -2.100671956860127032e-01 5.478452450370300403e-02 -1.808504079891737337e-01 -4.648361603316913948e-02 -1.710030523413345049e-01 -5.765805842623203392e-02 -2.544972580282465202e+00 7.556222047242067141e-01 8.329757605503684825e-02 9.271388271481439958e-02 -3.975642936777973313e-01 -2.290262211659072067e-02 -3.053130882907026389e-03 -4.645413874037297997e-01
-5.643983844676158768e+00 1.808425444030854479e-01 1.690956539129937264e+00 1.131037642836182133e+00 -6.947510816260795696e-01 8.551143193976579182e-02 -8.876048415878459164e-01 -2.010006199041443342e-01 -7.253823668118197787e-01 1.565374522702490001e+00 2.250667534105387224e-01 1.542351266659297337e+00 3.676864548892945228e-01 1.646842208145090081e-01 9.538394991423386760e-01 2.027606230229737516e+00 -2.272196947972760506e-01 5.237433642924115285e-01 2.389295904292916273e-01 -6.184344827288034141e-01 1.751647375442618171e-01 -3.358774106017966554e-01 2.516185750799434517e-01 -5.308409680208380221e-01 4.226469975004729651e-01 -5.858884713382289666e-02 -1.297647628732228609e-01 2.826347292389066318e-02 -3.411331087614412061e-01 3.341388679624713309e-01 -5.222545188454277842e-02 6.858939398537067245e-02 -2.644055245268231991e-01 -1.358609124197039386e-01 6.519589530976038771e-02 -1.168284239372638089e-01 1.416939695666956933e-01 -2.910719889478632916e-01 4.838106268130840659e-01 2.710623644088364648e-01 5.791795987083686592e-02 -3.087769508105492555e+00 1.094540368815506870e+00 -2.793808476468095381e-01 1.327453849965125610e-01 7.803589498236227495e-01 2.358287021864280408e-02 5.190440808276088891e-01 4.238943551543831734e-01
-5.149983762819609012e+00 8.134845499310480177e-01 1.173514379907991456e+00 -4.089791309189272361e-02 9.422038452673187070e-02 -2.169368834020531933e-01 3.485898205779930925e-01 -4.172355657029317988e-01 -1.558831557122504485e-02 6.995706087381904359e-01 -4.537105291072439650e-01 1.806422594397391723e+00 7.071417610494074024e-01 3.523511867679829934e-01 2.463968664885563820e-01 2.050838623628211010e+00 1.174843296167835532e-01 1.101306534521643288e+00 2.331294898701009588e-01 1.755595510302807027e-02 -1.028336326521614857e-01 3.923186210964467180e-01 2.112078989855759037e-01 -9.641763043392111987e-01 -3.370098660867175133e-01 4.008663564960707748e-01 8.982342212715400676e-01 3.423834891797914448e-01 4.253341424999503295e-01 1.689295432483246817e-01 2.444970843243373937e-01 1.741038808877825028e-01 6.509941347697369984e-01 7.109013371564774086e-01 -3.703397432449961335e-01 -4.396804077613871709e-01 -5.173341874925115880e-01 5.142689201187031767e-01 -3.006417624024720903e-01 2.462066678524335861e-01 9.003191027918103218e-02 -2.617543158494632927e+00 9.396787612027353020e-01 1.941108529296424190e-01 2.849635811827924137e-01 8.660025797080901366e-01 2.131874201120820267e-03 3.136645460816932518e-01 1.818203765678360340e-01
-2.715139760226548127e+00 -9.145271322338529574e-01 -2.718963528160722731e+00 -1.616882418335176430e+00 -6.263641697246908890e-01 -1.287599236420052584e+00 -5.260051178585412046e-01 3.923364322620767064e-01 3.346898345003859188e-01 1.091940546824399227e+00 -4.148441156065217905e-01 -3.405768762689320162e-01 -2.057335064868259789e-01 -2.663806538463771578e-01 -4.454209919278909746e-01 6.391863905896158493e-02 -8.020338219179430628e-02 1.430329871158156872e-02 -6.895430404584770301e-01 -2.620849692280866616e-01 -2.962996777381537439e-01 -5.154784387844528748e-01 1.156112021837173875e+00 -4.927896058328063988e-01 3.486967468744334164e-01 -7.802547246234761147e-01 4.052250068942407357e-01 4.139176044977906782e-02 -5.794579515654044166e-02 4.174799213040512047e-01 -1.905900518333599469e-01 -1.073404401161366817e+00 -8.688886868252887474e-01 6.035255628149950313e-01 -9.342880219447641243e-02 -1.735369080111404394e-01 9.767411101769396531e-01 4.906669511138063156e-01 -2.791599725464344317e-02 -4.821953379587506916e-02 -2.991319234558572626e-01 -2.938939968777416034e+00 -2.336030162012006528e+00 -1.061954213857466134e-01 -5.535846504849246674e-01 1.333105713700686867e-01 1.317254766341033889e+00 -2.141504482914382557e-01 1.528490398608456646e-01
-3.512231396183644438e+00 -1.249125479843276931e+00 -2.362840231327347773e+00 -2.115423972703282196e+00 -4.412941787822847184e-01 -1.569830546419774375e+00 -5.262840131498428553e-01 5.153944568057020614e-01 2.240649356297690076e-01 8.870223233336079760e-01 -4.488084086139554341e-01 -2.179372938393562276e-01 -2.402389575257368459e-01 -3.221600606707702430e-01 1.398469908878346990e-03 -4.572419670717395301e-02 1.020574776245474907e-01 9.148566663560266099e-02 -2.586472034286130262e-01 7.081009003627122822e-02 -2.584167387585930564e-01 2.531755286468459487e-01 5.162130678296936726e-01 -5.691720418662712944e-03 2.282880835264871067e-01 -9.856881512499655607e-01 4.127068236221725361e-01 -1.760881553864435678e-01 -7.492405354298736775e-02 6.002612392729222979e-01 -1.737212939237307852e-01 -9.270137292778326543e-01 -7.076350558233939214e-01 5.443604071637819786e-01 -3.581057174759534334e-01 -1.548649384153108766e-01 4.818452458412159634e-01 5.272829261337763640e-02 -8.463745826381425807e-01 -2.181277448802003971e-01 2.573622429802733813e-01 -3.023294133898616121e+00 -1.914040286418511760e+00 2.192116544933913891e-01 -5.008323531391178918e-01 1.857274260983299285e-02 9.995346247251089000e-01 -4.457030272619418865e-01 -1.323268946268922261e-02
-3.229696422393138810e+00 -1.492818233037193298e+00 -2.800758019387327380e+00 -2.398859032701231353e+00 -4.630192008334554910e-01 -2.307828164190368181e+00 -8.606435653236457206e-01 1.073213580562008662e+00 7.399846767075352050e-01 1.251143518481137917e+00 -6.747630594306425200e-01 -8.765292170189888932e-01 1.069497084103881446e-01 -1.071466031948188569e+00 2.080181658465887762e-02 2.269424243016590348e-01 3.476121891275861797e-01 1.158713415824677018e-01 1.338929752743284185e-01 3.307142883670950440e-01 2.062615627792324657e-01 3.977754179767506448e-03 -2.113665529239686924e-01 1.865245589532877613e-01 -1.450036872827661916e-01 4.474513164608122096e-01 -1.455368096217420637e-01 5.088518189307272149e-02 1.851491276871393699e-01 -4.300870271758398533e-01 4.483840925066014116e-02 6.048266655690540672e-01 2.452491796984331840e-01 -3.189141706066544457e-01 3.686212413954506606e-01 1.615247564829111471e-01 -4.935568260496801529e-01 1.111694868807563408e-01 1.607129629650710934e-01 9.683552706391460041e-02 -1.995605475240429805e-01 -2.258852473574697761e+00 -2.185618327153990847e+00 1.741159076115116888e-01 -3.290841475119373194e-01 4.734331076912848268e-02 1.447180106472144567e+00 -1.851721221033179599e-01 -8.346727599098033301e-02
-3.108641059614490665e+00 -1.501255226564598644e+00 -2.792321706567935546e+00 -2.392211190257487186e+00 -4.492518444170288117e-01 -2.318932631459135862e+00 -7.819476919911015900e-01 9.548475613130961159e-01 6.628534043426238531e-01 1.111761967609560919e+00 -6.384134730163131266e-01 -7.776814939329640408e-01 2.478037178143674690e-01 -1.182650453078095021e+00 1.630528478103678847e-01 3.711772829248639605e-01 2.227139200152062071e-01 -3.621537236736242782e-02 2.861663977871790054e-01 4.113049058761293342e-01 1.291432557121526825e-01 3.237376028814297757e-01 -3.424799675224674544e-01 5.266106244851485041e-01 -3.732339678746144362e-01 4.191759449187247299e-01 -1.848614537838998984e-01 -3.996802598919489691e-02 3.880049299137466878e-02 -4.414684338267082508e-01 -1.170542333057363327e-01 5.741023821771910063e-01 1.510371408708632290e-01 -4.218305159943256943e-01 1.772972630381940973e-01 1.950187204654207918e-01 -2.473901821588699590e-01 -2.309608980036115256e-02 3.497921040233226697e-01 3.062844501079834414e-01 -5.775368348438428279e-02 -1.782827136223771536e+00 -2.363794421329434403e+00 4.444454462338950362e-01 -1.413119679551857466e-01 1.145748990242601018e-01 9.751473119234850273e-01 -4.211026909440550581e-01 -1.523124826678139421e-01
-3.164072061006727665e+00 -1.463777059286379689e+00 -2.667134275157028167e+00 -2.344393487288490174e+00 -4.970483164461597103e-01 -2.239964943532188890e+00 -9.009577006117699405e-01 1.127395202365040872e+00 6.488485739021035981e-01 1.362176345328773852e+00 -5.164818334574379222e-01 -9.814627487493866598e-01 1.594893157537639883e-02 -1.138782482540106500e+00 1.476666835798389199e-01 2.887775327646758816e-01 4.799736863621738570e-01 -1.249888523323001432e-01 2.024804046369323984e-01 3.739019525315128156e-01 1.148327357850666419e-01 1.465986010507679405e-01 -3.386238180100479278e-01 8.619878892155707906e-04 -1.827509899886993749e-01 7.410304819934199205e-01 -4.891908377823113163e-01 1.887801394133612753e-01 3.589669199783226960e-02 -4.098980477324554172e-01 3.385805525919763914e-01 6.420407619728002446e-01 7.452789268838543313e-01 -4.980214269161013507e-01 8.831512341108888053e-02 6.510443473655865010e-02 -5.939239686519322270e-02 -1.672369806198463205e-01 3.827052341166428673e-01 1.204088691510023235e-01 1.785413290263722641e-01 -2.174868103737543912e+00 -2.129309222440021188e+00 9.605628546692324132e-02 -3.059672931088429637e-01 7.004921331024666076e-02 1.415781752160675921e+00 -2.098142642109143696e-01 -1.100447921697289000e-01
-3.334934623524839381e+00 -1.437535425268941403e+00 -2.753197587909117949e+00 -2.439616006273714888e+00 -5.128658827969732048e-01 -1.921079403225313786e+00 -7.143247806546330070e-01 7.323872469767107596e-01 4.723026408035368995e-01 1.379708980228255388e+00 -8.285744633368765655e-01 -4.164380664175543201e-01 -2.340908421989900678e-01 -5.714679002818074949e-01 -9.036878728214001177e-02 7.060239606053347883e-02 1.427903026847126278e-01 9.455649970721094477e-02 -3.295667294609164188e-01 1.699142069802950517e-01 -2.385243227097688934e-01 -1.407818092230400109e-01 2.305495634816065453e-01 1.985409843670934982e-02 1.177837261010263453e-01 -3.886941122155703754e-01 2.052628177554323141e-01 -1.661093891781247889e-01 -6.411082037810561518e-02 2.647266717284361692e-01 -1.188226159617969957e-01 -5.852508067196739994e-01 -5.269786173537707175e-01 4.337713248914887298e-01 -2.106604590517862086e-01 -5.760254761503144638e-02 4.466984699200812758e-01 6.603877801778770817e-02 -4.251249909136592953e-01 -1.518181912461457062e-01 2.509539575034866465e-02 -2.910242782408032358e+00 -2.376374391562627419e+00 -1.397452931523612829e-01 -5.883894766126457343e-01 1.039328975921041121e-01 1.378222913239646852e+00 -2.143921861112608185e-01 1.153200487281148823e-01
-2.499401972085999901e+00 -8.200070261809280225e-01 -2.585187207489494376e+00 -1.723556572395928965e+00 -6.670020859683449821e-01 -1.325686972393573360e+00 -4.806137768606633665e-01 3.080609758305399293e-01 2.643024626254102394e-01 1.037827307122473286e+00 -3.993689620271813068e-01 -3.355098267636005827e-01 -1.841305984962075259e-01 -3.941491923712339696e-01 -4.291049275930356455e-01 -1.057523999222130390e-01 -2.443943883172318976e-01 -1.814235293109188463e-02 -5.458420783154835920e-01 -1.094524931512202148e-01 -3.045021696177887538e-01 -4.926316739570805736e-01 1.043554902034613097e+00 -5.862047392613988217e-01 5.330329808617482179e-01 -7.243947399623565930e-01 6.008149759605546647e-01 1.930834904992125012e-02 -1.921953339079813805e-01 4.752805758394419433e-01 -2.113047332501204190e-01 -1.190923319429404437e+00 -1.067589580259392434e+00 5.986426680782299670e-01 -8.515758323109706707e-02 -1.727357404007293928e-01 9.775577766354922593e-01 3.907221111742634756e-01 -4.607502150029124666e-02 9.436958005155812734e-02 -4.503163654317443587e-01 -2.942535260151401655e+00 -2.332750091808882154e+00 -1.046689700403702350e-01 -5.535154612146213626e-01 1.377333665493548076e-01 1.308696311868232209e+00 -2.130307558287940495e-01 1.544204247050312284e-01
-2.861266704852671872e+00 -5.983044274878444035e-01 -2.653821820692425781e+00 -1.796290364823878383e+00 -3.534920742565227925e-01 -1.531232844611399635e+00 -6.723602937834982640e-01 3.392574556884770942e-01 4.408519413537426157e-01 1.223756173552043247e+00 -2.194948915765357611e-01 -4.624748004581416549e-01 -3.376903748833542940e-01 -3.924136013877719820e-01 -2.921856553641293264e-01 -2.626195751350301477e-01 -7.169685345415321986e-02 4.026357105540324249e-02 -5.392892324680849114e-01 -5.904409524290771261e-02 -4.680642174394545885e-01 1.804658264695933600e-01 1.277938554559867157e+00 -4.494419359736958608e-01 1.138215752521174018e+00 -1.398400947471195366e+00 2.907034755148678040e-01 3.738654033504554275e-01 6.057038152122434793e-02 7.313683497459315674e-01 -1.696104062823012570e-01 -8.250976261923982369e-01 -1.272446153577225791e+00 8.339605734467430143e-01 -2.239895747651505231e-01 -2.007145226012071737e-01 6.062745611017720249e-01 1.626600027795470360e-02 -6.005325180166981580e-02 1.838452811977640267e-01 -5.220731175514012889e-01 -2.158248210369156705e+00 -2.056901585595883653e+00 2.508791695169411695e-01 -3.779198830054619762e-01 -1.461016216137384638e-01 6.443313641646071233e-01 -1.032361568330614876e+00 8.739976758872761153e-02
-3.177816930455718225e+00 -1.806681965153379643e+00 -2.562131068928799937e+00 -2.456636268687140578e+00 -3.695480106738447956e-01 -1.918073956129744406e+00 -5.755473318292662066e-01 8.549263700328207927e-01 3.357434129601056805e-01 1.179214707657197270e+00 -7.554799877135435215e-01 -2.630008400659138434e-01 -1.814934356144058403e-01 -3.101079296667667573e-01 -1.097399322003285993e-01 -1.015772104053888625e-02 -1.460697553553911253e-02 3.867238409783979591e-02 -3.815569336264743594e-01 9.028875760959279018e-02 -2.344252707669671199e-01 -2.978490403243487794e-01 3.814497240378665888e-01 -1.209718448800649326e-01 2.060237795405951422e-01 -3.868538498861994746e-01 2.844416390641357206e-01 -1.080305616538179136e-01 3.501105747049587658e-02 2.165637701110600111e-01 -1.191081461169907763e-01 -8.413860351523906322e-01 -6.021494543070080585e-01 5.219888547685654911e-01 -4.757330078600064960e-01 -9.738383410879278279e-02 5.146984020640190671e-01 6.069226340489453086e-03 -5.020199171183797882e-01 -8.975088759192691168e-02 9.666776680842198433e-02 -2.898896551757126350e+00 -2.334035873248543780e+00 1.102005247371307117e-02 5.714555951844988435e-01 -1.585704872475519611e-01 1.023862624133232702e+00 3.197035063782938114e-01 -1.509413838951711648e-02
-3.306072135462895023e+00 -1.408708923977850302e+00 -2.591378041144999145e+00 -2.294204311128399176e+00 -4.959755067262175965e-01 -1.944658063091283529e+00 -6.034499290192807397e-01 6.894469019447128089e-01 4.038647688400575086e-01 1.293246975748755023e+00 -8.718563528590027589e-01 -4.776406797443318863e-01 -3.259781502295813205e-01 -5.905896522498506052e-01 -3.785515907847192274e-02 4.862213237414500511e-02 1.542064313518271002e-01 9.312105624692808281e-02 -3.820101690509644654e-01 1.233976889062481652e-01 -2.949626607534500122e-01 -1.212994961066765076e-01 3.583927559889555914e-01 -2.368237751278649827e-02 2.277407744055943151e-01 -6.460771060237142649e-01 2.194972349856147975e-01 -1.961066541087830295e-01 -7.841143474950101888e-02 4.960002490726646007e-01 -1.563077231224371255e-01 -7.485619364897867500e-01 -7.839475897002065041e-01 5.491440217652781008e-01 -2.926238889977680335e-01 -1.250654612165784940e-01 5.452001165600479649e-01 4.492067636606755787e-02 -6.992102903586987495e-01 -2.121774405192339286e-01 6.769113765872145083e-02 -2.959989449657491445e+00 -2.125114287971706872e+00 1.283660209285501508e-01 -4.300501155581560875e-01 9.944262935370143386e-02 1.010947141550940342e+00 -4.289890270572014330e-01 7.895178148641968097e-02
-3.290274247587885892e+00 -1.501399768956490188e+00 -2.388908771207435500e+00 -2.292354125569025847e+00 1.817421785276523982e-02 -1.561074369083187863e+00 -5.744865688808555859e-01 8.719311646674605676e-01 1.288456754668320769e+00 1.747717203892602544e+00 -1.275176209631991853e+00 -4.239841642425921098e-01 -1.589222465602546652e-02 -9.399522636547257282e-01 -1.997695060796416955e-01 1.787652082689334676e-01 4.363096487130805889e-01 3.569433769985399518e-01 1.533732656603042921e-01 4.532708664916720309e-01 -1.097643407420288431e-01 -1.862818060516742980e-01 -4.475544249816314490e-01 5.144999679494983713e-01 -1.487618222090402731e-01 5.410548472034744094e-01 -8.434944238739783273e-02 -3.375777748359488073e-01 6.764001944763303742e-01 1.641055598331699339e-01 2.429259800874059294e-01 6.670054923637466215e-01 6.084722869429819436e-01 -3.706707430972125406e-01 8.419540322566937407e-02 -1.862934229187189483e-01 -1.208125415592662816e-01 -4.735703945919533808e-01 4.294521977095783205e-02 4.917415883541720323e-01 1.881315358687629669e-02 -1.927509877628096557e+00 -1.510226157640873090e+00 -3.711477124851481069e-03 -1.289504476722816984e-01 -7.783040756237191715e-02 1.521096892457374450e+00 -5.087508976578846154e-01 -1.668150955683124492e-01
-3.916237597709157470e+00 -9.474259484461732272e-01 -1.472062106008051652e+00 -2.080275401032791738e+00 -3.344956803747363150e-01 -1.339221773527861536e+00 -4.542831593565622161e-01 1.075696374941334521e-01 2.289295988916782709e-01 6.018607398126167851e-01 -4.279518176785027661e-01 -3.003978483680874723e-01 -4.208890543721482969e-01 -5.228377456180350880e-01 2.150120862531725296e-01 1.247704574442836667e-01 2.751845798842881829e-01 4.403551666206464293e-02 2.816969925542237574e-01 2.955717489739143056e-02 -1.857542781290872635e-01 -3.701665415046129226e-03 -4.895771059103494194e-01 1.112952418481863992e-01 -1.286139181590499336e-01 5.217121926792861464e-02 1.203531568672414481e-01 -1.295965635208371214e-01 -3.847607923862248480e-01 -2.439861461475203719e-01 -2.265224724527618860e-01 8.046985867869094200e-02 2.260342796759114981e-01 3.562338894087904162e-01 1.079901904262354218e-01 -7.641646059347007025e-02 -3.258144020667818053e-01 1.669784952748961382e-01 -2.729705062942547888e-01 -2.874046424140832556e-01 4.848227186649933795e-02 -2.686277189338024840e+00 -1.834959775459702236e+00 -2.436983859690045606e-01 -4.195065040858056982e-01 2.436664269011956652e-03 8.111075422841104166e-01 -1.024302515085374898e-01 -2.538102978990519273e-02
-3.257181256584495532e+00 -1.544745572223754415e+00 -2.887048249812135925e+00 -2.625407510813361434e+00 -5.212901219067334058e-01 -2.070055555933540958e+00 -8.301694653875701935e-01 8.070516344507958628e-01 6.271653061402218121e-01 1.606586896437171230e+00 -9.814396393238705718e-01 -5.397228096601373037e-01 -2.498586307159864905e-01 -9.577252468703396637e-01 1.560631195250401226e-01 4.464407451435483676e-01 3.268213420286608106e-01 2.340885258509239064e-01 6.766684534872002832e-02 2.216881205552068967e-01 -2.801724352500699344e-02 -9.997871239776519314e-02 -2.719589011847144411e-01 1.928211300522219840e-01 -1.294819141970914855e-01 4.390625077488031214e-01 -2.926828842546791432e-01 -1.734267312240761194e-01 -1.854784964482183995e-01 -2.176701154640645341e-01 1.029045210807888189e-01 5.528390791702729734e-01 4.226378162835792152e-01 -3.938334277761770807e-01 1.769277125587294663e-01 9.304530521338165439e-02 -4.519496342088608620e-01 -2.991306001297837636e-01 3.755799773868950808e-01 1.659139905160546824e-01 -9.900838146111376470e-02 -1.970170536213055934e+00 -2.209998836755570739e+00 -4.288349455239465757e-01 -1.062185550667770761e-01 1.712352572150833696e-01 1.039854825254828086e+00 9.777985802294025808e-02 2.045092165071102711e-02
-3.200116747875277667e+00 -1.357660225458536374e+00 -2.878285973642826789e+00 -2.402732769620754993e+00 -6.992848450637511037e-01 -2.331572464114982424e+00 -8.159130267835821293e-01 8.055229402347230394e-01 6.836931417164472391e-01 1.607511481011882015e+00 -1.011157738428980934e+00 -6.144673157065787539e-01 -3.274073706047569976e-01 -9.391484756463781558e-01 8.371413567683703982e-02 2.156698674525196757e-01 3.733830450914369381e-01 1.100127937627566610e-01 1.749224882470510334e-01 2.372226724650716989e-01 -7.953203877600245608e-02 -1.766000222794216201e-01 -2.586221632640521850e-01 2.394587130572841394e-01 -8.409768058706618143e-02 2.830982252244262365e-01 -2.103792717750162522e-01 -2.654260600171809426e-01 -1.684566221082888227e-01 -9.838007910853416305e-02 2.265266267849685988e-02 3.293134389944641915e-01 3.923523541712560236e-01 -1.460442086475549073e-01 -7.062084118420236534e-02 2.275385694020313765e-01 -3.783655640297277634e-01 -2.527626044152844198e-01 1.422925624432783143e-01 6.337612609979184630e-02 9.682271160088232187e-02 -1.987565166005869743e+00 -2.153585379546136380e+00 -2.945399705355797315e-01 -3.085889442631747359e-01 1.690055177698450706e-01 1.085289887389208285e+00 1.187338313067787254e-02 -1.598385974647794847e-02
-3.043105481684853952e+00 -1.499150528095799295e+00 -2.556517451979408495e+00 -2.410704891980703479e+00 -5.339930398713713666e-01 -2.232803841721098248e+00 -1.050428006286021620e+00 1.097116269146029888e+00 7.373151524839316462e-01 1.320879014676830554e+00 -4.492691975477357547e-01 -9.547011073722840857e-01 -8.778052624796592318e-02 -1.187895926777554179e+00 9.301111822382332472e-02 2.493866726012195778e-01 3.663183447080181621e-01 9.917084689245061688e-03 3.104577887134810643e-01 3.813655276896594781e-01 1.386156647010611254e-01 4.445607283675018229e-03 -3.361340457503377843e-01 -1.872002201097178187e-02 -1.128529284052647297e-01 7.753698461562694710e-01 -3.070755108723985383e-01 3.736097472596887625e-01 1.287361875903192676e-01 -5.084842357482801667e-01 2.148228134885839524e-01 7.437720714858192528e-01 6.653978992727450636e-01 -6.238378518383136395e-01 1.858993939667747952e-01 1.615239720828581804e-01 -2.574120773180854638e-01 -1.560011983534628777e-02 3.307763890233921811e-01 3.519567911298016050e-02 5.757340945146466327e-02 -1.885757092841145788e+00 -2.188256740893496755e+00 1.940919565953049264e-01 -1.634670391459935868e-02 -1.242285886799643357e-03 1.318969371548146308e+00 -2.281100102776494887e-01 -1.747939462017005993e-02
-2.762280646184182231e+00 -9.935952851102528571e-01 -2.463889201053925504e+00 -2.192992888002249785e+00 -7.773596506839071107e-01 -2.383018036171011822e+00 -9.865329191729559355e-01 9.742048181367769510e-01 7.559638879014531909e-01 1.195660350284943885e+00 -4.508779213447158263e-01 -8.233335378374847524e-01 -1.418042041370612683e-01 -1.136656484283730784e+00 2.224638694083718171e-01 3.287013947162379379e-01 3.246884708852892931e-01 -4.908393760883571905e-02 3.704968177699564658e-01 4.985805009298036605e-01 1.189277428821400306e-01 3.187576834420915994e-02 -5.033942493061354106e-01 2.286349376338635275e-02 -6.764238761000557210e-02 8.784513495120824800e-01 -5.560249144325538628e-01 2.160992752796744298e-01 2.318429888654467419e-01 -4.566031440659782947e-01 3.545444128656269900e-01 6.693267456062320653e-01 9.455659074852736934e-01 -7.369271334946969620e-01 -1.295052317369100037e-01 1.268056603953138239e-01 -2.644118018923600766e-01 -1.149723787986926538e-01 5.147865750720447275e-01 2.013754448098210303e-01 4.552610144497319933e-01 -1.922211287839048044e+00 -1.850027074472980759e+00 -3.701914287088911570e-01 -2.422104183066257077e-01 2.245081695202513217e-01 9.321108003869128522e-01 3.587861633120592586e-02 -9.201137555824905057e-02
-3.247461218186147303e+00 -1.567533195458715944e+00 -2.954855426586936673e+00 -2.669499171158386197e+00 -5.539535856053761087e-01 -2.180899564623506759e+00 -8.472564766233690037e-01 8.557680854406488624e-01 6.341242191675537931e-01 1.687994341016430422e+00 -1.007127355488158793e+00 -6.615661853535635961e-01 -3.415061375632887364e-01 -1.043111280685533604e+00 4.356411819856507994e-02 1.558760837961065127e-01 3.563718729617602055e-01 1.992004975027557578e-01 -3.803042380657761790e-03 -8.045071863376829224e-03 -8.792782907855277441e-02 -8.796007341625738940e-02 -2.899023203502754109e-01 1.112205654221474771e-01 -1.524333711142324410e-01 2.686474669653802771e-01 -2.122334756876640971e-01 -1.782611329017018964e-01 -8.461994073315687315e-02 -1.868977883311931654e-01 6.604283431593685472e-02 2.386009085734722701e-01 1.787967042599981071e-01 -1.060130792205418726e-01 -3.575471456537487880e-02 4.061445769208021916e-02 -2.592321187801946980e-01 -2.024300606004501568e-01 -5.621662509477709513e-03 6.959946140001557757e-02 -3.291735004360188399e-02 -1.993682498371052159e+00 -2.132109234774113293e+00 -3.444606314209145981e-01 -3.110039428215977675e-01 1.261306447275767351e-01 1.014016087012179268e+00 -1.658979067995425272e-02 3.394179101279864996e-02
-3.195284971002082308e+00 -1.475192726433160129e+00 -2.707530675336520254e+00 -2.392092057345128975e+00 -5.122300949634531753e-01 -1.988478752578691111e+00 -7.239495910280887569e-01 7.805544886980135821e-01 5.379404884382414931e-01 1.342053029736958170e+00 -8.481341692981015923e-01 -4.688976941161674405e-01 -1.889409767459079847e-01 -7.305171866965702865e-01 1.895888672025777821e-02 1.200797960213008941e-01 2.378692955993163272e-01 1.330321008185667286e-01 -6.157760241423521075e-02 4.829880414275491973e-02 -1.878102859489919618e-01 -7.233321790700587839e-02 -1.492144367124507986e-01 1.875584048274343829e-01 -1.027694338990030043e-01 1.889123161883691782e-01 -1.365325680878023973e-01 -1.978036627568811046e-01 -1.985138086488835718e-02 -1.165838184193089405e-01 1.747350194618496610e-02 1.999276641677883992e-01 1.335796029766900817e-01 -2.296042494042277449e-02 1.441702932962078409e-01 -4.705181512379391640e-03 -1.657248188581868509e-01 -3.214755272039955536e-02 1.026751569768597772e-01 5.119682762182362068e-02 -1.724952234152854480e-02 -2.574354539338588488e+00 -2.279100853733222465e+00 1.192168959987067178e-01 -2.065868529587272517e-01 1.720341695266314752e-01 9.114060499181249053e-01 -3.225314227816392099e-01 -5.207470295662514070e-02
-4.862242733033862230e+00 8.333984109305947463e-02 -1.212197298144516822e+00 -1.699456075863323257e+00 1.916696263727254879e+00 2.017372947125243066e+00 -1.880092201517098716e-01 -2.122625073993203437e-01 3.949758821336613046e-01 -1.545245431519575163e-01 1.083457776762009050e+00 -6.354012244479738669e-01 1.697291118539266674e-01 -2.753669732279467319e-01 1.727456655704853183e-01 -1.358687569170821119e-01 -5.923771882205544279e-03 4.565389469784682519e-01 4.409716544347572764e-01 -7.177381940520656256e-01 1.950410605633757233e-01 -1.324276340421721709e-01 -3.726612208744423116e-01 -4.192033202003752068e-01 -2.297692569199160095e-01 3.010615813347453096e-01 1.983597264595370890e-01 -3.778982140762394970e-03 4.494421878325535746e-01 -2.765543647973163210e-01 -1.981810199206829048e-01 -5.105288769477089872e-02 -2.474747466797346807e-01 6.071625378880802781e-01 -2.569800557523804208e-01 -7.894529388818471993e-02 -3.157535945412541512e-02 1.989125845780138901e-01 5.098192152565700352e-02 1.265218732401861279e-01 -8.708849376387775565e-02 -3.245672900691130014e+00 -5.040338612345129921e-01 3.636233485087848605e-01 -7.231716762383422203e-02 -1.887735527784444312e-01 1.626996205225915704e-01 -3.255165660318068976e-01 8.018553900242159083e-02
-4.777019509623645632e+00 -3.122519884533550005e-01 -1.265163189974064295e+00 -2.099414742965231007e+00 1.290571801464590385e+00 2.868766577066254708e+00 -2.490511096942746860e-01 -1.132892719218606403e-01 -3.855072133179074378e-02 -4.798155089151650010e-01 6.754218341462034925e-01 -8.484786124235395022e-01 6.505762044657911192e-01 -9.803869253185043542e-02 -3.040173586463906785e-01 1.776604811152479868e-01 -5.895296018953539302e-02 -6.399709242099491657e-01 7.285250914417334966e-01 -3.068630537782647827e-01 3.178833812727321906e-01 2.918494348748484901e-02 -1.537643482347032242e-01 -1.051330709726717300e-01 -1.975902392169351929e-01 6.394575012450902651e-01 3.198027686403822623e-01 1.046196538511034335e+00 -2.058605750843093274e-01 1.656235097646514276e-01 2.333066065733359062e-01 5.216052220512680249e-01 1.576923908319402545e-01 -6.667863375743314780e-01 -1.914624999353045642e-01 -5.721724680577348066e-01 6.560255030018929956e-01 -3.398700897832224177e-02 -8.040186595571454653e-01 7.451445325915986295e-01 2.844509467883000742e-01 -2.414019114249382980e+00 -2.640817707404425896e-01 1.022249280376227309e+00 3.307926972991828141e-01 -8.137054334905649555e-02 1.562781003239135380e-01 -5.958742366185929562e-01 -4.135594720911001110e-01
-4.935554963489569680e+00 -1.428033469055300930e-01 -1.166426155710855284e+00 -1.841838711158708453e+00 1.115977834920172329e+00 2.203961933151903363e+00 1.280011672583687421e-01 -5.931327848622692800e-01 1.173211914800902922e-01 -2.416211942277929348e-02 2.082047413375550104e-01 -2.182102571844620753e-01 -3.061166876737982934e-01 -1.129333127841127271e-01 -1.495056257830167656e-01 1.291322963603052099e-01 3.074161439206760105e-02 4.682061187255388002e-01 3.839658159632274304e-01 -1.127838005260612286e+00 2.311753262563535638e-01 6.228722550092385957e-02 -8.298137071014713428e-02 1.142947689205923989e-01 -2.757955809549663129e-01 -5.225851414125348704e-03 2.069900142688128886e-02 2.066303811626994669e-02 1.312629858561992768e-01 1.780868707018797570e-01 -2.005337622989846469e-01 -1.347305796353228668e-01 -2.104258754799893105e-01 -4.429765909329341778e-02 -2.552936304669275458e-01 -2.497958932104733798e-01 1.061232970311152823e-01 2.176511062529062623e-01 1.986614983177182048e-01 6.282421791067530070e-02 2.603175025000895038e-01 -3.218521988768733078e+00 -6.398264212141353546e-01 5.501449674753740027e-01 4.002913533041918548e-02 -8.186819234227724063e-02 2.139335566057004590e-02 -4.726554920349120836e-01 -2.005153963175262399e-01
-5.025057075357428182e+00 -1.309880161809893750e-01 -1.245712260871654209e+00 -2.231997989715948094e+00 1.227844745397910442e+00 3.187534464178215732e+00 -1.689648936761984355e-01 -4.213733019784717260e-01 -1.581136835118618911e-01 9.869284281005585857e-03 1.337512371011466694e-01 -3.517144016069330692e-01 -1.679903206274352412e-02 -4.587390270250563118e-02 -2.001587648724924284e-01 2.766207930037478668e-01 2.098091835987528353e-02 8.270252071459475995e-02 2.273105534797917882e-01 -3.364364793752190885e-01 -1.181221812361178680e-01 1.761118463557286296e-01 -5.462760619027848263e-02 -2.905729518014561474e-01 1.080188519951709170e-01 8.760766785329016093e-02 3.394834646658333455e-01 1.353819242145427870e-03 -7.843563126863833945e-02 1.613837402809109242e-02 6.220688623949550966e-02 2.217065373808705386e-01 4.554625924920564506e-01 -3.271925398906274096e-01 2.772510972105966531e-01 -6.610603076638052467e-02 2.649755293447013660e-01 -3.402446515028586527e-01 -8.943950807144207538e-02 6.903428361613708764e-02 -1.614772488763810132e-01 -3.117296925987032896e+00 -3.231517098245038078e-01 6.375245665900624026e-01 5.685541869889523259e-01 -1.656350349523519616e-01 6.333441193051647655e-02 -5.180722499543709558e-01 -1.462338747873633826e-01
-5.146386075006599725e+00 -3.381785351631977354e-02 -1.155329570194451261e+00 -2.041014336201619539e+00 9.510438971863157676e-01 2.874214311308560088e+00 -8.530502364293601758e-02 -8.522288737610107523e-01 2.030643306896923184e-02 7.258766975773187080e-02 -5.561945813232610503e-01 -6.325796554238355407e-01 3.700832232950093670e-02 1.684786088530938475e-01 1.256936520817220293e+00 -7.288746775787230403e-01 -6.631190589853696027e-01 -6.475685745276618666e-02 -1.523005882608089445e-01 -1.184872692325388055e+00 4.503395803900205885e-01 2.160543983771129883e-01 1.944350391268636902e-01 1.973763522220867428e-01 -5.873271065933747259e-01 -4.945045167642697637e-02 -4.139294536854107309e-01 6.204083652260492660e-02 -3.195774522546637186e-01 -4.384088300307036334e-01 -7.918588231984532988e-02 -9.347553906257533018e-02 -4.320651690081039331e-01 -6.878275587061127849e-02 2.944665235662251024e-01 -6.777156338029166616e-02 -1.313104401256375564e-01 -3.404760352608233731e-01 -3.466242721917052183e-01 8.895057399403408227e-02 4.866039376942651873e-02 -3.169803001792071306e+00 -5.254013456298054496e-01 6.381690067992396020e-01 8.467058018431194988e-02 -2.755448652939465060e-01 3.087515354362710962e-01 -7.417716216007885777e-02 1.830402749422468944e-01
-4.844779934885540484e+00 -2.016548108873016665e-01 -1.664715446627036188e+00 -2.145627841389089241e+00 9.132700793404644468e-01 1.962339529512066250e+00 -3.213424434051830869e-01 -6.583020934479973940e-01 -9.500795212552322067e-01 4.020136322177162991e-01 1.029500504810962447e+00 -6.344470768283884121e-01 -1.501844757326405322e+00 6.133001779868259007e-01 -2.474974490331024735e-01 -1.341029120805912189e-01 5.652401849860337613e-02 -1.573596056399836213e-02 -2.419237059905836595e-01 -8.497970519203785766e-01 7.540038750941291390e-01 6.285463736855103623e-01 -2.351792966655247008e-01 -7.101186189611216615e-02 -2.177687467177144010e-01 4.924717755829514654e-01 -1.920237200341317618e-01 -5.960330807153980254e-02 -1.056704858278591175e+00 -6.588290635261303541e-01 -2.167034420167168463e-01 6.953886014168664254e-02 -2.502509571426105306e-01 -8.906063038139705457e-02 1.864336546814110429e-02 -1.696145510199063289e-01 -3.033391150462384500e-01 2.238046133628109613e-01 2.620643728235736991e-01 -2.483297765076903363e-01 -2.595784348648109141e-01 -3.149280119110833276e+00 -1.405429349158688446e+00 -1.325680972297052507e-01 -3.904345755565379328e-01 -3.095916252820213321e-03 3.743847848003054590e-01 1.886787992003614856e-01 -3.987704472866418492e-01
-4.883997647247111829e+00 9.109733314021872808e-02 -1.504542888929578215e+00 -2.362428876755327867e+00 7.495925198648163423e-01 1.952307052585215974e+00 -3.100366678182235325e-01 -1.899154735816978301e-01 -7.741108013025399526e-01 -3.123665456161562881e-01 9.971907756663088707e-01 -9.239346501827720992e-01 -8.401940477055325207e-02 -3.643989187983912026e-01 1.303115712629756562e-01 -2.096333495515790846e-01 4.401584564578881476e-01 3.205814593961541226e-01 -6.347577635397860796e-02 -1.265820990698329984e+00 5.277297122988984235e-01 6.327829288328206125e-01 9.993242731322085626e-02 -4.865885637467763924e-01 1.109454765272178539e-01 7.633109003018295757e-02 -4.807347233032047140e-01 3.492742377012770238e-01 -5.256899631243199256e-01 -4.553005361800236406e-01 -4.763651509513522342e-03 3.169886780426817152e-01 -2.635460281325033849e-01 -1.315292915399987050e-01 -7.270841941281824816e-02 1.947122241562958822e-01 -1.359217609228074441e-01 1.786088019264006344e-01 6.766055792736329622e-01 -2.435655249967972891e-01 -4.382541787569548264e-01 -3.457419485877808896e+00 -8.484402000400217414e-01 3.753890513716837685e-01 -1.247596953758833838e-02 -1.308929965126782169e-01 3.776518552241960869e-01 -1.139062200539759651e-01 6.666811155865814964e-02
-5.195710475658001926e+00 -7.201062245949874097e-02 -1.125984429794174346e+00 -2.040867428527908700e+00 1.033936542641254341e+00 3.026163302577759229e+00 -8.076807514082889883e-02 -8.320876454998131777e-01 1.227580584584467838e-01 -8.135874819285959791e-02 -5.173254335116908020e-01 -6.895659090464212326e-01 2.887495599765418919e-02 7.749550585859429908e-02 9.614902742066810948e-01 -5.469913323156142537e-01 -4.590192928549653439e-01 -1.488359610876248580e-02 -1.310015189109826617e-01 -1.241578132718754723e+00 1.559538771035126614e-01 2.850487258228777132e-01 1.193722805564432637e-01 1.439151905763531858e-01 -6.603170009296255305e-01 2.219103262842930246e-01 -3.049302539293309855e-01 -9.756995576605090315e-02 -3.572269512180392681e-02 1.745987802688135290e-02 -2.892879833737987960e-02 -2.699712957312294659e-02 -3.544395757579301698e-01 5.620115357479618656e-02 2.386178010333067090e-01 5.429281088123988352e-03 -7.661764186858549541e-02 -5.274954013853384582e-01 -3.505100955930002815e-01 3.535079275194533688e-01 -5.322902447546681848e-02 -3.200766978572636923e+00 -4.801109395117360013e-01 7.231463897587784295e-01 1.392136193809353495e-01 -2.115806443418750959e-01 1.827704320380298397e-01 -1.557006642184096123e-01 1.656399179613456674e-01
-5.049561779953744889e+00 -8.477773386315018422e-02 -1.148767686620246531e+00 -2.022561747620977179e+00 1.161822747699803537e+00 2.799053009871196540e+00 1.000211159350063994e-01 -4.333103417717402706e-01 6.358472179241420053e-02 1.587676609039746778e-01 3.730424689190361409e-01 -5.107340628468522992e-01 -4.275558220837037959e-01 -1.367782646095728194e-01 -1.390390946553228535e-01 -3.524412185022305355e-01 3.353816589835840745e-01 2.802546470872182560e-01 5.667208594064687688e-01 -1.319952562769178606e+00 4.502345987859930898e-01 5.139866809198309627e-02 -6.906254977158821085e-02 -2.315721702865863874e-01 -2.693547439138482824e-02 2.467964204418268692e-01 8.904108956469466984e-03 -1.609519439052000955e-01 -6.198709815268985124e-02 1.374270296426495508e-01 1.690758170502997260e-01 -1.079484214082750970e-01 1.295827768038117500e-01 -1.823355455774858802e-01 -1.875890527589650081e-01 -6.637789319824213830e-02 -7.315285527571935287e-02 -1.039331496904969260e-01 6.016038509121712785e-01 -1.775713065273397395e-01 -1.213497616851425820e-01 -3.310407800740185369e+00 -5.238204508491538514e-01 3.344898580691025858e-01 1.872911870426416936e-01 -1.785095158046896280e-01 2.969630700450512917e-01 -4.340830572612435212e-01 -6.319275686025721539e-02
-4.416448558977267957e+00 -4.378255853317808421e-01 -1.839714907097761420e+00 -2.239182385265105601e+00 6.749342395371655812e-01 1.965805272911063550e+00 -6.879130630386964818e-02 -3.048761329619914529e-01 -6.421530972301552342e-01 9.147781832898486953e-02 2.625079701390333753e-01 -8.282676818645329231e-01 -4.251487271669209811e-01 -3.801004551479531535e-01 -1.148058053955273439e-01 4.083739853194018332e-03 -8.887293336354967765e-02 1.350125077231909831e-01 -2.906287068128887152e-01 -1.394025705203900456e+00 1.733241445726694807e-01 -3.657505554135049297e-01 1.231828741441315239e-01 -6.349968300877226746e-01 6.902486756026288139e-02 7.780369689671434719e-02 -3.203626487930228972e-01 -1.016100091024177698e-01 -8.851836634734892018e-01 -3.626879575889139229e-01 -1.044521393483616445e-01 -1.878374717710002972e-01 -4.626761658232412255e-01 5.279443447003911993e-02 3.921444264123890577e-01 5.946272993293427733e-02 1.087357096102062048e-01 6.342657538329135036e-01 5.156129108819753615e-01 -3.046926530786003839e-01 -1.336279859829232752e-01 -2.993679413545990098e+00 -1.729521915884813188e+00 -1.538816387250648288e-01 -2.776591315205824140e-01 -3.219670259172247029e-03 5.404668175880769088e-01 3.073277931512943817e-02 -1.430472066489379621e-02
-5.067055391846015056e+00 -1.724837425707261285e-01 -1.441034371004551673e+00 -2.273072595164084220e+00 1.224368756579141015e+00 3.029618120645360957e+00 -1.273305894779009351e-01 -4.061459622885793541e-01 -4.636329139414917255e-02 -3.689978691024753399e-02 5.334249056421735968e-02 -5.253947342556042344e-01 1.314333158804605883e-01 -5.164695145820913380e-02 -3.614293181607278749e-01 3.832108046331145212e-02 1.457288722547854694e-02 -4.265906627585552835e-02 1.088306735827901939e-01 -4.472541724038558431e-01 -6.019624190848291145e-02 1.593331807663549426e-01 2.014474815873217028e-02 -9.580461052039573877e-02 -3.444059028802598510e-02 -7.144448637584827067e-02 2.017711296366337947e-01 -2.571180155041973281e-01 -5.861939666913945635e-02 2.992544954314851902e-01 -1.282308170302580430e-02 9.702497308294866230e-04 -1.568328458977438777e-01 -1.201169439378780845e-01 2.390416914155662487e-01 -2.239356419860458469e-01 2.315207245131256641e-01 -1.135249915405124044e-01 -4.582928911802527372e-01 2.755426020471046789e-01 -1.147438544693681617e-01 -3.227245334647121933e+00 -4.802585136143514566e-01 7.071049155634512307e-01 5.494286012089018012e-01 -1.656373920275808487e-01 -3.606177426050488632e-02 -5.200104688765091465e-01 -2.534985116463877031e-01
-5.221994611334728198e+00 8.237241541817075241e-02 -1.027486294452562010e+00 -1.343544943852731599e+00 1.129598272038034645e+00 3.308153625142078447e+00 -7.654013049443095795e-01 7.225113734490292705e-01 -4.298541849769317302e-01 9.915588960218731096e-02 -3.621795847204072327e-01 1.151452136260615822e+00 6.803943525384006374e-01 2.925144574171588130e-01 -6.425487326155845391e-01 2.176368479174268511e-01 -7.902269447540541045e-03 -1.923613402163718566e-01 -5.037194614673078386e-01 2.589377485028962145e+00 -4.866652065613595868e-01 -5.608236067227556632e-01 1.024143635482608061e-01 2.469481397453102411e-01 5.177877163981907671e-01 -4.380137176977701441e-01 -8.655104618596694277e-02 1.494299513010252933e-01 2.149731692431048891e-01 5.655375819052603781e-01 -3.594988903843188144e-02 -1.115353660563070948e-01 3.415686456814842620e-01 -1.362185472138825459e-01 2.224299500748395109e-01 1.094733838390940101e-01 2.002719852228077371e-02 3.553874031677516365e-01 9.862660867767633621e-02 -2.097617199835071222e-01 5.972048472367993965e-02 -2.428251979711456343e+00 7.060574120557761013e-01 5.845445707662449975e-02 7.716377182693223702e-01 8.389193621301452852e-01 7.073325920214140750e-01 -3.914324751603383001e-01 2.846683927958915672e-01
-4.897589911836521814e+00 -8.896091622598178983e-02 -1.472263710120884195e+00 -2.275792420912342795e+00 6.004384286285517902e-01 2.353819758816797947e+00 -2.037491493344230631e-01 -4.057947446449866047e-01 -8.399328001748402883e-01 -3.849059402889664083e-01 6.483367207402869203e-01 -4.572279709232588973e-01 -3.817973467382751451e-01 -4.778585816263147268e-01 1.117918188791925949e-01 -3.507957557541088178e-01 7.749842288318375960e-01 6.496958552385702079e-01 -2.865007000380804802e-01 -1.125959470530587536e+00 1.304859196478985184e-01 4.563603954385836992e-01 2.265958860233690253e-01 -4.079517485261218157e-01 -2.560691332909857398e-01 4.293835041825199705e-01 5.280851136669816315e-01 -2.131305896058097865e-02 -2.515573451859525189e-01 2.318706472063369051e-01 -3.322352055501101575e-02 1.038748203885870858e-01 5.331719363447978699e-02 -3.144147272810834948e-01 -2.880135626677449157e-02 -1.546220086108392733e-01 1.473165706345997972e-01 1.701989266654826138e-01 2.560517693758716518e-01 -1.119121538484261491e-01 -2.832147784741272378e-01 -3.059120099608200416e+00 -3.633422708729494577e-01 5.701279148809641484e-01 4.625051376568003469e-01 -1.958528104080143883e-01 -3.428952112032829236e-02 -4.992760918826578687e-01 -2.361180641307959738e-01
-5.232011609603034685e+00 -5.269681228719952371e-02 -1.193807699566448388e+00 -2.103878768130394761e+00 1.182666066545861927e+00 2.902178881068370853e+00 2.955914580227370081e-02 -6.399250157453227894e-01 -3.822735116644915276e-02 -1.664417372785708116e-01 7.093089204484068211e-02 -6.525816919308836672e-01 -2.112049261854772042e-01 -6.736659469046163418e-02 -2.489036399380464559e-01 -7.382084689925157150e-02 9.322106288506045585e-03 2.153074694493110064e-01 3.973404201850611051e-01 -1.419043017795955652e+00 4.949513711736686083e-04 5.842277434991360874e-02 1.230517957857249767e-01 1.730686691691182555e-01 -4.719408979611609545e-01 2.382933749509146826e-01 -1.052470546474576774e-01 -2.571285185036261134e-01 2.447760069131441063e-01 3.556042413746623998e-01 3.726175287836184374e-02 -1.376193481940343188e-01 -3.297802865936844130e-01 -6.181990297056177974e-02 1.840612836156396148e-01 -7.765324086683034199e-02 -2.918958229335871235e-01 -3.881166074294571944e-01 -2.319439568368442117e-01 2.616802457263759374e-01 1.420930301465794798e-01 -3.171166669997678600e+00 -5.501733040136523867e-01 1.919979060825822703e-01 5.402511797985354303e-02 -2.616324529737603655e-01 2.803990649997265550e-01 -4.292949371087881882e-01 -2.379573253163707880e-01
-5.179281183081142714e+00 1.211128720879743881e-01 -9.868629161242934433e-01 -1.366200999156744533e+00 9.355413876443392507e-01 3.507415956451105821e+00 -8.586332069258790778e-01 5.562790899772206421e-01 -2.982535381770440308e-01 2.006774913817544470e-01 -9.889974977316019489e-01 1.085654349662081408e+00 7.645615115519415195e-01 5.204473455973090967e-01 7.313426138459107051e-01 -4.379564491407614835e-01 -6.230352436280144346e-01 -2.459586939087503865e-01 -9.100987622200072957e-01 2.787103728343677034e+00 -1.768767753396768283e-01 -4.980683294291480268e-01 7.110562445894048900e-02 2.639902312984464539e-01 2.054855034570911010e-01 -6.079060291113630443e-01 -1.329101904063392237e-01 5.536175116113353223e-01 -1.320648722036752987e-01 2.712968089233106506e-01 2.363114186394052463e-03 -9.028099250083942984e-02 5.235857502759314608e-01 1.817330580710602161e-02 3.353655635039096139e-01 -1.432997638399259588e-01 1.175346008336667775e-01 4.779821858738608764e-01 1.177202216850610217e-01 -9.216762847222290111e-02 -9.447556632706086144e-02 -2.328143463334885865e+00 5.436568365205891595e-01 6.259444431125984476e-01 8.015437835932777144e-01 1.025921567952915225e+00 5.883023194348744322e-01 -4.336589198806937162e-01 3.120562325688140959e-01
-4.975984102353887550e+00 2.230643502150081448e-01 -1.212773916208182534e+00 -1.324413975395296150e+00 1.688161575648458035e+00 3.007773343487626150e+00 -9.014078272848482509e-01 1.109597306935508065e+00 -8.279808686784650984e-02 -2.356567958866953028e-01 6.549928866501428804e-01 8.216410870849005788e-01 7.083178976588220266e-01 -1.537880455043630357e-01 -2.923728193001857711e-01 4.339839649480746742e-01 -1.556019423083464803e-01 -6.829145490800941909e-01 -2.282559868446633333e-01 2.583951151797670320e+00 -6.006534495175099853e-01 -2.257957536263842935e-01 1.312658581826798010e-01 -1.801713290101573106e-01 3.166793930977172544e-01 -1.385772129544547426e-01 4.695130681620483526e-01 1.899596698625664881e-01 7.908856515862178194e-03 1.937173427242205523e-02 2.654373212537434190e-01 2.746386573182958424e-01 5.522909292429616368e-01 4.382797046418008824e-01 2.251857543202775980e-01 6.762951554729745851e-01 4.081523297163746067e-01 -7.466295002253717228e-02 3.352126444800057059e-01 -5.587196349825562791e-01 -1.931174478277679907e-01 -2.495244879903537161e+00 1.351181364878693003e-01 6.106924957151873556e-01 9.376083685929508249e-01 1.253765868059306010e+00 8.118915977737761747e-02 -1.115098651397163909e-01 1.332144586981437728e-01
-5.232011609603034685e+00 -5.269681228719952371e-02 -1.193807699566448388e+00 -2.103878768130394761e+00 1.182666066545861927e+00 2.902178881068370853e+00 2.955914580227370081e-02 -6.399250157453227894e-01 -3.822735116644915276e-02 -1.664417372785708116e-01 7.093089204484068211e-02 -6.525816919308836672e-01 -2.112049261854772042e-01 -6.736659469046163418e-02 -2.489036399380464559e-01 -7.382084689925157150e-02 9.322106288506045585e-03 2.153074694493110064e-01 3.973404201850611051e-01 -1.419043017795955652e+00 4.949513711736686083e-04 5.842277434991360874e-02 1.230517957857249767e-01 1.730686691691182555e-01 -4.719408979611609545e-01 2.382933749509146826e-01 -1.052470546474576774e-01 -2.571285185036261134e-01 2.447760069131441063e-01 3.556042413746623998e-01 3.726175287836184374e-02 -1.376193481940343188e-01 -3.297802865936844130e-01 -6.181990297056177974e-02 1.840612836156396148e-01 -7.765324086683034199e-02 -2.918958229335871235e-01 -3.881166074294571944e-01 -2.319439568368442117e-01 2.616802457263759374e-01 1.420930301465794798e-01 -3.288092931694772680e+00 -5.559784272000775074e-01 2.959703797651480062e-01 9.399970431333060095e-02 -2.430647028691181599e-01 2.329139491334965006e-01 -4.310798318593982437e-01 -1.755399765882102447e-01
-5.082542913227976911e+00 -3.059046050945751771e-02 -1.106013670807752813e+00 -2.007519954224916692e+00 1.201458073910327107e+00 2.758459981418361462e+00 1.450853635614063331e-01 -5.272897768652636818e-01 -2.890218292468225980e-02 1.476275254283770100e-01 4.183133235507587866e-01 -5.292661687258874981e-01 -5.638431470885587604e-01 -2.149545728965504554e-01 -2.958268999581888936e-01 -6.090536131942980713e-01 4.321903154043962303e-01 3.866772274910546536e-01 5.540571477354842012e-01 -1.355330029584548512e+00 4.467139785259059415e-01 2.193633634136653576e-01 1.975103955209803475e-01 -1.167631623709474153e-01 1.202351319444457806e-01 2.078326545831638561e-01 5.342530475394084710e-02 5.545833816809912081e-02 2.178008420854458116e-01 3.450375013372607991e-01 3.017108880863060283e-01 1.969056041663375112e-02 1.699465039435436586e-01 -9.329752528309537274e-02 -1.533643395999339520e-01 7.496131604094079248e-02 -3.013534778948285253e-01 -1.981900914844973438e-01 8.483649609907257805e-01 -2.598476642415351590e-01 -1.435122131497870990e-01 -3.098460008640500085e+00 -3.552110910706975933e-01 1.216152887813021222e-01 1.200324228978442154e-01 -2.439893737996629564e-01 3.365165831373061467e-01 -4.877358944172506261e-01 -1.674482006470996431e-01
-5.222448179645917676e+00 -6.762407028513911511e-02 -1.203866664231454831e+00 -2.123268865217066370e+00 1.187306923725192753e+00 2.919315284573463121e+00 -1.767695252239609438e-02 -6.474747392649938815e-01 -1.035813481391956170e-01 -5.747553027133284198e-02 7.084644304120638059e-02 -5.711666506880374028e-01 -3.077658533191883483e-02 -8.303128647334140355e-02 -1.956355978256089923e-01 -1.432652408838412661e-02 -5.187573623305077181e-02 6.597561463752625588e-02 2.393732260570483605e-01 -1.219845904472236953e+00 3.841866365284177243e-02 7.006923487516958371e-02 1.135013973010545463e-01 2.274407076397631788e-01 -3.320499844865833494e-01 9.747369502950614661e-02 -2.602621342716576747e-01 -2.973532374036668702e-01 4.297539668719699280e-02 1.018613973095092995e-01 2.452060059009193715e-02 -6.229815958315731983e-03 -3.624293740160826616e-01 -1.406416371285024725e-01 1.929521115372581641e-01 -1.388685043655374096e-01 -4.067494077579605211e-02 -3.619647142615428637e-01 -3.463760025487596650e-01 3.164816770988667649e-01 2.515235139680691012e-02 -3.497378349639390649e+00 -6.493265546493969254e-01 5.112182683977738451e-01 1.791385763754327343e-01 -1.785377167898148376e-01 1.340463190854392361e-01 -4.062465141253500667e-01 -5.295057990919668778e-02
-5.012105462063378702e+00 -7.693454222179019197e-02 -1.696819817474464642e+00 -2.255783144511407379e+00 6.591034343967505649e-01 2.005437599124315184e+00 -4.218123136980828081e-02 -2.442125352311834419e-01 -4.268072343703470661e-01 -3.758132525530378798e-01 1.023314266277293605e+00 -8.405650746564883313e-01 2.714301318504641625e-02 -1.961139422738821247e-01 5.197372105958346367e-02 -8.736629387152826387e-02 1.666286702893559485e-02 9.517069370585265475e-02 2.508172310901035651e-02 -1.201933435414054063e+00 4.291330976048605694e-01 5.047144471776405794e-01 -5.643362368241437721e-02 -3.434554480502611806e-01 2.004596146146548907e-01 -2.822496028685667069e-01 -5.638161408737383251e-01 2.542819638145533689e-01 -6.288893482003325985e-01 -3.357096387005233384e-01 -1.001994229931191527e-01 1.376998768889372560e-01 -4.903638894850209651e-01 1.167829679675891352e-01 1.715384441606115362e-01 9.333040646784876437e-03 -2.554701563952976873e-01 1.940973501350020947e-01 4.074365562865758239e-01 3.758081901905116484e-02 -2.971796725640255543e-01 -3.543131743401306988e+00 -9.676625941036036682e-01 4.429441651771942601e-01 -1.241083447497071113e-02 -1.685983325040198155e-01 2.734232203299005737e-01 -6.137490202406059581e-02 -6.718804311835826354e-03
-5.223483904253032328e+00 -5.805911773023003652e-02 -1.194971065104175612e+00 -2.103959965703168677e+00 1.176649696838760306e+00 2.866666789302341645e+00 5.500843001770894247e-03 -6.687332146997854165e-01 -6.638599765802294383e-02 -1.299601374427725164e-01 8.506586780771682732e-02 -6.349319970482517617e-01 -1.582994008715076506e-01 -7.459034632844357970e-02 -2.051334215629987134e-01 -5.171391033977551510e-02 -3.751278167912960176e-02 1.385184881033546533e-01 3.605109277478707464e-01 -1.416542373460826454e+00 6.824916251733251227e-02 6.867473159147330364e-02 1.084718722520054135e-01 1.807048608182576233e-01 -4.119259182341363235e-01 1.809695138502820932e-01 -2.105818977253833268e-01 -2.449974515895015081e-01 1.211100963516486273e-01 2.043212376425440069e-01 9.170744963253707471e-03 -1.098268459806867048e-01 -3.587079432806929979e-01 -6.446197931158476058e-02 1.507909301335797481e-01 -9.286088361916461364e-02 -2.018932220458042326e-01 -3.727031177861699351e-01 -2.941853793985855781e-01 2.611978547342250767e-01 1.444756431045552403e-01 -3.397746671094961091e+00 -6.926106036444209524e-01 3.894057070424031264e-01 1.346242787476061853e-01 -1.804644170989421204e-01 1.925404047811873354e-01 -4.012929497479348351e-01 -1.296834980014897609e-01
-5.180207052711923055e+00 -2.556592832748932898e-02 -1.254371726073275850e+00 -1.655849834245498364e+00 1.188932386279031084e+00 3.159917077501142924e+00 -7.458202352117798695e-01 5.561048576301981239e-01 -3.999450644731465943e-01 3.047939945437313503e-01 -2.148075211526817574e-02 1.170945131354141022e+00 -8.974084903991291773e-03 4.927646382460777463e-01 -8.437387362923746137e-01 3.771549819008767068e-01 5.930150466353697331e-03 -5.710971274398962683e-01 -8.588132714671615764e-01 2.773030425120307729e+00 -3.408386494888105966e-01 -3.452306865269224589e-01 -8.563195356541655756e-02 5.993335062395018786e-01 1.821327081286064908e-01 -2.857855216502228624e-01 1.055001538972992342e-01 -2.390436438499725924e-01 -2.412706112084100907e-01 3.315061138574635496e-02 -6.034111107688500120e-02 4.529114981781102722e-01 -1.705342808636831076e-01 1.054612916125410027e-01 4.274516765513026173e-01 -4.798013463001848944e-04 2.828168678280792644e-02 -2.003334061695962731e-01 9.253463631655944877e-02 -1.989631731370482826e-01 1.927312397040799041e-01 -2.503134335512445130e+00 -9.410422459101508430e-02 -5.205337184718741295e-01 3.999809739903497086e-01 1.152337658239592111e+00 2.906237189946722088e-01 -2.059775196208490367e-01 -1.246171820103331579e-01
-5.310325055148167550e+00 1.229427660253076260e-01 -1.132779037016666157e+00 -1.551937339373358204e+00 1.138107218817154820e+00 3.105094107632307310e+00 -7.381064798708092400e-01 8.467177882472093353e-01 -1.144874477028088033e-01 -2.874739493137966617e-01 1.965785305872696787e-01 7.276104078866154623e-01 7.338133502231513061e-01 -6.511105573385894685e-02 -6.558413554165362092e-01 3.792171516970421763e-01 9.867597608445265178e-04 -3.290174899839193867e-01 -4.109940997290112974e-01 2.592491676014726298e+00 -4.232952846703455507e-01 -4.559507327610997640e-01 3.063122255863203747e-01 2.341151618772012999e-01 3.714061708705952980e-01 -6.224614746180122671e-01 -5.777677457361273250e-01 1.907611687052685467e-01 -1.036970227978467607e-02 -1.205026497677138750e-03 1.090982200631641641e-01 2.708810077851592224e-01 -1.351979381686149728e-01 1.078566940261716511e-01 3.294896548934702074e-01 1.570038572385052955e-01 1.615578348180702062e-01 -2.021434335024502316e-02 2.101629163003761458e-01 -2.874084635614645999e-02 -2.738174858133831657e-01 -2.935928277540216680e+00 -1.239184060267684018e-02 4.143857477981683912e-01 1.000078931507832669e+00 1.148220308439605430e+00 3.612929221277698666e-01 -4.680780097527549310e-01 9.841321815968090414e-02
-5.239640726964540640e+00 1.423538115494792367e-01 -1.027310860183660912e+00 -1.528727611458624791e+00 1.102448557548975527e+00 3.173949254342324000e+00 -8.371533523165541890e-01 9.296898599475480474e-01 -2.108091269696679149e-01 -1.575067016756476757e-01 2.811828447371335082e-01 7.198027563273956542e-01 6.011566858177471717e-01 -1.899277594686896165e-01 -5.819302728779733869e-01 4.783579895137249904e-01 1.322258083028881107e-02 -6.456360368161483398e-01 -2.804537967130747989e-01 2.487911578697076909e+00 -3.623039153960674330e-01 -4.884142388890099218e-01 1.141796722914874967e-01 7.287752766154370621e-03 2.248992724118303310e-01 -2.483066945159154437e-01 -3.425704480288344622e-01 5.394345648266444249e-01 3.620707014525716139e-02 7.227481487989974307e-02 2.313474383081259855e-01 3.056338478873698028e-01 3.353718488661420194e-01 -3.409972747930694603e-01 1.968550004265045561e-01 3.530749716509787306e-01 5.096809142214137056e-01 1.208728038029689977e-01 2.614640748076116350e-01 -1.920547920308915690e-01 -5.425438094692966451e-02 -3.067904684012281002e+00 1.752255149139898549e-01 2.284502080221514353e-01 6.854969914131789910e-01 1.127954637257927883e+00 2.661596166496462135e-01 -5.429535315328012368e-01 2.965077751095194017e-02
-5.051030728276924897e+00 3.436932433215795779e-01 -1.072444655922920376e+00 -1.583977002845142978e+00 9.404953033472629453e-01 3.324146029477856423e+00 -6.677617355269953592e-01 6.391400428481288643e-01 -2.126911110406545791e-01 -1.332035597357111856e-01 -1.786702549480672364e-01 1.215479015281341946e+00 3.489383386760279704e-01 -7.704147835937141808e-02 -6.194826757666993533e-01 5.029145726551240703e-01 -9.698275368713882294e-02 -6.077992653290265057e-01 -5.493313478084012047e-01 2.695550394086922985e+00 -5.829389627202389290e-01 -5.592082802201618907e-01 1.413450199859560552e-01 3.641639232114002311e-01 1.734554400196429702e-01 -7.592439972627842426e-01 8.496207504477289174e-02 1.809828472068143040e-02 -1.127913218319206989e-01 2.133451402935976349e-01 -8.134654304014973802e-02 3.041929864348212886e-01 -3.908559347488407831e-02 -2.000861094018407949e-01 2.032266393937618987e-01 2.218924817116066650e-01 6.291636619654078499e-02 -2.021551764452798605e-01 6.433177361736691635e-02 -2.070877516865994028e-01 1.000356673499273319e-01 -2.650135875737809066e+00 2.955481736317495667e-01 1.454338570333507663e-01 8.971309264567250974e-01 1.301455950003683304e+00 -1.110392797094679751e-01 -2.948857830869195396e-01 -1.298977920395908980e-01
-1.741408047042096729e+00 -1.587128788180703909e-01 -2.991162924380011301e+00 -2.660806859728404028e-01 -1.287142879450037025e+00 -1.072510154187041209e+00 -5.197575649708160439e-01 2.983231818232964239e-01 9.049444308875070897e-01 -1.081009780357712557e+00 1.013597232985095520e+00 5.977405635209006585e-01 1.564903754168419647e+00 2.794209090697266085e+00 -8.611682940032918676e-01 -7.189093524671260615e-01 -7.193874071079530141e-01 -5.042693905640331931e-01 -1.286475631341190695e+00 -7.119601492908201879e-01 2.407206674102447819e-01 -1.473796718718706433e+00 1.302179528723813373e+00 -9.949932008833560770e-01 8.346407009322096560e-01 8.165408383573469209e-01 3.421428005661551752e-02 2.591996374102195633e-01 5.526612326330062608e-01 -1.592729692455220336e-01 5.010507388488401326e-02 -3.154355654542846943e-01 2.946887548662397993e-01 -7.904984130101651019e-01 -2.732499567013748631e-01 2.250084011841996245e-02 -3.458393174946911564e-01 8.716808052087648973e-02 4.771309403247469549e-01 2.752721751777795767e-01 -4.527612569718122426e-01 -1.674472398321273037e+00 -1.262059333179800236e+00 -5.399523649641686518e-01 6.749945940387303001e-01 -6.659537391779712934e-03 2.779628723106973842e-01 7.436060650567734021e-01 -4.392967634332267668e-02
-2.596237714505826411e+00 5.870981133086591308e-01 -2.162565612094038414e+00 -3.896232350216075613e-01 -7.100410623555828415e-01 1.559430764492717447e-01 -2.542766948795389670e-01 -6.107285984928269018e-01 1.027177496066005613e+00 4.110059153221887196e-02 -9.386752349484314140e-01 5.282029609546370352e-01 4.957004789190486704e-01 1.640750361260978840e+00 1.169389218537787878e+00 -5.174496750345914942e-01 -1.005095853439307962e+00 -3.177158627971939930e-01 -7.454885375899842348e-01 4.382641143711500931e-01 7.997999570831657579e-01 4.977801342544356245e-01 8.648186543791716030e-01 1.094804469132060420e+00 -2.466299138849177841e-01 5.503116040176053714e-02 4.352878304057309911e-01 1.355285476165424829e-01 9.838541626966599285e-01 -7.058379783482424674e-01 -3.389518421737428011e-02 -3.426307310552350049e-01 3.226364857996127933e-01 -2.222986519777020997e-01 -5.664286969401854943e-01 8.207031479719903433e-02 -6.316744824642684941e-01 -1.342787463515871860e+00 -6.384545480174156351e-01 4.155325034202356216e-02 1.465792524968154042e+00 -1.681160683682387358e+00 -2.112163382439038450e-01 -8.747451252598525961e-02 -1.486997648603946010e-01 -2.476852886376279816e-01 5.870013643335120213e-01 1.208502714665177363e-01 -3.529627285412784699e-01
-1.134456712601377593e+00 3.759596946474421664e-01 -2.508959585998447483e+00 2.337566260605550283e-03 -1.316244892750235707e+00 -2.883124229646693015e-01 -1.221343598051145563e+00 -2.435169297014859180e-01 4.881035372033321051e-01 -8.211732981083728067e-01 1.125165787384992955e+00 1.998341526645106780e+00 6.040147758825575863e-01 3.613466804121268638e-01 4.545322830108111667e-02 -9.545578987666802906e-02 5.346720314347939151e-01 -2.911499566450995863e-02 1.172149697366705379e+00 -1.504007378274203333e-01 -3.622136077128598197e-01 1.482841645931048280e+00 -1.345474014124313555e+00 6.738570358779012448e-01 -6.690756700822562131e-01 -1.092954101918949705e+00 1.401107296811116010e-01 5.287628104628978171e-02 -7.669650062713505578e-01 -7.718518381335731648e-01 -1.731062068141403232e-01 -6.191863223214539858e-01 -2.798441369901982778e-02 2.222082997730747411e-01 -4.328257869622622600e-01 1.774440351365758617e-01 -1.844200849626475014e-01 -1.043567963036362983e-01 -4.806721958332808020e-01 -2.319734817707157226e-01 -6.132413199155370420e-02 -1.790739060932974080e+00 -3.522665937823469262e-01 2.756403219557956863e-01 5.395041674841711821e-01 1.778384493232310737e+00 -4.885777134974659819e-01 2.557267555782992696e-01 -3.210039512032588638e-01
-8.242268866797357596e-01 6.653276567339770908e-01 -1.437651087949405548e+00 -2.244866190652627935e-02 -7.322849387200419669e-01 -3.606881970256603509e-03 -9.256111376368789667e-01 -5.110520925617556554e-01 1.378071368964234322e+00 -5.016191453920527676e-01 6.698153756096608680e-01 6.633588735722479868e-01 4.261731960586850887e-04 9.495957363675822105e-01 -1.633684939822250548e-01 -4.152215260666018981e-01 3.606891548749497356e-01 7.495454395398043479e-01 1.408290429604801552e+00 2.365561317525691210e-02 2.594991158599481151e-01 1.496352576144616586e+00 -4.132525608006827333e-01 2.114157451478607397e-01 5.367992929827860582e-01 -4.243438286339905607e-01 -5.653913213098304968e-01 2.475833478525569509e-01 1.464012288470525558e+00 1.075801790650554146e+00 3.937641955154931317e-01 2.896564267470599363e-01 8.004454903302021807e-01 6.235071864502819139e-01 1.144988691736179010e-01 -1.502938147935343471e-01 3.026400238671088649e-01 -2.447902165674132047e-01 -2.393746703988005597e-01 -2.199354299600438656e-01 8.667109575152314171e-01 -1.478057405836024074e+00 6.683675549914891434e-02 1.700577898570411750e-01 3.528933351552143716e-01 -6.142435734657364366e-03 1.302809550693941332e-01 4.373753927768947447e-02 -2.073038977910212841e-02
-8.375301788786950752e-01 9.014102325713257979e-02 -3.155601663111648136e+00 1.211342673735793518e-02 -1.437842363951478797e+00 -1.051746002106056288e+00 -6.455048780075078874e-01 -2.744712912959828000e-01 8.685634134208628510e-01 -8.163896303720087344e-01 9.607777855360893904e-01 7.303373918809118459e-01 1.142192971696541104e+00 2.117807118018334656e+00 -4.824502210904245691e-01 -4.775511556109069966e-01 -1.132052087522424505e-01 -2.730734963784784419e-01 -2.748775463203572134e-01 -1.001838947291131543e+00 -1.594700102692592214e-01 -7.969682950648806496e-01 1.844380499927378014e-01 -5.640752302915794658e-01 1.948814523867891113e-01 6.130181083338253067e-01 -5.739144670924269942e-01 -2.306314223136058106e-01 5.357623508247699728e-03 4.373684025164592537e-01 1.284906521562667880e-01 8.725349080397281076e-01 3.241429066902937750e-01 7.807866002971339259e-02 1.129414386792443104e+00 1.243653443469280168e-01 -4.030492558749600857e-02 6.128786504079949404e-01 -3.576094132851331819e-02 -5.833344917405225427e-01 -8.532414680754308867e-01 -1.966313667400609866e+00 -1.092188645687810933e+00 -5.279010627792217747e-01 -3.515354655978049081e-01 3.223810038544783207e-01 3.697317637120464684e-01 2.961951496598022593e-01 -2.138253811545315006e-02
1.768556393165164664e+00 1.054784285742524030e+00 -4.832945274686704096e-01 -9.334193582220381424e-01 -9.120930636045628814e-01 -5.362036890383026222e-01 -7.653026531183004799e-01 -1.806866205834059547e-01 8.409017857530445839e-02 -7.450638783491245754e-01 4.472510686330263274e-01 3.258600314704251377e-01 2.199467490216422128e-01 3.790242427546479664e-01 -1.722524645683568001e-02 1.560215041600064578e-01 6.998656782476850302e-02 2.744448645099649142e-01 4.623122730718902673e-01 -5.377370789726629297e-02 5.432076692635917636e-02 1.157044541200013654e+00 -4.229395743800516971e-01 3.920198648688989485e-01 -2.156070753313545363e-01 -3.819623705095000488e-01 -1.705838808264750206e-01 1.378351842403815197e-01 3.070055365059253250e-01 -1.733853820254743217e-01 -2.929385097404723082e-01 -6.287954308740083542e-01 -1.005240495605247419e-01 -2.958880719034375217e-01 -4.992378739997754833e-02 2.799487895918102431e-01 1.011899625642832090e+00 8.930418907146047136e-01 1.088273213844412890e+00 5.843340738512428634e-02 2.270834434925519674e-01 -2.399255454781710206e-01 -6.956285225053991939e-01 1.409814673672770413e-01 -2.698142543847110719e-01 4.975186195974112824e-01 -1.686714712913539582e-03 3.413926967872761842e-01 -3.763438764703173067e-01
-1.530487389191343528e+00 4.609778221153860711e-01 -2.993025821944838682e+00 2.657241019630718348e-02 -1.636940929017246971e+00 -8.059152291185502914e-01 -1.370133045120881299e+00 -8.077067588638513207e-03 8.447734291287775088e-01 -8.671962328119863228e-01 1.301986966911475196e+00 2.061543291138401734e+00 1.387994137616430201e+00 1.898002190012406665e+00 -5.029290199001944517e-01 -5.545718612055839936e-01 1.758714894776563786e-01 -3.505172839388003281e-01 2.321214472982047194e-02 -7.519975884908050023e-01 -3.875863670165860531e-01 -2.013593047052072982e-01 -4.348945680423110804e-01 -1.059824662141498203e-01 -1.158140043902851635e-01 1.825749288730406650e-01 -5.074594963721008600e-01 -1.282053669214206493e-01 -2.026980140312262257e-01 9.604217004998383267e-02 2.955267939960146695e-01 8.238092517419625116e-01 4.314013246715514560e-01 -2.197016187628818007e-01 6.429358677766017216e-01 -5.496592378065917606e-02 -6.823730108662701133e-01 3.363063439349420758e-01 -3.048246326755669200e-01 -5.407962455252754985e-01 -1.209527134444423169e+00 -2.044034803614002804e+00 -4.484889325949564798e-01 -5.428382859680165318e-01 1.507637156067382911e-01 1.656038696531611620e+00 3.145277616208391747e-01 3.087154756410577239e-01 -5.415385349250846636e-02
-2.240462584092345999e+00 3.040047949929614024e-02 -2.978617070978718750e+00 -3.915650397570833441e-01 -1.270098865411620981e+00 -1.126126079693871684e+00 -7.089873372553359143e-01 1.216034493573934228e-01 9.060821337740575521e-01 -9.985563020868323258e-01 1.270505277955560564e+00 8.276901663250090246e-01 1.415269695600887445e+00 3.152647839857773970e+00 -7.811956312413833592e-01 -8.207701688269050111e-01 -6.417359530830902825e-01 -4.731504522288829673e-01 -1.159711348774439266e+00 -3.421106689808969814e-01 4.523519383273152950e-01 -6.521241008771843095e-01 8.382560236917866447e-01 -3.764562554299801800e-01 7.246292452920641836e-01 8.190923555873594886e-01 1.814942362055776970e-01 4.254913669734622372e-02 5.132655012194113908e-01 -2.183439978884051946e-01 -2.198615073240718643e-02 -2.580379957585806627e-01 2.835638492658303367e-01 -9.266231014280090772e-01 -5.360733270611828249e-01 -1.435574424987468845e-01 -6.010088611885218146e-01 -1.964235037071880297e-01 1.935046706710990827e-01 4.484173460079038387e-01 9.924405107919076485e-02 -1.938364912111161464e+00 -1.099652553788130316e+00 -4.945380270962747571e-01 6.376447714283355328e-01 -2.067587831787010000e-02 1.961895513918850975e-01 9.137877045069371373e-01 -2.810281006027698925e-01
-1.446606309714474570e+00 3.520192100078813890e-01 -3.065056819778330333e+00 -8.058083955657346920e-02 -1.333698490836718431e+00 -1.070206273282888754e+00 -7.950869471924418841e-01 -4.431763392772656296e-01 8.759122061224137168e-01 -8.435976596944293471e-01 1.195271468215552302e+00 7.977291628845615268e-01 1.036594343623870040e+00 2.352328773611979784e+00 -3.744316968298163628e-01 -5.007501934513542974e-01 3.209399411780253925e-04 -2.772164264454514138e-01 -2.155334988216626169e-01 -6.974681092456116449e-01 3.124739522487071652e-02 -6.688826443389894738e-02 -3.774723795605248178e-01 2.110330969696385395e-01 -7.019806327739142038e-02 4.155103751270104451e-01 -4.684958043328961153e-01 -3.354542535240075951e-01 -8.390596075763609440e-02 5.327875029382580507e-01 4.478100607850155068e-02 8.446368112685281870e-01 1.077537742793321929e-01 3.966199490350214019e-02 9.874601609482516196e-01 -2.553164843010670149e-01 -4.116142488301032798e-01 4.166092515440099620e-01 -3.376350582386469235e-01 -5.772972064003307757e-01 -3.903983329168907446e-01 -1.962150884391363981e+00 -1.216158988412380682e+00 -5.749466369339470972e-01 -5.153867739638060552e-01 2.276676186610449015e-01 1.471609932889330064e-01 2.648855140567039079e-01 6.578751784448425011e-02
4.730988391769397339e-02 -3.295903976921180645e-01 -3.209072508762141229e+00 1.218691912966817448e+00 -8.621819137195081417e-01 -4.826783041415899644e-01 4.320585411316960056e-01 2.847737523778345325e-01 -2.088235752767443887e-01 -1.002337248532170655e+00 1.541760564438345860e-01 3.462653750994722501e-01 4.853146699250557861e-01 4.820422194784929060e-01 -5.418716785012139825e-02 1.296333789424273797e-01 7.511256396913293387e-02 -2.350460020522656679e-01 2.566695784417362125e-01 -1.726982536170086902e-01 -4.677609648112242280e-02 6.445446952104476601e-01 -4.677048965500245625e-01 2.784886618710544770e-01 -6.538264503946087380e-01 -4.454465575919454023e-01 3.000829944693754747e-01 1.161957046842064800e-01 -2.415422800533497116e-01 -2.884904085003436869e-01 1.596613116031311841e-02 -1.395196279183581467e-01 -5.967153274596026513e-01 -3.977635609392091154e-01 -3.935606922408817487e-01 4.318064254293588755e-01 4.490345170662209395e-01 3.441352152325992675e-01 8.137157196419831928e-01 6.285393782124766293e-01 1.987725481010365336e-01 -1.431681479153299463e+00 -1.353473895550181272e+00 -3.920508253919613995e-01 -1.491443888163734854e-02 3.795313046304860105e-01 -3.899654481380653848e-01 7.534044400565370614e-02 5.266524158928735933e-01
4.451702993991544233e-01 5.498130519574552233e-01 -1.584586931775274987e+00 -3.132522164234941009e-01 -1.117872060326395189e+00 -5.881982178631166569e-01 -9.943469626628718139e-01 -5.767713615169234309e-01 8.649805393483381843e-01 -1.229339876069769133e+00 1.379003824035224257e+00 6.005475647942799533e-01 -5.314215407290756588e-01 1.754770333130440396e-01 4.336102526927642087e-01 -4.155993468662404489e-01 1.715057199467422827e-02 2.448232918149414461e-01 1.334318024895224220e+00 3.312880372205989632e-01 -9.686758635339635937e-02 2.150986614985153089e+00 -1.819799243730735594e-01 4.329292205226630275e-01 7.791421280481585221e-01 -1.145805005594837667e+00 -2.713708703433088676e-01 5.476885727121557634e-01 4.263952981459451785e-01 3.374321509681804665e-01 -5.451055481283745285e-02 8.662865929371377227e-02 -3.897510061901571232e-01 6.147759900122562460e-03 -3.102248646846242353e-01 2.252264948216673168e-01 -1.923969731053276969e-02 -2.580376738741688714e-01 7.884805610628808914e-01 2.426901284736444897e-01 9.518772282177023758e-02 -1.974285321785886893e-01 -6.263095643373706167e-01 5.634040630987755538e-01 2.815680309999135655e-01 2.358630959802576754e-01 -1.034989903898049457e+00 -6.613888774226753808e-01 -5.702323610060260339e-01
-1.257374025213288782e+00 2.069549278045602625e-01 -2.907823814460869016e+00 1.288878118585512489e-02 -1.404734092073051110e+00 -7.683300773009863471e-01 -4.142787420195648829e-01 -5.050192035934277790e-01 4.962655798562082277e-01 -2.006115242961041822e-01 1.584844333662886739e-01 6.786189518793490638e-01 3.186905524703089743e-01 1.406237221140827165e+00 1.487577803720797343e-01 -4.631182094361869783e-01 -1.285741391467315198e-01 2.707942514062958161e-02 -4.108227338597725264e-02 -6.414323850579738417e-01 -3.197280058332808150e-01 -1.373281044589249322e-01 1.199858212169766236e-01 -2.991931883718327301e-01 -1.314455627766160650e-01 -2.453339869870396761e-02 -1.426749030869285395e-01 -3.737249674095897145e-01 -3.698906363360868754e-01 5.015967417535994732e-01 -2.429644245796624691e-01 4.508367664693607724e-01 4.331746965729408316e-01 7.049583055863054559e-01 7.809085706975651409e-01 2.216183212640587818e-01 5.621911298757885644e-01 -3.940723978782485065e-02 -3.322777024356471376e-01 -5.202528956150583861e-01 2.359782986134646710e-01 -2.064223088044427890e+00 -1.501983758387258394e+00 -3.251016766241106581e-01 -4.444926780283867673e-01 3.182610130796242331e-01 3.719670087861292052e-01 2.850545223784984317e-01 -7.129582449246124609e-02
-1.061730560392589506e+00 1.130944616064890607e-01 -2.775682066405349424e+00 -2.693053139722603184e-01 -1.369692069351275743e+00 -7.426252654224541061e-01 -6.539870426197710307e-01 -5.577140966194770177e-01 6.256949553864790126e-01 -1.628184039712196607e-01 3.767883434529907816e-01 7.406029761994854521e-01 -1.014103353075090641e-01 7.122834480777242572e-01 8.275111812033358882e-02 -2.367709890847572718e-01 3.532104514632568582e-01 1.349665922285964159e-01 5.333425327916231362e-01 -1.680259300479284845e-01 -4.203225650549141101e-01 7.428425931667541615e-01 -3.275168870031386348e-01 1.946210554471186904e-01 -2.124858839435357916e-01 -1.169422125621223829e+00 7.088589093286914999e-02 -3.918374783449449783e-01 -4.744243237046127382e-01 6.851542347421589740e-01 3.076407598200672777e-03 -3.815107156032360169e-01 -1.950236089490342828e-01 6.587911622907534070e-01 -2.275602432951799314e-01 8.436040356476842694e-02 1.724048205858121907e-01 -3.577654494470879909e-01 -9.370695654404241903e-01 -5.421437598832936633e-01 5.169293718743835919e-01 -2.099872329474403720e+00 -1.292305380582865482e+00 -2.317894667960648802e-01 -4.076870695129342081e-01 3.297723596977121807e-01 2.345855318200167905e-01 1.108695947873793997e-01 -2.123920922350273077e-01
4.945131820269432765e-01 5.681875187051065312e-01 -1.305646780120187422e+00 -3.791373488310294526e-01 -1.655930184856185816e+00 -1.977661351983044380e-01 -1.028309452489708065e+00 -8.613172734185017276e-01 4.912170110556284275e-01 -1.346507127387314817e+00 7.819507994233140247e-01 1.109667754668535178e+00 -3.570576276760615286e-01 -2.340326256996004828e-01 2.066500525102708874e+00 -1.199372910293580619e+00 1.233371571574849584e-01 5.032487220873427258e-01 5.520252969381685970e-01 6.699465942927927964e-01 3.876311309075102796e-01 1.723169719173098580e+00 -4.243458285816008591e-01 7.277175136469096195e-01 -6.016338209409466398e-01 -3.865509700860588205e-01 5.125947849035409343e-01 2.096859473921816319e-01 3.127457853488392892e-01 2.343109471318778614e-01 -9.070764794673516485e-02 -3.496371895822115716e-01 -4.481471001065675530e-01 -6.563922282263920938e-01 -5.552839182984354860e-01 -1.829204377739679366e-02 5.314071504658900436e-01 2.303027232915282607e-01 2.988074437271941997e-01 8.763991341987038552e-01 -3.177682572776930892e-01 -4.778423998471112988e-01 -1.896951537428146484e-01 4.052879251275058881e-01 1.718025927441753087e-01 4.027115087897894519e-01 -4.776689027241241559e-01 -9.883161795145922746e-02 -3.419626643206365446e-01
7.819370107448255780e-01 8.977953140567854762e-01 -1.470087681001310820e+00 -9.268925770842137979e-01 -8.021293903935406977e-01 -6.918614382204512081e-01 -1.038108964179025984e+00 -3.683891503419544078e-01 7.219413956293153634e-01 -8.743966225860603236e-01 1.393969593442552890e+00 4.674883891843896744e-01 -4.036855007492240466e-02 3.583488494451923523e-01 5.951006395841734742e-01 1.604817984840719858e-01 4.715505286558091536e-02 -2.848495378657433519e-01 1.377727134368688322e+00 2.216945818733926654e-01 -1.203333768157649059e-01 8.650121162801198693e-01 -4.458106826345972218e-01 -1.789529892793800814e-01 -2.909275143553171072e-01 5.369026713047847510e-02 1.090652814331883186e-01 2.948780835806127931e-01 -4.620741293364604152e-01 -1.075417608396352226e-01 -6.831100757691249692e-01 -4.703746763955680699e-01 -6.236133717911448993e-02 7.029511597817279522e-01 -2.475314730529213081e-01 7.601635654608744908e-01 1.075714869098106208e+00 -6.492242340563474101e-02 9.319470915330192451e-01 -1.935320066502900782e-01 4.699832066820723853e-01 -5.646233082775000689e-01 -8.588896417987710308e-01 7.215015048122428443e-01 -3.474143717347351612e-01 5.810997154559195410e-01 -2.854673411600307520e-01 7.059792671737920022e-01 -3.606847485198614867e-01
-1.639837522368031486e+00 -1.126336438464149436e-01 -2.948617328965183582e+00 -4.838155576251625956e-01 -1.366428599142286204e+00 -1.023462295445435988e+00 -3.738566305368061782e-01 1.455632840934160122e-01 6.548798184822269830e-01 -3.642846486931001770e-01 1.853290357792346521e-01 5.255280925781050660e-01 7.399963724223377337e-01 2.145322674793141982e+00 -4.352296278599563362e-01 -9.637301833710152366e-01 -9.844097842041630297e-01 -2.099308874386153767e-01 -1.020129229789687786e+00 -3.809261742919947125e-01 -4.017672103864210198e-02 -1.114326075550874817e+00 1.423857503496169796e+00 -8.929135226177490336e-01 6.561977647380023981e-01 4.057075861188214616e-01 2.701156309648596321e-01 3.399040401111361881e-02 1.085263617513832768e-01 -1.086585971075923890e-01 -2.947485568705241477e-01 -6.789887189422449953e-01 4.331351954650561886e-01 -2.147968377238949622e-01 -5.153487904414673082e-01 1.025877028312129069e-02 5.402479578801459015e-01 -6.421909579527200762e-01 4.366147553888272137e-01 4.107289326216894132e-01 1.815962784634483906e-01 -1.528075947631408305e+00 -1.793286385731964305e+00 -4.042654001307385836e-01 5.915435009067639971e-01 2.785339670188929917e-03 2.528015045499482083e-01 5.651500698992208971e-01 1.044645681145840721e-01
-1.453128712260232991e+00 1.950485898854296130e-01 -3.179810918789094387e+00 -2.590678353689070956e-01 -1.437321551565738931e+00 -9.877517653724935398e-01 -6.520613492215947549e-01 -4.509286132454856100e-01 7.255907600279345449e-01 6.148611404049564300e-02 2.072968878904655199e-01 5.824846801090464155e-01 2.442935158239220861e-01 1.783677041835731059e+00 2.425351714203788367e-02 -5.933978969660439473e-01 -1.495819939759234218e-01 4.135730315092066289e-02 -1.625914828936416701e-01 -4.732903055956416694e-01 -2.325488598941776175e-01 -3.879629575110446482e-02 -1.247550202541844733e-01 1.376042413025294620e-01 -9.868601112443781131e-02 3.547345392643631024e-01 -2.013369829625735186e-01 -5.361951295483637914e-01 -4.375131434099595040e-01 2.302795742967417014e-01 -2.549703302898690405e-01 6.950284317220810637e-01 4.424811669007071568e-01 6.956133048415034104e-01 6.147449505468407516e-01 -5.238018856821505254e-02 4.651804564265967223e-01 -2.522648922719171738e-01 -2.839685221258696490e-01 -3.384878600934746462e-01 2.449395418542537894e-01 -2.064820551641602719e+00 -1.512427433898586138e+00 -3.552959901518293884e-01 -4.904707630162519760e-01 3.402705997643427627e-01 3.223162605512322476e-01 2.905043848227199521e-01 -9.399982826092252719e-02
2.057113993197168256e-01 5.381599261546904378e-01 -1.316183676833529326e+00 -1.840985311393690260e-01 -1.760167713826058744e+00 -2.849944493900024023e-01 -1.675412478286138152e+00 -4.530077117083096683e-01 4.717929688748528916e-01 -1.040688258652073817e+00 1.594135403044987020e+00 2.046401907421801614e+00 -1.064680340350050713e-01 -2.837413347793373286e-01 2.757878945532701298e-01 1.684760667714305105e-02 -2.053987593282991797e-01 9.405958148266976848e-02 1.409626439306818746e+00 8.126612286942650476e-01 1.562510228710192739e-02 1.569481054249741714e+00 -1.239047110469857049e+00 5.934627588558770706e-01 -3.867519628029987833e-01 -8.211327398009389267e-01 2.717136699155973112e-01 4.137886636474717023e-03 -2.749651808776827355e-01 -4.312097798781309166e-01 3.389442761587321828e-01 -5.377165187021550885e-01 -9.057557961844001082e-02 -1.013178347585842687e+00 -8.130395746873455565e-01 3.221492143039320633e-01 -2.502759369256910560e-01 -1.629872393616630388e-01 7.275091127760604515e-01 1.109916674445059204e-01 -1.072989868735210850e+00 -6.769375313790004789e-01 -1.969208755331703919e-01 -2.075108072009152482e-01 5.749765559708586160e-01 1.958104559148211576e+00 -5.907106888791768817e-01 6.325564744050914401e-01 -4.318916059231497351e-01
-7.635400002975920586e-01 2.258286347434164121e-01 -3.048778980585296949e+00 -1.693116271596106781e-01 -1.467314133849378921e+00 -1.222097521923695584e+00 -6.245009747099325992e-01 -3.252189377058692377e-01 8.325167098711288016e-01 -7.068726860944331003e-01 8.918770689026433995e-01 5.903123576344018186e-01 9.888853349135620086e-01 1.871421149929419103e+00 -5.648597704155041699e-01 -5.885225902131824283e-01 -2.787091317865185158e-01 -2.079986098765027880e-01 -1.509222989455263342e-01 -8.027223044356707193e-01 -1.843224003302624259e-01 -7.602390987365148511e-01 2.429286312284334448e-01 -4.468006359968305086e-01 1.894836074465996445e-01 5.640267709683619568e-01 -6.546952298927631864e-01 -2.598164850945176574e-01 -1.395244828271321458e-01 4.498383263689250122e-01 1.127860108540049006e-01 6.374847375848499142e-01 2.639105825092130653e-01 2.028895236712186523e-01 1.163733678069609256e+00 -1.043344578906107156e-01 2.442644911095570581e-01 4.415171997773712498e-01 6.843331860905466080e-02 -5.662321311788673928e-01 -8.782789736485426824e-01 -1.769856963717297393e+00 -1.476406184604314387e+00 -4.617083145430949664e-01 -3.996019907072166921e-01 3.865517598057931492e-01 4.118504994487106052e-01 1.190783888689785353e-01 1.639842041667712302e-01
-1.495755914986080626e+00 4.537742579196942794e-01 -1.879330810417808362e+00 5.062657565937485060e-01 -7.354546661347179937e-01 2.920387780249042997e-01 -1.067751482555837850e+00 -1.888889884586703594e-01 6.697233947859445591e-01 4.120800606088033113e-01 5.419729432310652073e-02 2.284099890508760389e+00 8.159811419446664216e-01 6.254193374025904806e-01 -3.260407949541608286e-01 -3.223641297239461245e-01 4.400413609868959464e-01 3.543037838376693061e-01 7.311611639148786201e-01 5.348601979698805464e-02 -1.267787880620953600e-01 1.069143348531729876e+00 -8.924342840443778568e-01 7.412101834615920648e-01 -4.870123833502199018e-02 -5.288607159883014219e-01 -5.063831888750334187e-01 7.255598570448745788e-02 -2.139191723915579990e-01 7.124038015762264309e-02 -4.730981066392114798e-01 -2.095478746109297186e-01 4.029627396883036505e-01 7.138178682914191331e-01 1.113555238125868430e-01 -3.075958823393073471e-01 1.992821787931816496e-02 -1.523782271529020294e-01 -1.689005314239153233e+00 -4.998914729134941171e-01 7.025287785634134474e-01 -2.105669402459423800e+00 1.605853055857511258e-01 1.526159088019695131e-01 7.412541179511942246e-01 1.271906063111140073e+00 3.910895859488706661e-01 1.711912311285889721e-01 4.300498869668835100e-01
-2.066214145144710912e+00 -2.091490620538303535e-01 -3.085349769413424870e+00 4.148467656841867690e-01 -7.783276727441654774e-01 -7.209509088697149126e-01 1.292242139190069028e-01 4.345932206093718331e-01 5.115395348146256627e-02 -8.107465879943936971e-01 5.889852860729954953e-01 4.302799396290157841e-01 9.648257232783303827e-01 1.971298341881098537e+00 -4.965595543502747677e-01 -4.016039820233593405e-01 -4.737975779802652831e-01 -3.813262740102381643e-01 -8.727847907051834442e-01 8.226633759110577038e-02 5.155145714986812955e-01 2.036638420386031600e-01 4.928718459290666321e-01 -1.264536643917650582e-01 2.039188218790088380e-01 7.438516669621514366e-02 7.930252383993841026e-01 2.572287845331872602e-01 3.268276828988486704e-01 -7.992449889621033865e-01 3.570305074379520605e-02 -9.438530322206919454e-01 -1.674092255921905970e-01 -9.316058052437681258e-01 -1.804700946697499919e+00 8.975494951255039155e-02 -1.890938618677505401e-01 -6.523443391192325080e-01 4.760385191856976173e-01 1.319541951892535980e+00 1.371119859585325784e+00 -1.826752305970680723e+00 -1.216954778917415991e+00 -8.010945622070515526e-01 7.410694944941422779e-01 -2.269895501143507910e-01 -6.602801395897278658e-02 7.526630294186076320e-01 4.077916373116247661e-01
2.358404201758581564e-01 7.147293760465415202e-01 -1.239649170185325167e+00 -3.257347957306986341e-01 -1.607309663506451658e+00 -7.278464576328788627e-02 -1.561459134958876671e+00 -3.084279595877998936e-01 3.230537025732288514e-01 -1.361175355759922656e+00 1.547836551315544540e+00 2.417237211964350596e+00 -1.236286447380808562e-01 -6.418007238068133002e-01 5.325874947134656701e-01 -4.997491002190252996e-01 9.532857482560985751e-01 5.559577932487101970e-01 9.584429742063466096e-01 5.759206040208425526e-01 -3.144469978494938700e-01 1.574386280630367674e+00 -9.133645664324756552e-01 8.686347402793270778e-01 -7.587083472132960527e-01 -2.305746977257238650e-01 6.929089150896848848e-01 3.763995109910128756e-04 4.505134930884578393e-01 1.760058173643625767e-01 2.662587037945011170e-01 -4.452509845597046878e-01 -3.695192311503836535e-01 -1.072486349787639792e+00 -7.345211290554936046e-01 -2.548538455286287752e-01 7.756192464967358313e-02 -1.155648181246471395e-03 4.993887494742760835e-01 9.336089386357302455e-01 -8.370768162255480815e-01 -8.045508520811854858e-01 1.705668798894033333e-01 -1.873755496827307909e-01 6.521554242492952902e-01 1.777077993078193030e+00 -4.432171622055503524e-01 -1.865956557408315897e-01 -5.648423352718403567e-01
-3.362752240154629035e+00 -1.125411723845497258e+00 -1.633120128961047524e+00 -1.494844403989731951e+00 1.170893271816040304e-01 -1.547400608261842725e-01 -5.586892298114358724e-01 2.495436255009892967e-01 -6.621257353968730275e-01 -1.155627670212184821e-01 2.016768944792793061e-01 -3.305304714943694266e-01 7.189498608300393112e-01 -2.494470773898140314e-01 2.972924348055781540e-01 1.850578172768509166e-01 -7.561450822777561198e-01 4.192039342673421487e-01 6.258999859689656775e-02 8.440055393624962266e-01 2.068092008444620156e+00 1.279336011146594121e+00 -6.524126637352816172e-01 1.160371482851464631e+00 6.088300524757825904e-01 -8.733893223661166605e-01 7.073016576445886328e-01 -8.541208456888312872e-01 1.358006974627917751e-02 1.121917344562577308e-02 -9.112298586142122403e-01 -9.142644417452459038e-01 -4.197014139599642979e-01 -4.381902534075577393e-01 -1.590816204615232710e-01 -2.284551458305627281e-01 -2.428695308125574381e-01 1.227900700214794583e+00 -1.226492784839501859e-01 -5.314218212080479287e-01 9.174079113961252085e-01 -9.252816463676833969e-01 -1.199616453258262050e+00 3.346758387532285384e-01 -2.532475429275310441e-01 9.511661167200408107e-02 6.136527872355048707e-01 1.183921268351692646e+00 1.112674183396929542e-02
1.524577088228805444e+00 -1.476782167109306432e+00 -6.503371436511198311e-01 1.194926685847527814e+00 -3.261187270320721754e-01 4.637107649677405519e-01 1.812860110819013992e-01 -1.540212258183067062e+00 1.299247087915393450e+00 -7.468763248532890309e-01 -3.667506013808996546e-01 4.596557064720260266e-01 -2.444336550799610652e-01 -4.577439763622589974e-01 -5.128308581143672384e-01 1.301081602117894476e-01 9.076607449141997908e-01 1.152465021284685004e-01 -3.163263850745813288e-01 -2.513438232870715550e-01 -6.053978863512041730e-01 -7.000238016302504640e-01 -6.290136101749397302e-01 1.161608638821367834e-01 4.072528368445112457e-01 -6.323589008612329199e-01 1.952654989564898136e-01 -3.618624310315914083e-02 -3.954377357191687370e-01 -1.058264271968113679e+00 -7.031691231278670573e-01 -3.571987357492216741e-01 1.724436552641213649e-01 3.266723937793564181e-02 6.576793116328618627e-01 -1.244828231784840533e-01 -1.685132082804904896e-01 -5.119545778090975885e-01 -2.823954047303096626e-01 3.693833442963567748e-01 3.154893871048122800e-02 -1.883352830154456647e-01 -6.353707800315410159e-01 -2.120840758378808588e-01 2.414260137775060544e-01 4.854749799871271865e-03 -3.151216903934743185e-01 -3.986414855589736073e-01 5.854117225560809268e-02
6.956263028085798439e-01 -4.253668696546297312e+00 6.113269902065321393e-01 -3.368878961999541843e-01 8.872564971400185296e-01 -2.790884908478886706e-01 5.824102485058504364e-01 -4.813946359400390063e-01 5.137218271281148718e-01 -1.268733150216210248e+00 -4.581953754890698560e-01 1.019970754374981636e+00 -2.983576188145273811e-01 -1.554475860181764868e-01 -1.331537575618521319e-01 -1.222529186052390276e-01 5.001726030808804069e-01 2.555717461991284523e-02 -5.852521266859139759e-02 -3.409676678400674898e-01 -5.871571286366970011e-01 -6.609878213991517981e-01 -5.615449154321561220e-01 1.323256244618180033e-01 3.383931712415710891e-01 -6.732459091969278386e-01 1.024524697614026397e-01 5.422596310885895859e-02 -3.584549913436209101e-01 -8.739645017657915460e-01 -5.321614336887465768e-01 -2.289035129556195036e-01 2.392891563606165395e-01 -5.705177605205891123e-02 4.818163540208813544e-01 -9.224257250802450625e-02 -1.827817638439938885e-01 -4.835464424226696423e-01 -3.185901767274220697e-01 3.344673192635545522e-01 -5.682408936827329504e-02 4.962011063418891865e-02 -8.337926838365581350e-01 -3.207519711928516482e-01 1.423695747745329809e+00 -4.665773870913952903e-01 -3.449016655810067111e-01 2.215627180599019641e-01 9.422281597389285668e-02
2.815274743300505200e+00 6.779496170504036856e-01 3.193085007156726274e-01 -6.515637063348295177e-01 -1.106685451973909107e+00 2.126498988630771136e-01 1.254320199743090392e+00 5.323905388867586908e-01 5.567863054388314525e-01 -1.802921209706790928e-01 7.835991886021210773e-01 -8.068800907688312984e-02 2.022563195736592212e-01 -5.772623433618300215e-01 -2.849526250688066975e-01 5.158986845227117035e-01 -6.397780590987250937e-01 1.097211532381181104e-01 -5.682966195189778080e-01 -1.997254461411396287e-02 5.541525484929663570e-01 2.540291690822932824e-01 -3.667444857566397598e-01 -1.523108810009493053e-01 2.093959402540691017e-01 8.191257927212153289e-02 -1.650560706709397474e-01 1.647981697945364102e-02 2.147407331846772349e-01 1.244654534365248304e-02 -9.429206315667751359e-02 -2.172362195815976671e-01 -1.912534325547854963e-01 1.065470295972614778e-02 2.534680348439526942e-01 1.876283266277104234e-01 1.027952873627730954e-02 -4.266224101906701538e-01 -5.834980898450792264e-02 -1.820695652192395042e-01 -1.556571834322129921e-01 8.626136393551306902e-01 1.918765033282370247e-01 2.843195589102006093e-01 -6.090001515299242607e-02 -1.161512141486503724e-01 4.614264712680473113e-01 -3.349127528800149856e-01 2.205110137672949278e-01
2.651160030295731218e+00 7.447364304058609052e-01 3.022471533061124038e-01 -7.981413621996130692e-01 -8.820437262642477627e-01 3.022280062628426300e-01 1.233068581641808548e+00 1.682724625275257568e-01 5.410708484440236443e-01 -9.657538163233533868e-02 1.723013384805779369e-01 3.945942948414623008e-01 -4.670119001068904208e-01 -3.569569502626490087e-01 -3.741019964127834108e-01 2.321950026838049685e-01 -1.831850200205892565e-01 1.556149135749469448e-01 -4.757202523165493524e-01 -3.397596664481464801e-01 -5.126065607033590821e-01 2.377507210341406330e-02 -4.822827436422219005e-01 -1.624248991495327032e-01 4.380038378553842149e-01 -2.029374768022332853e-01 2.473482950255026513e-01 4.044232028790197275e-01 -1.436992322807659761e-01 -5.620213520564566467e-01 -5.172556334142500711e-01 -5.328633075750532910e-02 1.924963784474920114e-01 -2.379064757805809949e-02 5.310747670987829849e-01 7.758611157035216754e-03 -7.504397318043647298e-03 -1.925698090813764141e-02 -2.714412604131192230e-01 -5.025007519855986815e-02 2.065390000182729668e-01 7.075429632388217094e-01 1.773594735050587623e-02 3.891663522815318466e-01 1.711026867807405871e-01 -7.808158369670045729e-02 3.327775472573202276e-01 -3.805678033162607776e-01 7.201789965363603052e-02
2.810751521338064940e+00 7.168658399376545143e-01 3.914605627552310008e-01 -6.950769934963709762e-01 -1.181166364615100939e+00 2.417928498395313097e-01 1.462408207567077234e+00 6.289933087751133911e-01 5.270351928823716614e-01 2.305602634004129403e-01 9.484357343363478687e-01 -2.044882377344949265e-01 1.124236437792143495e-01 -2.551579999658511455e-01 -7.313724001034829780e-02 2.824616537566118080e-01 -1.023177547145887600e-01 -2.742017521460562990e-01 -1.461821753332774032e-01 5.135181160223623031e-02 -4.820522593879759121e-01 2.740413834109031721e-01 -2.283389570330441043e-01 -2.888746052402854092e-01 -7.239135164195037442e-02 2.059532096319255934e-01 -3.584649531197472982e-01 4.120098482575494936e-01 7.755306430374206417e-02 -6.710529987318972212e-02 -2.117618234918962339e-02 1.691655795087714242e-01 -1.493444703241122440e-01 -3.507564656639429734e-01 3.158313451875999767e-01 -3.153971184086643009e-02 1.631494072955544938e-01 1.382584448940377686e-01 -1.975334770149608787e-01 1.495776298363406809e-01 2.569250718171782744e-01 9.456751881142966276e-01 3.017452160698432806e-01 1.928640684992498355e-01 -7.541635770417787210e-02 -1.585625824766800640e-01 4.936064033944108642e-01 -3.322423971847482393e-01 1.925707977231025658e-01
2.830952307254255729e+00 7.131992988661256527e-01 6.256917460263522468e-01 -7.223962697378752962e-01 -1.099707651079347759e+00 6.283566976583772057e-01 1.939454136996874523e+00 5.420757072569148960e-01 9.898142879954096029e-01 1.042180014201638638e+00 4.542465612471823233e-01 2.652575573850344814e-01 -2.182199747887327013e-02 1.858584562718597621e-01 9.091069616943148191e-02 -2.228799756454488690e-01 6.757495726723994345e-01 -4.318660194169700595e-01 5.498604604158927600e-01 -9.529475251908600675e-02 -7.751152273763783906e-02 -2.569816818406522874e-01 3.022582183415416512e-01 1.677559811576856130e-01 3.432325815591469320e-02 -1.372966811857880831e-01 1.415759756592456231e-01 -2.735885961616350004e-01 -7.815881632389493072e-02 4.216788116787568291e-03 -1.830280331484428757e-01 -1.659444032348150744e-01 -1.722129709048630386e-01 -1.411769742451428611e-01 1.951322705444677452e-01 1.258708457732520825e-01 -1.969941863051841990e-01 -1.253876432680029462e-01 1.177885884385439230e-01 -1.861857588795200469e-01 8.183589614286843061e-02 1.133265818505993838e+00 6.264463756611613476e-01 1.336811624986870561e-01 8.583787135005627178e-02 -1.834410787560651901e-01 6.552342590090665109e-01 -6.133760294527752510e-01 9.787204347050369735e-02
1.911396875137103102e+00 4.290957149752007149e-01 4.837472394473085746e-01 -9.297578190450281888e-01 -9.559859674724672240e-01 1.918857467820917484e-01 1.380067512779782124e+00 1.105185012006038026e+00 5.931673229054755803e-01 -4.449122709563830824e-01 8.364186360511274287e-01 -2.132848374368943589e-01 6.249671020455378478e-01 9.913962931710040838e-02 -6.636706979816742180e-01 2.745404876664927496e-01 -1.245960257454435505e+00 -1.214747409474365020e-01 -1.579894704539811290e+00 2.699062533861975588e-01 9.543432261724706933e-01 -4.227992545715326123e-01 7.509969929744357842e-01 -5.832288515927257500e-01 8.491551887994897019e-01 2.854353092956430360e-01 4.430726764781025562e-01 5.063108767032790114e-01 7.620443423094359625e-01 -5.841948264183286499e-01 -1.726776414280603855e-01 -1.405206693075610858e+00 -2.207075843788392500e-01 -8.579223700801523744e-01 -1.149196308649865328e+00 8.576382239920238293e-02 -2.952548631709178695e-01 -9.523329800777885490e-01 4.545420726687522395e-01 6.765371016990625597e-01 2.448230276714056797e-01 1.079577931605653074e+00 3.676728989974109574e-02 2.182387371239200846e-01 9.480288478635638949e-01 -4.876469209336810051e-01 4.414886015395372842e-01 1.671129413246119633e-01 2.071730619232280968e-01
1.839919156223144725e+00 8.076685495043171015e-01 6.011323385663389640e-01 -9.995992884968794012e-01 -9.858810147502186094e-01 2.105009749001625075e-01 1.289873496156347610e+00 6.685942324632703215e-01 6.177871277044261200e-01 -1.297914301793954284e-01 7.566382469508117214e-01 -5.554247397803405706e-01 4.056220155956453688e-01 -8.154260071916938912e-01 -3.348444099444852773e-01 6.279584808038422006e-01 -8.804827534824285484e-01 -7.426579787289855350e-02 -1.132820040182349164e+00 -4.359909872753750526e-02 7.955329496480898488e-01 -2.662290070664209418e-01 1.191948327560070353e-02 -3.827154136298526188e-01 5.650055780858171950e-01 3.127645547342450816e-01 2.704441905054127404e-01 5.551486972783522544e-01 4.434939743397852130e-01 -2.335401970863949517e-01 8.107660993203050226e-03 -6.907228045575292130e-01 -6.064504463094038123e-01 -3.929840015280252064e-01 -2.746746113243634935e-01 6.801969728969019247e-02 -2.241934472027841130e-01 -3.283673627880705492e-01 1.315803405100715029e-01 9.452914945656340495e-02 3.109760434128747142e-02 9.324999849191715207e-01 3.253222838033063002e-01 1.712087854567653222e-01 -4.702448486488297608e-02 -1.208901018242856396e-01 5.666652883858648293e-01 -2.985555278485245712e-01 2.112533756379133543e-01
1.986323957880280489e+00 -2.098936912386587750e+00 1.580972634573324376e+00 -2.183378288382312071e+00 1.066897721981823199e-01 -5.301493569525521643e-01 1.655444437167039373e+00 1.591208161129787024e+00 -2.287389553484471261e-01 -7.021489463336005876e-01 6.921544144939508758e-01 4.796270388260726603e-01 1.483323558390930164e-01 -2.749659530177477884e-01 9.472447548370831194e-02 2.635376057056832977e-01 -1.047266200932044811e+00 2.003182572956244134e-02 -3.104954471129878213e-01 -1.095963891671098422e-01 5.723933062074735290e-01 2.930651493133917262e-01 -2.992757910138562627e-01 -1.361461204212681408e-01 1.405362746511289451e-01 4.102557093642639208e-02 -2.578690998660269074e-01 1.068920231914716745e-01 2.517234775602250618e-01 1.967463155459747981e-01 7.671562628244278648e-02 -8.894099678799538555e-02 -1.244079314582900997e-01 -7.906431247026846076e-02 7.760507723197179741e-02 2.198685772981700537e-01 -3.989026827226173529e-03 -3.982142748042420966e-01 -9.454458098162016322e-02 -2.169855902520420043e-01 -2.440302115109674597e-01 1.087451345593540619e+00 -1.907105902284733645e-02 1.724994568218094770e-01 1.118507214126405414e+00 -5.651130607907426384e-01 4.356086088985927640e-01 2.843373650020780685e-01 2.641569825935209392e-01
1.822209244875505618e+00 -2.032150099031130530e+00 1.563911287163764596e+00 -2.329955944247095623e+00 3.313314979078435529e-01 -4.405712495527865924e-01 1.634192819065757307e+00 1.227090084770553924e+00 -2.444544123432550453e-01 -6.184322069952568057e-01 8.085656437240762440e-02 9.549093427444179660e-01 -5.209358638414565146e-01 -5.466055991856672014e-02 5.575104139731584807e-03 -2.016607613322345116e-02 -5.906731618539088347e-01 6.592558606639127572e-02 -2.179190799105593934e-01 -4.293835110011423595e-01 -4.943658029888521321e-01 6.281105233451247938e-02 -4.148140488994384034e-01 -1.462601385698514278e-01 3.691441722524440583e-01 -2.438244851379282596e-01 1.545352658304154359e-01 4.948354090910379588e-01 -1.067164879052181492e-01 -3.777215818541342918e-01 -3.462479439751298127e-01 7.500889203609661937e-02 2.593418795439874636e-01 -1.135096630080525415e-01 3.552118094868022546e-01 3.999886182749487484e-02 -2.177295288154712863e-02 9.151154478290457472e-03 -3.076360324102312971e-01 -8.516610023136225727e-02 1.181659719395184438e-01 9.373292595652586989e-01 -2.086858686819279551e-01 2.874001120527358566e-01 1.362314213150476405e+00 -5.178075067520221397e-01 3.091388783463709933e-01 2.258802848776223504e-01 1.240374861913475235e-01
1.981800735917839340e+00 -2.060020689499336921e+00 1.653124696612882749e+00 -2.226891575543853641e+00 3.220885955699015479e-02 -5.010064059760978017e-01 1.863532444991026660e+00 1.687810931018141725e+00 -2.584900679049069727e-01 -2.912965619625083047e-01 8.569909602281775562e-01 3.558268101684606832e-01 5.849968004464820015e-02 4.713839037823103206e-02 3.065398605421668088e-01 3.010057493958333275e-02 -5.098058965479081994e-01 -3.638910796546120374e-01 1.116189970727126113e-01 -3.827203295075970457e-02 -4.638115016734689622e-01 3.130773636420015049e-01 -1.608702622902605517e-01 -2.727098446606041060e-01 -1.412510172448905310e-01 1.650662012962304526e-01 -4.512779823148345137e-01 5.024220544695676693e-01 1.145358086792898911e-01 1.171944703291326051e-01 1.498315070899307044e-01 2.974608023023735948e-01 -8.249896922761712492e-02 -4.404754810939375820e-01 1.399683875756192464e-01 7.005388295932279963e-04 1.488808517320511227e-01 1.666665802804657981e-01 -2.337282490120731193e-01 1.146616048035382363e-01 1.685520437384238068e-01 1.164539032825478326e+00 9.116172935789768061e-02 8.225897758440817165e-02 1.104949804469804286e+00 -6.082785792060092511e-01 4.673067940812954957e-01 2.873531407966214424e-01 2.379258935978231515e-01
2.773170686304177401e+00 8.085943923765995800e-01 2.551676032906469160e-01 -7.238213681250987852e-01 -9.191894068880480662e-01 1.198035544913400585e-01 1.350160839546982183e+00 4.723801370875794770e-01 6.201332391540703703e-01 -1.788898830774181548e-01 6.739815777190341084e-01 4.986103815609777001e-02 7.980660719180843188e-02 -4.161080935464040453e-01 -2.553616910955174291e-01 3.123504313913463282e-01 -1.306719786298337904e-01 -1.750328472603011054e-01 -4.331313787979029772e-01 -5.391897066591258558e-02 -1.846542076120452347e-01 4.880854826097810739e-01 -1.518718468810608957e-01 -3.219745128280039337e-01 4.240796071232671993e-02 1.554008943427637734e-01 -2.642163327954524799e-01 1.959333666534755075e-02 6.804315007922695502e-03 -1.808161374430121704e-01 -1.446357188067666499e-01 -1.160143366694180722e-01 -1.172792754694636230e-01 -2.834408474850813597e-02 4.419247116333392955e-01 -2.230224256904736468e-02 1.484811063668594056e-01 4.944942288836698396e-03 -1.692127330668397600e-01 2.147511258615424079e-01 6.247309075842985560e-02 1.043916511967750704e+00 4.074010509981293993e-01 1.280052976528706088e-01 -9.280956426810860194e-02 -1.708901626997310630e-01 5.094944936481788922e-01 -3.419489316645315524e-01 1.471607009767562091e-01
2.855159687053666850e+00 3.786560046231834953e-01 5.875584901974535423e-01 -5.856201469410635685e-01 -1.583372022108888721e+00 6.281577729013733125e-01 1.380657957547447579e+00 4.425716899559088424e-01 5.946224043203450771e-01 6.817308636358164753e-01 9.390732306602883606e-01 -2.729128314712809256e-01 -8.468982417811103669e-02 -2.005639505674378098e-01 -1.912058453446118522e-01 4.090612677114956464e-01 -6.367444515683872153e-01 3.379505071722423981e-01 -7.341112223562259453e-01 -1.577647140570748174e-01 -7.524866306450344045e-01 2.726841572077139397e-01 -9.537405468944384901e-02 2.880791283545692805e-01 -7.683709054861087573e-02 -5.878541987740049102e-02 1.148130471644175782e-01 -1.470107723322954807e-01 -2.593895998233788358e-01 2.546828041385812980e-01 -3.493112319033842006e-02 1.287773886129851553e-01 2.879834240452341376e-01 2.542011583980968714e-01 -2.356466096892975703e-01 1.635230013595755927e-01 -1.379452910158123213e-01 2.067561855006247451e-02 3.458268763937694112e-02 -4.643090937009590746e-01 -3.442287405591287763e-02 1.212213849944821842e+00 3.967427652153885376e-01 3.097132922806259403e-01 2.196503248190523339e-01 -1.326184127932679702e-01 3.857699717988001820e-01 -3.286842778938915965e-01 2.994874796044390622e-02
2.826910912145629062e+00 6.640136021578199044e-01 2.878766272575490337e-01 -8.198908244923497346e-01 -1.081004675986483310e+00 3.825300939485155594e-01 1.376370794480885174e+00 2.921454214012613737e-01 6.842942878958632180e-01 2.725857278577084042e-01 5.453196268968496518e-01 1.024550562320239167e-01 -2.410439931698997451e-01 -2.511859452521653657e-01 -2.224481335814026128e-01 2.771868280713881694e-01 -3.936392657668366657e-01 6.405088169989860136e-02 -6.507114197188206273e-01 -1.968420705456075948e-01 -6.440531945642669065e-01 1.609658010405882744e-01 -2.590950847583566308e-01 1.007672349054952732e-01 -2.144030159713916639e-02 1.650014829905239178e-01 3.036655866242162216e-01 3.976037229072480472e-01 -4.763227605246894703e-01 2.667572666875095977e-01 1.983303595434671718e-01 4.469941173319802452e-02 3.400996134464692178e-01 1.552529170417082938e-02 -8.273650315816621914e-02 -1.193232190853228680e-01 1.617303173874088951e-01 -7.810437832671121572e-02 -1.827194226568317759e-01 -4.433107706533545578e-01 3.826631267518876833e-01 1.934768123620221214e+00 2.730632521446456629e-01 7.182646224769346777e-01 2.880923319395055637e-01 -5.370123130078047202e-02 4.185571757758848599e-01 -4.413525633931097980e-01 -2.275834620872004832e-01
2.991270817288177675e+00 8.478195486078085041e-01 8.102377801229774246e-01 -5.288364796023521386e-01 -5.165447519347574623e-01 4.585138352242901227e-01 1.815272905588516617e+00 2.800886250603761840e-01 6.617118103208307067e-01 1.956293235181563173e+00 6.490939131229271908e-01 2.386785178004522390e-01 -5.655563861664222314e-01 1.240989744482882351e+00 -2.891602479708040851e-01 -3.845318279810867601e-01 1.071547325205536083e+00 -6.247363824311787939e-01 2.813241217250962434e-01 4.200607207706132940e-01 1.095697815100032724e+00 -2.206885628226003537e-01 1.108776476333508676e-01 6.324606590068440060e-01 -1.507754019318967020e-01 1.393172386649838557e-01 2.129556120589493617e-01 9.950660901701713357e-03 -7.064140346435093809e-01 1.780123019276247734e-02 -4.159461111458809257e-02 -1.506947685770442247e-01 -7.761647149495706777e-02 -1.307057995510272908e-01 1.326740677381815781e-02 -1.829559689226362418e-01 -3.923385039422793152e-01 1.669024984134082901e-01 -1.725580472788296738e-01 2.778594861972044638e-01 2.519221827903069255e-01 3.052384568702746659e+00 1.093972919417697920e+00 -4.986553728681928921e-01 -3.894503200400283305e-01 -3.323220672284732391e-01 1.033045389930701941e+00 -4.433177867650495152e-02 -2.187650522057718872e-01
2.946358645989423763e+00 3.222213731316335705e-01 8.340633895499547368e-01 -3.063941118442750078e-01 -1.783356548113224971e+00 9.288141921212265117e-01 9.085461651957229545e-01 2.495782000924149924e-01 5.303098835981008286e-01 1.088210323520016454e+00 1.763127136802634110e-01 -5.228040223611617465e-01 2.404535109952489480e-01 1.376270137255909409e-01 1.262682252907708191e+00 -3.697582453506059741e-01 -1.192524343152182809e+00 5.597771449184986148e-01 -1.081368916158872651e+00 4.524302152461878723e-02 -2.724467190614323076e-01 3.452280450041461113e-01 -1.698743037937432698e-01 3.409829918556990247e-01 -4.087581489961483183e-01 -2.259856053809922161e-01 2.465582605520454107e-02 2.269816031966936931e-01 -4.369929379387939017e-01 2.223545221166774721e-01 5.692222620837335267e-02 1.424495516911472581e-01 4.972537174529828574e-01 4.255680486170646537e-01 -1.337004257213280645e-01 -2.398382114370082585e-01 -1.324255878621509175e-01 5.359565251415460141e-01 1.272428051345382838e-01 -3.747909849124489434e-02 -1.041156834233226414e-01 1.851649627431425582e+00 9.979294679900334586e-01 3.008970468012095445e-01 -6.803337873348275222e-02 -3.103828094232871648e-01 7.543648528400999087e-01 -1.359748708853280863e-01 3.175975853285183392e-01
2.696509611483715041e+00 8.231461270807703956e-01 5.236399679956045272e-01 -5.360187725167380179e-01 -2.608315833083458823e-01 2.232581043431594581e-01 8.071025909041014135e-01 1.987156879391039493e-02 6.860644400444169122e-01 3.797241798741335383e-01 -3.762298011516496121e-01 4.139040182145049540e-01 -1.574172785260367080e-01 -2.504690055880968713e-01 -5.442735907680480434e-01 9.213085095516782008e-02 5.012222360780395347e-02 3.457796502494173141e-01 -2.450898564981400518e-01 -2.956711647607817017e-01 3.241708445220259360e-02 -4.214718686903981548e-02 -5.606547152673981849e-01 -2.286486523218468347e-01 5.821479958110238329e-01 -4.372422048623473279e-01 2.324482941452058471e-01 4.489334720829485925e-01 -7.977865970362751913e-02 -5.293397949690106241e-01 -2.962327012471968057e-01 -1.460620852231708788e-02 3.341793505878259962e-01 1.168824127917102162e-01 4.250150312284717846e-01 -1.292576557045399810e-01 1.651740305353095462e-01 3.443326097143147857e-01 -3.931107244115373822e-01 6.921152493928625637e-02 3.450923927810429781e-01 8.326480368974915613e-01 2.806264727839744566e-01 1.909955363839176412e-01 1.707593077927536118e-01 -1.565456928392786606e-01 2.895505328147631730e-01 -3.557531209506086811e-01 9.252198512701592659e-02
2.928196918894315992e+00 8.587933512806086300e-01 8.315743722798549786e-01 -4.790164863928454420e-01 -6.806885521172112430e-01 4.127183874210909043e-01 1.745912713853261744e+00 6.876776062793161781e-01 9.992697917969547428e-01 1.133685792591200281e+00 5.315737359173383636e-01 -1.382612060244076298e-03 6.403502825555423827e-01 2.673142205638253666e-01 2.134697381126193783e-02 -3.844538723463346575e-01 1.010337730186586791e+00 -3.449410446803763963e-01 8.741045487518982471e-01 1.236434354578398731e-01 7.169419816618241015e-01 -2.179454646744808377e-01 2.836649734833712744e-01 1.400082985823586368e-03 7.981055279300930394e-03 -3.191197793660935922e-01 5.188100825477461042e-02 -2.856528628352461227e-02 -1.222238841435644985e-01 -1.541436230761829285e-01 7.468932212404064130e-03 -1.301387954634944943e-01 -3.185871237018139679e-01 -7.989355785040308522e-02 3.991151212436166440e-01 1.407534379298542582e-01 -3.521917457669367924e-01 4.955078597288624653e-01 1.910911387196759792e-01 -5.067120206042105557e-02 -1.492200200388399400e-03 2.108880697074377419e+00 1.206644094262506517e+00 1.958296408729117699e-01 -1.046275263985765869e-01 -3.493627088982122486e-01 1.154683294119658310e+00 -1.567403643042392658e-01 1.666006148186666425e-01
2.943287861045310372e+00 9.123661193284618998e-01 7.963285893866356435e-01 -4.930058406294905993e-01 -8.018758329462056800e-01 4.296483098455519123e-01 1.703248964339725502e+00 7.269679966173654417e-01 1.022906449659484629e+00 1.080285435990028686e+00 7.100935683439032475e-01 -1.542706777555975239e-01 7.605385055323111709e-01 4.216326715062536645e-01 4.051350417146290517e-02 -3.106678783676776190e-01 1.049109710821212404e+00 -7.510500760907441453e-01 1.003281952542608657e+00 1.414615821695868469e-01 7.049573128986947879e-01 -6.480445351187715808e-01 -3.141487163337468302e-02 1.200783702150859389e-01 -1.121451887245785151e-01 8.614907429852441956e-02 -1.040065119914683756e-01 6.793387642392240133e-01 -5.963217716863168372e-01 1.856442396778289761e-01 2.074841231197193103e-01 1.035852176748849329e-01 -1.565367291980060416e-01 -2.374572368896245567e-01 -1.338366723270978387e-02 -1.670711649362898454e-01 1.681452198684255106e-01 3.975055728504092167e-01 -1.794372542937380799e-01 1.849459309744847235e-01 5.752347043838011986e-01 2.470492376339641805e+00 1.201309591113796760e+00 2.159117755509903924e-01 -2.519564024544240777e-02 -3.420975625740405590e-01 1.004338496213630361e+00 -2.901430574923299366e-01 2.018060313135718320e-01
2.854699325185423575e+00 7.581906065158420249e-01 5.317596207672206088e-01 -4.062874385348220763e-01 -4.701833835399170658e-01 1.943960056326385355e-01 8.160012682923307725e-01 4.045716693012077481e-01 6.992823463679281870e-01 3.012062581771298708e-01 2.329749998431281388e-01 -2.871596953162895358e-02 5.404845372961161187e-01 -4.639605227853766389e-01 -4.655120056532958683e-01 3.841409970788846051e-01 -4.140855734799437360e-01 2.728397101462620711e-01 -3.666442309669139532e-01 1.914915728029714936e-01 1.086722644656561876e+00 1.573189587663719746e-01 -4.337343536923138343e-01 -2.027341673704624037e-01 3.708354652766868709e-01 -1.902830191771180401e-01 -1.892879595182125341e-01 7.548621175369316094e-02 2.773696798472016778e-01 6.844619660146536444e-02 1.400005154705775134e-01 -1.630491928250207279e-01 -3.345412416262658062e-02 1.543045518662632953e-01 1.809090953934646140e-01 7.761556282166223730e-02 2.029673315418910051e-01 -5.580435885862440604e-02 -1.493653712056302596e-01 -9.618368984173927827e-02 -2.585189581738719933e-02 9.893096476640503845e-01 4.492041778300315258e-01 1.188579019692302396e-01 -6.611800440033105408e-02 -1.784167767447941699e-01 4.212274408533862036e-01 -2.965608787545105374e-01 2.508704181680069811e-01
2.925999049820735110e+00 8.334853715785482953e-01 7.366042406634087936e-01 -6.143730715387956121e-01 -8.793521531767610755e-01 7.549016881509140742e-01 1.437956565926017838e+00 3.351334682622968408e-01 1.078702761424966683e+00 1.460552758598958611e+00 -6.414751316796603042e-01 2.141273781373326246e-01 2.708909258754306215e-01 5.193415795908334909e-01 1.275979411042361011e+00 -1.014373347084807087e+00 3.009955395042779314e-01 -2.199261317730343002e-01 2.910577626232123682e-01 3.203752695917644333e-01 6.167580364640965485e-01 -1.988982559464013145e-01 2.158430799807614930e-01 -5.766635085316199755e-02 -2.221483065923430256e-01 -4.753519035004154514e-01 1.541797150314338505e-01 8.842407771008803374e-02 -2.168194600354163559e-01 -1.115550881459575483e-01 4.967417146300988351e-02 -2.311729025901189116e-01 2.064320278691766930e-02 1.564534215926888239e-01 3.455454391528096081e-01 7.436153959551550230e-03 -2.367882233634517886e-01 3.410860790192836722e-01 2.155695469225063221e-01 -9.650613863976782725e-02 1.945710671869876340e-01 1.710063469690970006e+00 1.119341847059116102e+00 -1.044422742116557501e-02 -1.287128392611081029e-02 -3.468822102612033054e-01 7.742595939694161267e-01 -3.086817783121927894e-01 3.299408889337291373e-01
2.836543746506211328e+00 2.808889268113677895e-01 6.932462310870917133e-01 -5.054293438813390882e-01 -1.468236886419420184e+00 3.832904828226212368e-01 1.450326618876741191e+00 7.108551093054353842e-01 6.687136503030409740e-01 2.705012512271456893e-01 1.395442535208461399e+00 -5.384333473805057446e-01 3.188196453339002812e-01 -1.314416780603356871e-01 -2.652512410559959566e-01 3.510447826865455978e-01 -7.587254932595272061e-01 6.390446203934319058e-01 -5.102655390012132974e-01 1.680588568536062477e-01 -4.706874592137571534e-01 2.133062723043763209e-01 9.955281880162147878e-02 3.205460679768634691e-01 -2.846769273421632662e-01 -4.347777162865051892e-02 -6.733475133600795859e-01 -2.524513427203203264e-01 -4.208752238539704704e-01 -2.172592015246506136e-01 7.815891337406549733e-02 6.733865790938542428e-02 4.217270335682710147e-02 3.033016358335637874e-01 -4.368172304674959872e-01 7.096269905903827835e-02 -5.893407807032028517e-02 1.681070179824175337e-01 6.274917699803927995e-04 4.983419978488382029e-02 -1.881433278131325604e-01 1.746279587767026964e+00 5.338604664488981744e-01 2.999347603206166668e-01 -7.464775493010972207e-02 -2.365675569998922922e-01 2.419147224018979581e-01 -5.861696509249078035e-01 1.018269906400155189e-01
2.804140761713467711e+00 7.307702923143107876e-01 4.189439136081853921e-01 -6.661845170807425554e-01 -1.188236752620160708e+00 2.469220757232115648e-01 1.529124014001185028e+00 5.832631536864826272e-01 5.535459464412051389e-01 1.988009007379203941e-01 8.921066122501738471e-01 -1.503149514813898469e-01 1.451643049048959577e-01 -2.499941811900311950e-01 -6.274037560089765209e-02 2.434122959624457072e-01 4.003405231617895160e-02 -2.560867805223761007e-01 -3.469593721664729902e-01 1.581638632059170768e-02 -3.923770050690690847e-01 5.187472044627230439e-01 -3.555660644779974622e-02 -3.302556006737820682e-01 -5.241500480394573058e-02 9.612397524438659469e-02 -2.655823416366493439e-01 -2.354535281529153076e-02 8.150130109101530462e-02 -1.451057523997280885e-01 -6.600875689932972357e-02 4.517076003683950791e-02 -2.271571354415450050e-01 -2.427171218574558087e-01 4.944844087028278934e-01 -1.326718114981124408e-01 1.032791283761595597e-01 2.023111144388612670e-01 -1.650698979794682497e-01 2.903630506405932010e-01 -7.421680491156365522e-02 1.144892703592800931e+00 4.793053187495102119e-01 6.242601140717463082e-02 -9.896711755432047175e-02 -1.475828036312611391e-01 6.385756822617243422e-01 -3.598180302476032821e-01 2.063820664754295875e-01
2.809984638461985540e+00 4.843402620755142829e-01 6.318414275692167958e-01 -6.134070604183494702e-01 -1.409047073604030587e+00 2.795948289492246053e-01 1.499277018702101838e+00 8.040141388985349025e-01 5.257220066790110335e-01 1.084597086308455582e-01 1.223831310339961620e+00 -3.902805381813944652e-01 2.216553426765404400e-01 -1.249424637988718612e-01 -2.623294670193737632e-01 2.996525318139527938e-01 -6.745396673943225840e-01 5.351790508561717896e-01 -2.491496247452208712e-01 1.933642419480900154e-01 -2.460418683423435671e-01 1.339393654557295421e-01 1.102016166880642328e-01 1.239510996552541378e-01 -1.751149763512597768e-01 -4.451349646385083236e-02 -7.856816166464996032e-01 -2.657855692474629938e-01 -2.698982914035064629e-01 -3.019778004543275940e-01 1.897450812996399894e-02 4.627514363709783751e-04 -1.757672029821395476e-01 1.647197400956547930e-01 -1.403152524454210903e-01 -3.605288593668384833e-02 2.810561413172496179e-02 -1.443108736594790609e-02 -1.230494611217148315e-01 2.935501739062794657e-01 -3.063077587914733169e-01 1.658886563702796746e+00 4.273507018124171886e-01 4.285832501149722251e-01 -8.669404809461372929e-02 -1.929018886550903089e-01 2.381349018132699336e-01 -5.909421721696432872e-01 1.377647974901088923e-01
2.892695601553437079e+00 3.482377934321985169e-01 7.663609759784162367e-01 -4.003057737997319787e-01 -1.578705681301978858e+00 9.831402720521036365e-01 9.845432814489267770e-01 3.551812134361635453e-01 5.872363396682455106e-01 1.072071362565839570e+00 5.349336096263214158e-01 -2.366090066558542149e-01 1.110190813605141102e-01 -1.164276139035120283e-01 5.391018214460081559e-01 -5.038236396026767039e-02 -1.032082036337980568e+00 5.634188812556659709e-01 -9.525108210582113877e-01 -1.926526678210654375e-01 -3.904837111759508761e-01 3.875418578060902397e-01 -2.278948364186953179e-01 1.074497891946403771e-01 -6.868378343085640436e-02 -1.394352444468679453e-01 -1.218295812146493046e-01 -4.913336731348649233e-01 -3.976463093022591933e-01 1.197675179592694594e-01 -2.749908141780696980e-01 5.481570480575749249e-01 3.089778670113827452e-01 6.852278276864115503e-02 -5.319369224206043079e-01 2.972983975140947033e-01 -1.703622273842813617e-01 1.039393217113668166e+00 1.194972159388892619e-01 -1.161719292598975273e-01 5.215796123688554164e-01 2.145427064849684928e+00 7.555642416709864584e-01 6.141861238844046333e-01 -1.074337280730508493e-02 -2.101272871022234479e-01 6.775401823268526469e-01 -3.090375736095344328e-01 1.425398809736201367e-01
2.843190833495553349e+00 7.780344099298811544e-01 6.813197362813772084e-01 -7.717456469825360044e-01 -1.186583742321457358e+00 5.893662751700476932e-01 2.022813178486424501e+00 5.692209498177276394e-01 6.914201809092690443e-01 8.720025252917159575e-01 6.106125280012801859e-01 3.975800625670271593e-01 4.319016412612494693e-03 -4.911940333241221479e-02 2.915252979784800358e-01 -4.697767909970477218e-01 1.477431640003861402e+00 -3.109915676628208780e-01 1.724441787446494567e-01 -2.783546687130841746e-02 1.910597166876423780e-02 -1.949280569166403632e-01 6.000708821350675404e-01 1.708032472254371881e-01 -9.737758206230501257e-02 8.409103210533847017e-02 2.492756861988914552e-01 -3.871954817232285406e-01 -1.979749821904842610e-01 2.134696866910082425e-01 -2.591623204968763750e-01 -5.527605919319555916e-02 -2.389009105290351709e-01 -4.184734671029257114e-01 9.626768187673256927e-02 1.206090672676159714e-01 7.951874152968772813e-02 -2.674775229623932438e-01 -1.688052035949768603e-01 -1.240042135847793242e-01 -6.707887995635211653e-02 1.860022981330744063e+00 8.821553156012331698e-01 5.404592272058167390e-02 8.151469256831966881e-02 -3.432286122516171600e-01 4.692724521173907704e-01 -9.584921974821548618e-01 5.733718924188874189e-02
2.822613779650496646e+00 8.305247671399337284e-01 8.856653730774641797e-01 -4.545069455195533958e-01 -9.976323383489880126e-01 4.450520021264694481e-01 1.995835044589004292e+00 7.489585627653163602e-01 9.432778792235719800e-01 8.635774880876764259e-01 7.630899034956114546e-01 -2.761171677272806213e-01 5.102352807508155896e-01 3.523733979933895699e-01 6.763848015785695056e-03 -3.118448925877805866e-01 6.953250488863744749e-01 4.548685010406345319e-01 9.875747885162512452e-01 5.376418449440859559e-01 2.633469001005775412e-01 -4.356840284251041195e-01 4.982997202132510850e-01 3.126220458262277679e-01 -1.784140644979023693e-01 -1.717021385264134170e-01 -7.559303261318300882e-01 -5.600837724053464584e-01 -4.101005891799763825e-01 -3.947688909539158741e-01 1.063486127787766078e-01 -3.691250168168943024e-01 -1.318300620474710250e-01 2.186403581738536883e-01 1.056596504061665942e-01 -4.885982623128909408e-02 -1.889432914615734038e-01 4.492030777983857526e-01 4.826075488333908536e-02 2.009862726012495437e-01 1.281481874669672671e-01 2.210144701767851938e+00 1.300029918416622188e+00 2.061018624734903826e-01 -1.737117986391906732e-01 -4.911060297835082578e-01 5.344196429350376309e-01 -5.939440162726020711e-01 2.665869503224525539e-01
2.953029712901870774e+00 8.810434662713869658e-01 8.104413109142896143e-01 -6.325495430685582621e-01 -9.799336478145970197e-01 7.294707600932990310e-01 1.694233974909379326e+00 4.076761529262823980e-01 1.221843668631877211e+00 1.514340457802651585e+00 -5.512186534073743038e-01 1.277263398042074449e-01 3.491034043834204681e-01 5.611018376631674576e-01 1.325668762344055507e+00 -1.055582072918407111e+00 4.208540882880965062e-01 -3.017969498523473404e-01 3.858861494429846051e-01 1.505845757926866091e-01 7.433176594975239304e-01 -3.533156301060815796e-01 5.866385228117708406e-02 2.220511358087806919e-01 -2.978858464990278843e-01 -4.199160864708512131e-01 1.377647964746410714e-01 1.067396116907039783e-01 -3.634509575523007241e-01 -1.409131043790488869e-01 6.570951840176313119e-02 -7.111382549311573431e-02 -3.822873855502909035e-02 1.087800048310906265e-01 2.843703522162755459e-01 -1.153124213536950438e-01 -3.701110924621039966e-01 2.384406266567513366e-01 3.425942378927057663e-01 5.671398629212828779e-02 -2.933042836414442855e-02 2.757578921503360814e+00 1.771357769926167336e+00 1.825865598160731906e-01 -8.083059855565055685e-02 -4.519466650511170247e-01 1.447126537463251150e+00 -2.020891430194203253e-01 2.936562681143182751e-01
2.862481507102525136e+00 1.074331719194622448e+00 8.200595100634193724e-01 -3.051347279040674820e-01 -1.601415796099431577e-01 3.778306106358505501e-01 1.776908203366217576e+00 7.158387871358058430e-01 8.991266810714010349e-01 1.207275821038138464e+00 9.073071143547245532e-01 -6.188038971476318706e-02 5.994004570845240520e-01 2.116074187793470784e-01 3.383142453528167337e-01 -3.314020643954233569e-01 9.931064050464346593e-01 -5.620812592988865264e-01 8.526786119978032596e-01 2.402045188751437410e-01 4.997399431671818992e-01 -1.187255313505495985e-01 1.296497463585338794e-01 -3.887313769337235048e-01 -1.571297871131044910e-01 -1.492997573999322314e-01 9.833228163117306575e-02 -3.619778956015465843e-01 -1.321348248970816708e-01 -3.203940127309867214e-01 -1.641992754510622488e-02 -9.206851375164515350e-02 -2.202508524865169626e-01 1.788607220034105771e-01 1.931821967885773428e-01 1.647210112658958614e-01 -6.077722564363791796e-02 3.383560296911516385e-01 3.127875343126594321e-01 -3.792773605334753828e-02 -1.171446965321962519e-01 2.429855151119547418e+00 1.189643217849257084e+00 1.757352695431536049e-01 -1.686838022395487080e-02 -3.720799486243726584e-01 1.109888087401572854e+00 -7.367137857175698468e-02 3.793134493098408444e-01
2.554792443975210325e+00 3.558055710402813210e-01 -8.606585604423289126e-02 -2.338623554626737544e-01 -7.118501888535505584e-01 8.026776731282614374e-02 5.871912435730068935e-01 -2.107706792986682454e-01 9.085724962988223075e-02 -3.025461650226717869e-01 7.348597493605095732e-01 1.317358502903692163e-01 -7.809083836267846079e-01 -1.905493588505136060e-02 -2.553911083047711861e-01 8.114236386364059861e-01 -5.882358307865361846e-01 -1.444444639050333767e-02 -5.638845610907045058e-01 6.243153393860021438e-01 1.026269892992115906e+00 2.088248179058109222e-01 -5.210565593221061498e-01 7.028633726912530966e-02 5.221447908554610606e-01 7.585575531556751905e-01 1.837354314885631945e-01 -1.472836147300742582e-01 2.564524455631060629e-02 -3.347239509908053745e-01 -2.725636383574654431e-01 -3.298573462321863214e-02 -1.180333246415343207e-01 3.209239195318961402e-01 5.519349730716998081e-01 1.359920732827257783e-03 1.495451982712511785e-01 -9.200692856303727130e-01 2.400274476219213804e-01 -3.927191029040610903e-01 -1.823394599457063558e-01 1.810805241420211598e+00 4.107370188697561098e-01 -3.995613757600993687e-01 -4.530429801139723711e-02 -1.392628694189824157e-01 2.150130841844424268e-01 -2.369383494630716291e-01 -4.197142187831944260e-01
2.858138485958339636e+00 4.703508973144885363e-01 5.798848102823990214e-01 -4.994886122054258415e-01 -1.473615766611481082e+00 4.180034969660150201e-01 1.328693585681230527e+00 5.745045727810096370e-01 6.794106295064751277e-01 3.992546099950676219e-01 1.332017285806188500e+00 -5.101425520247797607e-01 3.612480722739316308e-01 -3.265163157244705405e-01 -5.661948540237402017e-02 4.944664961612603715e-01 -6.739323293461244591e-01 2.424253410810742193e-01 -5.583390232055438496e-01 2.425237469970770166e-02 -4.792111093494967333e-01 5.228824485890415374e-01 -2.593944886922558979e-01 4.617062785506723666e-01 -2.069522239842219169e-01 -5.247962246201609560e-02 -4.572553452981657079e-02 -8.353627983910305588e-02 -2.787517491953170889e-01 4.977152848838049121e-02 1.679145085389298908e-01 1.198706417470121188e-01 -1.752163989712129943e-02 1.811083578186878373e-02 -2.875033320533150194e-01 1.190051189117268954e-01 -9.669953403830176819e-02 2.078589089993795047e-01 1.902313491572668602e-02 -2.250659192557439292e-01 -2.252605167665338859e-01 1.364583073536541402e+00 4.461671767525867693e-01 3.180399619771271391e-01 -2.902791775227964166e-02 -7.361227405457301809e-02 4.015456826998308193e-01 -2.208000553113245168e-01 6.042880062554996379e-02
2.837365965769407694e+00 8.313560349624374846e-01 4.155343710278771585e-01 -6.915048969712856985e-01 -1.317760596538459561e+00 3.604365282015919991e-01 1.430633717718154285e+00 5.133589079511992059e-01 4.665458296222463330e-01 8.607862067964103248e-02 7.090123704929985893e-01 -1.333576611681506763e-01 1.218642579517034419e-01 -2.558381078983987256e-01 8.937303958425730777e-01 -3.681593647032256333e-01 5.281100839408144759e-02 3.698807803974413777e-01 -6.553853118649188847e-01 2.038770814822979671e-01 -3.193288876528019848e-01 3.093490257484852735e-01 1.044112732305702979e-01 -1.789463286613914017e-01 -3.073987201590240859e-01 2.626148942812902010e-01 -2.550821717010268719e-01 3.427085124768791125e-01 2.145096896102190454e-01 -2.039457320806903062e-01 -2.272789391268442982e-01 4.043701743617972300e-01 -3.633414925408391394e-01 -1.297033504721382124e-01 2.688784036296610336e-01 1.874540884434121035e-01 1.597882897179228046e-01 -1.274906212153416873e-01 -3.726337219910202947e-01 3.882504151384364999e-01 -2.874724907502456128e-01 1.512806101416432458e+00 9.244020890394306633e-01 2.927781673314258648e-01 -4.868601703178315754e-02 -2.767252321776904056e-01 6.807966637589508707e-01 -3.099226560582954426e-01 3.562589539095765145e-01
2.783935682603376094e+00 7.257961880208380068e-01 6.084269119376701784e-01 -8.013099699849147717e-01 -1.030966834125957909e+00 9.065296020080642059e-01 1.955056906172322639e+00 6.060660606674210804e-01 1.107682971063905120e+00 9.843504168437078317e-01 4.146391087968639422e-01 2.868046206206468218e-01 -6.733946756510679477e-02 1.938185746564752843e-01 -4.613633213968632019e-02 -2.058841764264107699e-01 7.747347834813927969e-01 -2.844345254943561607e-01 6.057203207822881019e-01 1.113817679372965108e-01 -2.196309474517630089e-01 -3.222548976776699603e-01 2.134241020065448524e-01 1.473991997202889204e-01 -7.182438010276420703e-02 -3.586171114256386794e-02 3.348104118351408753e-01 -3.437031639653143067e-01 1.789465207542248748e-01 4.141580492495045007e-01 -4.252417511703390773e-02 -1.431567908602884298e-01 -2.248325027915831775e-02 -7.632682284570591058e-02 2.058038109079958766e-01 3.608438191385221483e-02 -2.671848618717418411e-01 -1.680049721755423331e-01 2.723433879495646970e-01 7.451591555160089198e-02 4.726308659097019915e-02 1.268710155707080123e+00 7.842449622836289436e-01 2.406752535348299915e-02 6.400492620617237449e-02 -2.180153501693450069e-01 6.225941800438911100e-01 -6.339990440777532044e-01 6.399953376535094662e-02
2.769430430425420475e+00 7.802363170369214229e-01 4.545356535842095536e-01 -8.171092629159235621e-01 -1.426299264047896420e+00 5.788715287930548126e-01 1.434145138536640163e+00 5.188290427213582134e-01 3.134070188608374385e-01 2.707312360448825839e-01 8.208062679553368435e-01 5.229236037463169673e-01 -4.011197214501180941e-01 -5.017687777743509159e-01 1.638887568750024837e-02 -1.537215941017853749e-01 6.707898308592187275e-01 6.282706300541639477e-01 -5.797120098683490319e-01 -1.015572422615202419e-01 -7.484729450247660232e-01 3.298088241052549718e-01 2.832830252411137895e-02 -3.020221769922536853e-02 -4.665534214168803318e-01 4.720307239261302690e-01 5.519947769911497382e-01 2.257866386731981895e-02 6.463666479368654905e-01 7.619232528870952814e-01 -9.727071444725751692e-02 1.331345448287298838e-01 -3.440219395251711276e-01 -4.072115568827516241e-01 1.248561865306396235e-01 -1.993345663765212772e-01 9.646731678820044675e-02 -9.974742749170642520e-02 -1.181637432727589143e-03 6.340300903949903644e-01 -1.992734246444131940e-01 1.627395439549527811e+00 9.622223822115381076e-01 -1.748688099704964749e-03 2.176698404911805440e-01 -2.374880956889788841e-01 3.940407081036109149e-01 -6.632304437963543187e-01 -2.104991631329721780e-01
2.640133149162081416e+00 9.455771510380049927e-01 6.596501011465354392e-01 -6.385548209874403192e-01 -1.495770710250868163e+00 7.136404949310787282e-01 1.176953197600827394e+00 9.165660299617726103e-01 2.281493999136887385e-01 4.946551914676724504e-01 8.371007126630526374e-01 1.373523168618355772e+00 -1.950481377084404833e-01 -5.782163522294088143e-01 -1.319086364160273195e-01 -1.867661239028571840e-01 1.000131099212511865e+00 3.844231286032119832e-01 -5.840625737548004182e-01 1.410982803504710337e-01 -8.800191839616100520e-01 -1.320019185666609918e-02 3.363692417201289420e-01 -5.793511898843028279e-02 -7.038836790952089917e-01 5.542307410478966023e-01 4.361423201903608660e-01 -5.122401270977867266e-02 5.115218134053878263e-01 6.514582964703574675e-01 -1.273583955957042491e-01 3.251558412535392462e-01 -3.471477947802592556e-01 -6.962358897172610250e-02 2.976413863030580309e-02 -1.336003893765251027e-01 -3.667897085968374049e-01 -2.124059719668980051e-01 -6.261736003418433283e-02 2.543137151483925162e-01 -5.467213292703217986e-01 1.628798849218902500e+00 1.468671734471539647e+00 -3.907320652985252774e-01 4.615846414496138639e-01 1.010034512521329253e+00 6.377103000088923945e-01 -6.653304381630197328e-01 1.156115273691131484e-01
2.817649890148078207e+00 6.520410357184579508e-01 5.089700542353352564e-01 -5.884220640427778592e-01 -1.377673133163706654e+00 3.381593899357075994e-01 1.428791823768215563e+00 5.964817885460043101e-01 6.217775999986944191e-01 1.971336382881082872e-01 1.138847573699494076e+00 -3.530666643095677903e-01 7.338493322104797101e-02 -2.975680932920483079e-01 -1.453813874730377209e-01 4.074335551580737791e-01 -3.214914565939244739e-01 2.594157329173128468e-01 -3.214590362551216218e-01 -8.923806783546719967e-02 -2.338108254014997778e-01 5.001578631601095726e-01 -2.062731836976681998e-01 1.063559001283644057e-01 4.000730922428572534e-01 -3.515583383941784379e-01 -4.538230357724895581e-01 2.279123852967800679e-01 9.876658623307436879e-02 -8.924860527991848591e-02 -1.693607657673588951e-01 3.344062066700662639e-01 -1.414976158264017736e-01 2.311928408434755222e-01 2.172920441304251882e-01 3.155340096313821729e-02 -2.005633680725136259e-01 -2.735363176865275303e-01 9.871815980619180753e-02 1.614326307095468038e-01 -2.036910866863509140e-01 1.407846696090305993e+00 5.372387641793725521e-01 1.580191423751057811e-01 1.725514574707049942e-01 -1.307114031360346873e-01 4.005149725279162354e-01 -4.156668540497864273e-01 -5.131637662157129132e-02
2.978795047709456689e+00 4.698133862801677774e-01 6.614662940535256386e-01 -3.552813404021262222e-01 -1.671412183314403332e+00 8.776199572935832194e-01 1.301783760348839580e+00 3.514367965975943586e-01 5.269531528402856546e-01 1.079204444563048426e+00 1.425690630210207921e-01 -4.353379424087792104e-01 2.270646771152239618e-01 1.876434117900692145e-01 1.210877710433898580e+00 -4.034264586059898017e-01 -1.144635594004355772e+00 4.810547031259008732e-01 -1.013227115417994817e+00 1.527594755566003271e-01 -1.927914525558022674e-01 3.128620981978969540e-01 -3.440456469857122723e-01 3.652323412414706372e-01 -5.259332656461759292e-01 -1.368340965811695176e-01 7.443529050418189186e-02 6.128083528455620099e-01 -8.031368142249916131e-01 3.171630175428042375e-01 4.544926095853247805e-01 2.104482856870576457e-01 5.202960032570461690e-01 2.096908203872059062e-01 -3.505332871984268017e-01 -5.021772543187581483e-01 -1.157308650067171221e-02 4.556646483190938124e-01 -1.739093688649613889e-01 -1.627917462525742542e-01 8.833910366481011189e-02 2.544901982013328290e+00 9.186840747885951508e-01 7.059442400106155091e-01 2.725057463370594846e-03 -1.915623934482783008e-01 7.568131041732450992e-01 -2.651697375731752460e-01 9.703878700379750533e-02
2.774372252646259973e+00 7.407234460187775982e-01 6.184858766026770649e-01 -7.819198728982436064e-01 -1.035607691305288736e+00 8.893931985029719378e-01 2.002293004496992435e+00 6.136157841870921725e-01 1.173036968036651473e+00 8.753842098364699176e-01 4.147235578004981882e-01 2.053895793778005574e-01 -2.477678084186650531e-01 2.094832664393550536e-01 -9.940437425212370059e-02 -2.653784992372782425e-01 8.359326260029497080e-01 -1.351026706825712576e-01 7.636875149103009575e-01 -8.781534538642202237e-02 -2.575546597334312238e-01 -3.339013582029259353e-01 2.229745004912152828e-01 9.302716124964399702e-02 -2.117152935773417011e-01 1.049579687788446125e-01 4.898254914593410114e-01 -3.034784450652735499e-01 3.807471309801719883e-01 6.679008933146575178e-01 -2.978302282876403584e-02 -2.745463230960069057e-01 1.016583714323993082e-02 2.494911312234671108e-03 1.969129829863773273e-01 9.729964541255922694e-02 -5.184057440295329888e-01 -1.941568653434566083e-01 3.867754336614800392e-01 1.971448417910995343e-02 1.642037653407427134e-01 1.477681676106404662e+00 8.857849225283658257e-01 -1.677469354796750078e-01 1.865237505223005243e-02 -2.504011793261721186e-01 6.427610634563341030e-01 -6.678876207531194709e-01 -2.978618191108870980e-02
2.842463096441657733e+00 3.101455250260692909e-01 5.421913240551645696e-01 -5.118294295651877324e-01 -1.594756645558875086e+00 8.118736793349294878e-01 1.207512817726555276e+00 3.923550088958607795e-01 6.111484207957373904e-01 8.379872518438449269e-01 1.168841570848790035e+00 -1.553742221334291351e-01 -1.182674473154500944e-01 3.355999027618694619e-02 -3.357948139442789026e-01 3.647677774801741934e-01 -8.443367253187501476e-01 3.495988303841090494e-01 -1.076653297299610790e+00 -2.273065526649463430e-01 -3.032415639620298919e-01 3.792524312224164196e-01 -1.859342035911687729e-01 5.352905786288885137e-01 -1.986131123024426071e-03 1.936613769682237751e-01 6.753727164974486497e-02 -8.075990888533345347e-01 -4.004312808790485567e-01 1.855777657029480943e-01 -2.125108050143042770e-01 5.176147937347036487e-01 4.718204122085578600e-02 5.868485216210955757e-02 -4.065967038444902037e-01 1.599190517682467783e-01 -3.305706807199437214e-01 3.157990766090639223e-01 2.489076312948700909e-01 -1.739737928857611193e-01 4.027283067215454704e-01 2.407749191798221222e+00 7.170686638744723229e-01 -2.481528294524047440e-01 -3.528054408156566790e-01 -2.322860879593527939e-01 8.207777288507124291e-01 7.567698339165912502e-02 -3.198845925223429698e-01
2.789429460730859844e+00 4.330116017783357529e-01 6.942004747154257860e-01 -5.731657694395864144e-01 -1.322673597248866573e+00 9.094586482862705434e-01 1.358747490666083246e+00 5.007544798092287142e-01 1.132217823944080770e+00 9.044401653983512590e-01 6.790991345899495268e-01 -3.789538559759699221e-01 1.125111667486017875e-01 -2.155262659545169601e-01 -3.099460645459563013e-01 4.281382958748259915e-01 -4.755308246620511547e-01 3.552043717488075902e-01 -5.396253275068447763e-01 4.423149463612399690e-02 -6.146654779041591521e-01 -1.669385605859132760e-01 -5.551059889545872927e-01 8.410525613049179006e-01 -1.764359219603270357e-01 7.059514972846575587e-02 3.082860240467000801e-01 8.497260359896424697e-02 -2.332161291742429476e-01 7.043030332367188340e-01 5.534879967904756670e-01 5.733977082260809377e-01 5.420463279838706461e-01 2.623529920997841325e-02 -7.118648548395720699e-01 -5.385343483487247118e-01 1.676490973391983608e-01 -2.721854905019748250e-01 -2.352506207893291235e-01 2.216025587465436375e-01 -4.490787412208225859e-01 2.136197202464605649e+00 9.809821456133493989e-01 4.181590026102365854e-01 6.488169952019562370e-02 -1.327679913968130287e-01 6.888894742454866327e-01 -6.220726607216124915e-01 -4.203903565054997737e-01
2.059664104648834204e+00 -1.961133667714096696e+00 1.826827962215986423e+00 -1.659317400330471148e+00 7.324005527656949344e-01 -6.463161629638611849e-01 8.148910378316223113e-01 1.428842258092252404e+00 -1.587989334702255839e-01 -6.538147473462385673e-02 1.546846889717222173e-01 6.868604984038908512e-01 3.540244962534071504e-01 -1.010601157515033655e-01 -1.287040113189822643e-01 -1.312239374584496521e-02 -8.143661341449309754e-01 1.847444441335609755e-01 1.465396086265311482e-01 -2.828364950407687983e-01 8.775641425093871906e-01 2.094621994727681735e-01 -3.482900527091363774e-01 -2.409898951665890854e-01 3.222558865830220665e-01 -2.450740121618334988e-01 -2.629806740392686693e-01 2.066587595575176961e-01 2.068159911284059571e-01 3.694310453779594550e-01 2.211040534835546911e-01 1.214440892937941330e-01 -4.161478216266861763e-02 1.715900801002610554e-01 5.203222852060568338e-02 -2.895952205852389549e-02 4.466502762280922800e-01 3.076042522121616996e-01 -1.951139924166214179e-01 3.451369664217521782e-01 -1.857863207282761664e-02 1.204319551461162430e+00 2.258478123932565751e-01 -4.983676936041353533e-02 1.103120568174431604e+00 -6.613818456041186122e-01 2.318151243304079623e-01 3.323454497321773338e-01 2.035500290774440724e-01
2.002001521834031017e+00 -2.063687230570865783e+00 1.887355879884003995e+00 -2.254210851785357850e+00 1.136675730927434458e-01 -1.144425581572519612e-01 2.340578374420824392e+00 1.600893329499943007e+00 2.042890272081308300e-01 5.203231888387171988e-01 3.628017871390120108e-01 8.255726052879901466e-01 -7.574596121343951660e-02 4.881548466159421062e-01 4.705877967219465052e-01 -4.752410544624772193e-01 2.682614308390801616e-01 -5.215553469255257424e-01 8.076616328218827467e-01 -1.849185970720819139e-01 -5.927076502313095852e-02 -2.179457016095538990e-01 3.697269130843251483e-01 1.839207417373669162e-01 -3.453640744702551890e-02 -1.781836895214830019e-01 4.876294646415842149e-02 -1.831763899496167969e-01 -4.117607194834715933e-02 1.885165583191098504e-01 -1.202034370932258955e-02 -3.764918044121279284e-02 -1.053674698083677530e-01 -2.308959896751375251e-01 1.926931293248684840e-02 1.581110964437117128e-01 -2.112627418686876535e-01 -9.697950788157477797e-02 8.159381644143159917e-02 -2.211017839123224360e-01 -6.537131935886120182e-03 1.353240131377269950e+00 4.301890980685803001e-01 2.759922091559036117e-02 1.257135511114057858e+00 -6.408175673867140265e-01 6.252539032234047944e-01 3.604885528450896270e-03 1.466982568079482907e-01
2.014240048075328637e+00 -1.998852119507109837e+00 1.942983870139029401e+00 -2.303560229030018558e+00 2.679148185063384702e-02 -1.534329806455813350e-01 2.423937415910373705e+00 1.628038572060755751e+00 -9.410507987800953433e-02 3.501456999287944627e-01 5.191677538931097624e-01 9.578951104699828800e-01 -4.960494732195364076e-02 2.531769870116700183e-01 6.712023985309951701e-01 -7.221378698140761276e-01 1.069943498170542018e+00 -4.006808951713764499e-01 4.302453511506393324e-01 -1.174593114243042968e-01 3.734672938327115999e-02 -1.558920766855420026e-01 6.675395768778509265e-01 1.869680078051184913e-01 -1.662372476652451136e-01 4.320402376964355140e-02 1.564626570038042952e-01 -2.967832755112103649e-01 -1.609922378149365452e-01 3.977694568933304864e-01 -8.815463105775603325e-02 7.301916360040661136e-02 -1.720554094325399963e-01 -5.081924825329200424e-01 -7.959527573524827204e-02 1.528493179380756295e-01 6.525018596618434308e-02 -2.390693875759651588e-01 -2.049999755920891009e-01 -1.589202386175817272e-01 -1.554519080351066396e-01 2.080287613488790210e+00 6.717321474008923765e-01 -6.137552900187170923e-02 1.275828894021146409e+00 -8.133592194747488735e-01 4.383011472766574768e-01 -3.169028109620558031e-01 7.972825295096548637e-02
2.795405607884045907e+00 7.289050292372679651e-01 3.703181980682479502e-01 -6.967436812124396806e-01 -1.210646966991404616e+00 3.531244071434522791e-01 1.549041241986560902e+00 4.058976561159516327e-01 5.055237637993469368e-01 5.063658285235446144e-01 6.279623680247773398e-01 -6.115166786898115769e-02 -4.478973381391717634e-01 -2.332240440353755551e-02 -1.334087325448645445e-01 -5.773462394161921890e-02 4.792360818150499108e-02 3.924149236804982954e-02 -3.130307221039404508e-01 -1.386208428246188396e-01 -7.732081767218110802e-01 8.730747269082210771e-01 2.267144134172771053e-01 -1.696046279213484220e-01 9.545226389056558070e-01 -5.862312045072126665e-01 -4.480275828790076242e-01 5.995060953754314248e-01 3.190965969277730907e-01 1.568573395254404257e-01 -5.760082797945204058e-02 7.198872382670696846e-01 -4.735127624971943172e-01 8.318339681205377811e-02 7.005170959588818969e-02 -9.574407934180581559e-02 -4.604518208662387035e-01 -2.873498082453279645e-01 7.638298857337241787e-02 -6.873857449661993635e-02 4.642254518771563032e-02 1.695732065945183553e+00 4.383147766598760597e-02 3.999732206983509508e-01 -1.659298750923265953e-02 -2.355142233630209136e-01 1.135961564578763516e-01 -9.526705129093563373e-01 1.391038744840090713e-01
2.879862669589277502e+00 5.221584319175395228e-01 5.343442690022739416e-01 -5.832241294217239691e-01 -1.367397871449977487e+00 4.729827285327234954e-01 1.382786157586781917e+00 4.158543309234101759e-01 5.203188708953145891e-01 8.169851594245078896e-01 1.056781465930460628e+00 -2.441916007543160627e-01 -4.245018152981424597e-01 9.820465659083621457e-02 -2.401641460876093592e-01 4.481358021831107763e-01 -6.601095156827021526e-01 1.150107434354460667e-01 -8.424077967742820139e-01 -1.132336098382007855e-01 -4.105928809406854119e-01 1.295708357699449920e-01 -5.618854297627792760e-02 3.060972037092863918e-01 -4.331389712809690651e-01 -4.298295250764970765e-01 -1.938432100564896898e-01 -4.543952323141171867e-02 -2.367136161941150729e-01 2.887856197479745646e-01 1.647118344571901483e-01 -1.471306820925396552e-01 2.311163031767810017e-01 -4.071145578155554445e-01 -1.769475535376978381e-01 9.375566092474092728e-02 -1.909369991166709191e-01 1.056343876876378318e-02 -3.564203674703773084e-01 -1.475279573720568449e-01 -4.376619065403744013e-01 2.173316437715431260e+00 2.500489202890996410e-01 -5.106976967405747470e-01 -4.425970044647856705e-01 -9.249666796474306785e-02 6.541433309237570937e-01 -1.367174462986626149e-01 -1.652331838411055798e-01
2.812946129971150455e+00 9.305103871688845674e-01 -4.780801479584773084e-02 -3.810774775763303701e-01 1.751127318490328655e-01 -1.790212075318691753e-01 6.146477060028372463e-01 3.809127749309919597e-01 4.703070940408569101e-01 -3.570888967126131242e-01 7.424849889972290340e-01 2.127913416080112578e-03 -8.794024272317318980e-03 -4.505190570331764621e-01 9.014547450826100594e-02 2.274691530248300897e-01 -3.050289106726415955e-01 -2.269546197228657081e-02 -1.106512483515328937e-01 -5.435247740202117650e-02 -4.027725861140878383e-01 1.206962816650655745e-01 -1.982291929748671577e-01 -5.215762411033647572e-01 -6.805190455147430706e-02 1.922871574089067281e-01 1.149240055925365572e-01 8.783980506737243399e-02 2.887193445272353554e-01 -4.022838400913191781e-01 -3.059342223975837216e-01 1.938616649178961371e-01 -2.693521176407270845e-01 6.166311681608087625e-01 1.340342244986996723e-01 2.254451849693691612e-01 3.927602503613211171e-01 -3.121314495286149349e-01 1.878289411388104901e-01 -1.113424870399034455e-01 8.624366413136760889e-02 6.796895385586014804e-01 -4.026733327317624234e-01 4.298813053487824387e-01 -3.653508383220933076e-01 9.132606118636102388e-02 -2.911102815516664610e-01 2.476821596920986135e-01 7.747166413609432589e-02
2.752377288444523451e+00 7.977573434840962152e-01 5.050017201523624433e-01 -2.328028542586138006e-01 1.727321967118530810e-01 1.581503743398104955e-01 -2.046445524968519003e-01 -4.574283616973574551e-01 5.472043067616447765e-01 3.531607097803624029e-02 -1.486695892513175243e+00 3.129197711205628507e-01 2.320665732940693782e-03 -3.361536977647977542e-02 -9.885923306077613049e-01 3.265357297443016726e-02 2.021899258317463033e-01 4.940831949158383529e-01 1.477789835676798225e-01 -7.829115964402628969e-02 -8.294384024171834457e-02 1.481962301289617701e-01 -3.143629908119731642e-01 -5.781326503893691182e-01 -1.471626887198294598e-01 4.141466224494360637e-01 -2.438073837714194170e-01 1.207253733598287748e-01 4.989765341666799192e-02 5.168246643537279805e-01 2.259272178288068422e-01 -1.567633314218407348e-01 -2.124714295805596453e-01 -1.248739169848335773e-01 -2.353800357024877499e-01 2.099595378955440017e-01 -2.049689807684182685e-01 8.473946191898754088e-02 1.614314908750994482e-01 1.315191166718720772e-01 3.744874752779736582e-02 1.119373612826345177e+00 3.189316070572374429e-01 -7.236090753437796064e-02 -1.386172772259071651e-01 -2.428080857599414222e-01 2.703520178252263317e-01 -2.210511396331533707e-01 1.556100823924941659e-02
2.949299555604225631e+00 1.151941830337830375e+00 1.028298344193627756e-01 -4.112797068162650227e-01 4.622654299131506717e-01 -6.574799605157080062e-01 -4.643314493152054245e-01 -3.105149950630418099e-01 -1.019513930912836264e+00 -3.966790777625951447e-01 4.044860519317767800e-01 -1.329110310851847401e-02 -1.030589684156762859e-01 -2.144613439115633513e-02 -1.998677910399139501e-01 -4.721007371303289624e-01 9.117555900855089934e-01 4.231932398558349573e-01 -7.044010222016554579e-01 3.039773336252582503e-01 4.009600356476308858e-01 2.389519563055236273e-01 2.107863812470832932e-01 3.721474408669572798e-02 -2.171593709500352909e-01 8.775802209597469705e-01 5.580303852750719829e-01 -1.258353673532901507e-01 -3.893486947909202689e-01 -3.134366604398469702e-01 -2.335800321039153971e-01 4.156148431910015040e-01 -4.025980725829965134e-01 6.241750115942917843e-01 -5.209914787015546001e-03 -1.216183906286454619e-01 3.106020023774878625e-01 1.657821616195127301e-01 5.409422162069182916e-01 1.646380564121327494e-02 3.019901471695813910e-01 1.707922966314970648e+00 2.157767917950526027e-03 -6.642396850311220735e-01 -7.211542191199648011e-01 -2.613303838285953307e-02 -7.543401514375264183e-02 4.372845118626953465e-01 -3.231206560246510096e-01
3.044712599519722396e+00 1.398309059228853624e+00 1.706794282783206107e-01 2.931600691440232609e-01 2.315033271532930925e+00 -6.816458099436738527e-01 -6.097917306346065658e-01 -1.003405002956508918e-03 2.544063724662853909e-01 5.013267585869937149e-01 7.631403550137373371e-01 -1.955519411452197598e-01 -7.627836616715522045e-01 5.682581857917679002e-01 -2.667570573354743901e-02 1.367069085887690771e-01 -1.590024551102445227e-01 -2.832851882022983936e-02 -3.910081966746361548e-01 1.804494667523221241e-01 1.975631111659309491e-01 2.022596344481451536e-01 -5.360228934573171844e-02 5.642630112040246670e-01 6.055080774263993382e-02 4.424386381580736605e-01 2.611134039125111994e-01 -2.148964549972858240e-01 -2.196204937847113792e-01 -2.267227137926628167e-01 4.127981495233904452e-01 -4.257187349299779711e-01 -1.482100591043722382e-02 1.913313404764508396e-01 7.512162703272922126e-01 7.345204331266830255e-01 -2.663808825744369731e-03 -1.121161470149556472e-02 -2.254752433415471713e-01 6.562520262009167160e-01 -1.711416288045104761e-01 1.670711952130154554e+00 -1.063070717565888224e-01 -6.514851855442154172e-01 -7.123955398769765690e-01 3.843722222147491485e-02 -1.036021153806462869e-01 4.433842168207297041e-01 -3.742757406863376213e-01
3.014912603645391265e+00 1.394087594011171216e+00 1.828881384976530633e-01 2.057186142129328044e-01 1.996871545781166324e+00 -5.511896354630696493e-01 -6.186905553428161397e-01 1.675389878589592929e-01 4.943660376825865788e-01 1.345714206161770787e-01 4.838947687335789505e-01 -1.311902133126895409e-01 2.104768327029465924e-03 4.045493813177566955e-02 1.924573246577433450e-01 -1.809144805613385754e-02 -1.663287882278010332e-01 2.158017768509885859e-01 -1.388814328121555919e-01 -3.116122870052714933e-02 -1.854836021729715234e-01 4.798352618849180407e-02 5.998839549162997276e-02 2.048586743715798131e-01 2.983141533284421332e-01 3.468492424099078320e-01 3.731392639921182197e-01 -3.555567288909754486e-01 -1.310360424886995445e-01 -2.288264953225244980e-01 4.038307309182233018e-01 -3.104753081527647507e-01 -1.453878629941163791e-01 1.279473051790963045e-01 6.062720807774650833e-01 4.741057513724934447e-01 2.744025965155767396e-02 -1.044352523251739634e-01 -1.353028011415607912e-02 2.884328727358009825e-01 -3.354808127228994796e-02 1.626938771187333099e+00 1.217347005860263121e-01 -3.017277720978141509e-01 -5.802499428593597131e-01 6.411210964947605673e-02 -2.109918586338475621e-01 4.969653929048241658e-01 -3.697666469813877255e-01
2.851520852939242623e+00 9.743712415300819218e-01 4.244164585149328150e-01 -1.905782066369794414e-01 6.483385517700822609e-01 -1.273152913974370526e-01 -2.683896982127389474e-01 -7.048892886831694682e-01 3.693930039339848870e-03 5.285925441753893672e-01 -5.257811742900593277e-01 3.936519901507400387e-01 -1.460371056772741705e+00 7.124450526529110261e-01 -1.058401302801979194e+00 2.621973910953560027e-01 -6.552624789026106553e-03 -4.503969225418584243e-01 -4.867759480369873160e-01 -3.513087958067835359e-01 7.704048806755838807e-01 2.396996880000200059e-01 7.554959692278978567e-01 1.288114902751812618e+00 -3.988539671729648961e-01 -4.482435669031914482e-02 -4.448974543010224547e-01 4.328707356686362639e-01 4.509017727558661259e-01 -3.427936550215285316e-01 5.340419540251535313e-01 -2.968367677100125501e-02 4.945675946407978030e-01 1.132117438428344169e-01 2.532933441742570291e-01 5.087195730294978846e-01 4.967905983462888586e-01 5.887769530925263117e-01 -1.405790114774743693e-01 3.403932423280289221e-01 1.256578568350555924e-01 1.499089719358488448e+00 -2.126735239567856262e-01 -6.824704956647278387e-01 -3.018862173398945137e-01 -1.049209617115146043e-02 3.740388143750333905e-02 4.413294680444185270e-02 -6.149273528966634483e-01
3.038659868017843380e+00 1.445784101479169692e+00 1.596768571219122634e-01 2.715064682206738134e-01 2.161425907143826208e+00 -6.061400210723187909e-01 -6.051697515062287591e-01 1.882487910250654484e-01 4.919219647521201333e-01 2.505473681083556503e-01 5.485730956857124418e-01 -2.224231494282861155e-01 -2.456334865985473626e-01 4.640065274873331203e-02 1.206873736106116313e-01 1.523942152184892818e-01 -1.836422275306648644e-01 5.967766682436957681e-02 -1.380868562124884513e-01 -1.876776387505229571e-01 -1.404665121624076030e-01 -6.904414581082418678e-02 1.656135622973730626e-01 2.434775291034750044e-01 -1.739224250468900945e-01 -2.852404452469624596e-01 4.634522078039622628e-02 -5.509281636583573949e-02 7.052091883327413213e-02 -4.528987900635931402e-02 6.069803298284029980e-01 -5.810627022956418308e-01 3.047899861087771667e-01 -1.651089924731890535e-01 7.550640959625372073e-01 1.025912072523378349e+00 2.413629354931286497e-01 1.360236183151585787e-01 -2.968705910590492270e-01 5.408851359138802106e-01 -3.655046476538718059e-01 1.936225060335222015e+00 -7.005735533285983863e-02 -4.592622370410523458e-01 -3.507167264355717795e-01 1.370102189292068950e-01 -2.912399497850501340e-01 4.076782761522470544e-01 -5.269597741681801839e-01
2.845468121437363607e+00 1.021846283780397435e+00 4.134138873585249119e-01 -2.122318075603286669e-01 4.947311873809773219e-01 -5.180950252608193529e-02 -2.637677190843610298e-01 -5.156370926551473444e-01 2.412095223251745357e-01 2.778131536967513027e-01 -7.403484336180838898e-01 3.667807818676735998e-01 -9.432208816997373901e-01 1.905875196098760771e-01 -9.110382234578202620e-01 2.778846977250761796e-01 -3.119239720944664424e-02 -3.623907368972590359e-01 -2.338546075748397512e-01 -7.194359013096287558e-01 4.323752573472455230e-01 -3.160409225894930674e-02 9.747118208710026099e-01 9.673294206512630389e-01 -6.333271999624947579e-01 -7.725034400953552094e-01 -6.596656374331374417e-01 5.926743743000865150e-01 7.410431853738516095e-01 -1.613608202352250498e-01 7.282241343301665282e-01 -1.850276441366650593e-01 8.141785866600123045e-01 -2.432285891068055039e-01 2.571411698095021348e-01 8.001112124261932079e-01 7.408173426651618598e-01 7.360121861091805107e-01 -2.119743591949761474e-01 2.250263520409925555e-01 -6.870516201430573733e-02 1.776812047823923546e+00 -1.784867556837683722e-01 -4.937009552304098547e-01 6.907978490475308320e-02 7.774056079556349030e-02 -1.555134558156767155e-01 1.759026987681849841e-02 -7.808308034493491867e-01
2.843256967605090502e+00 1.024755485873952487e+00 4.068544151475015358e-01 -2.119569779316277103e-01 4.890199792511759069e-01 -4.378081118887042211e-02 -2.697555460429177931e-01 -5.148871467376138211e-01 2.341036022314213760e-01 2.501329795336956208e-01 -7.329913199860460526e-01 3.577502087508616646e-01 -9.130987684893894230e-01 1.782068055733409540e-01 -8.912940988850390767e-01 2.829472931244387812e-01 -6.042629770823746554e-02 -3.519536940858361551e-01 -2.253881800330692353e-01 -7.357787094208260159e-01 3.877529710731821289e-01 -3.155015759537338482e-02 9.485777930488566989e-01 9.069946828886864543e-01 -6.116329082266280803e-01 -7.649386421758672672e-01 -6.600910364398518970e-01 5.712283307048243719e-01 7.237109929749515613e-01 -1.527611711304089903e-01 6.892882268834976678e-01 -1.689119436329681312e-01 7.830276429809578387e-01 -2.192656546407593665e-01 2.511799328453869218e-01 7.404111434898336119e-01 7.250178456754752254e-01 7.227228382362776982e-01 -1.827749494866888758e-01 1.524888418143653668e-01 -5.157733125381067096e-02 1.743568440129440678e+00 -3.333530448431158977e-01 -7.746539050994645237e-01 -2.986583232319182102e-01 -5.846376555992627289e-02 1.736554302202922284e-01 -1.410378656997152147e-02 -4.813642123575731513e-01
2.868250636213429239e+00 1.126637314598693429e+00 3.296061575121040921e-01 -1.631340922853841136e-01 8.270596695444361046e-01 -1.900008514479187560e-01 -3.522292082486970788e-01 -4.524271451222341978e-01 3.185176752373777287e-01 3.665561336446213070e-01 -6.147363333075545055e-01 2.545377275811724349e-01 -1.100686639049814008e+00 1.718656074249735877e-01 -8.416075509402494159e-01 1.845472701072440602e-01 -7.615693349657370534e-03 -2.916464626328776899e-01 -3.353474389289425872e-01 -7.871489717596825697e-01 2.034372936119643871e-01 3.282813301982983600e-01 1.341023609413563467e+00 9.259678625016121156e-01 -4.381686617407209994e-02 -1.355094108438199108e+00 -8.648932013170239630e-01 9.324489164796715412e-01 9.440322748667350217e-01 8.754439459446811123e-02 6.882415701184713130e-01 1.599191393396215410e-02 4.346195492160879192e-01 1.104728893427623093e-01 1.641391360774648311e-01 7.580381161814779833e-01 5.731298015714554328e-01 4.744848400473314909e-01 2.158160053764845987e-03 2.941212015493678278e-01 -2.102252853302759295e-01 2.322571538240672862e+00 -2.332277921335150772e-01 -4.159758372536756510e-01 -2.013372580514097288e-01 -1.066361141200171114e-01 -2.470663492031547892e-01 -6.683651885843755469e-01 -5.705037228907381408e-01
3.036448714185569386e+00 1.448693303572724744e+00 1.531173849108884433e-01 2.717812978493749920e-01 2.155714699014025015e+00 -5.981113297351072777e-01 -6.111575784647853560e-01 1.889987369425990271e-01 4.848160446583668071e-01 2.228671939453000239e-01 5.559302093177502790e-01 -2.314537225450981339e-01 -2.155113733881996452e-01 3.401993871219802235e-02 1.404314981833928999e-01 1.574568106178518556e-01 -2.128761280294557967e-01 7.011470963579248539e-02 -1.296204286707179909e-01 -2.040204468617202727e-01 -1.850887984364710526e-01 -6.899021114724826487e-02 1.394795344752271515e-01 1.831427913408983088e-01 -1.522281333110234169e-01 -2.776756473274747394e-01 4.591982177368185425e-02 -7.653885996109788259e-02 5.318872643437405623e-02 -3.669022990154329616e-02 5.680444223817343596e-01 -5.649470017919450138e-01 2.736390424297229229e-01 -1.411460580071427495e-01 7.491028589984218833e-01 9.662120035870187529e-01 2.255634385034420153e-01 1.227342704422557662e-01 -2.676711813507618443e-01 4.683476256872530774e-01 -3.483768168933768505e-01 1.906043525867855859e+00 -2.251877260598369457e-01 -7.414186685192238890e-01 -7.181003917805669490e-01 9.986374378199991408e-04 3.499952813221690606e-02 3.765214689071309517e-01 -2.270515997342300030e-01
3.044469025555922137e+00 1.484194402431637805e+00 1.323740521071092857e-01 2.618118511178195718e-01 2.197800024866172208e+00 -6.728841910425471529e-01 -6.975355207410404157e-01 1.715070274035467579e-01 5.372657383887108340e-01 1.217490671527725887e-01 6.798300774243636324e-01 -1.885314147647681182e-01 -1.348892627159603563e-01 4.857057855168156468e-03 2.417302664788589239e-01 1.857672955901509548e-01 -2.572909378523161039e-01 3.927919670888884579e-02 2.838396148497268623e-02 -1.436705299649583822e-01 -2.558292352522321123e-01 2.221300578670635795e-01 -1.894858811034569324e-02 3.928455875133510800e-01 -2.186723287064150090e-01 -4.192112527726251647e-01 2.190023803054649276e-01 -1.110295192674585485e-01 -3.831613085336235680e-02 -5.615941117623084872e-02 7.470832666771050068e-01 -7.761226980240263362e-01 9.474552231020566539e-02 -4.829430678899660490e-01 6.090249056624175150e-01 9.999374021705440541e-01 2.958643759698062481e-01 1.920688190786458971e-01 -1.493624670089094275e-01 4.010995356432466297e-01 -3.102354905428130749e-01 2.048715314590067837e+00 -2.651113138712579698e-02 -4.347786342127038517e-01 -5.233770992479276352e-01 1.679809218018882833e-01 -3.181508098400459006e-01 4.806109963137751850e-01 -4.509512061939386918e-01
3.014605172737454986e+00 1.421113972737036768e+00 2.285077123536525256e-01 9.244076083624030993e-02 1.574117070182116107e+00 -3.571179552211351527e-01 -5.588345252574555833e-01 5.920445118627751940e-02 3.686029978554589137e-01 -1.291175029174662092e-01 2.760085941417511624e-02 -1.398657175181615697e-01 5.258874099924309986e-01 -2.828823003099440458e-01 1.250553647881915031e+00 -6.220193829631659455e-01 1.900498075499712225e-01 5.865073069263853078e-01 -4.038402087569029630e-01 3.922852794900924533e-02 -1.115011456852429694e-01 -1.549968197158541061e-01 2.482246684599667963e-01 -2.610107513301357374e-01 -1.016675337366906295e-01 1.624606320054013398e-01 3.415642279747459209e-02 4.577388044619769281e-02 2.026434343799318749e-01 -7.622084664939680898e-02 -4.264767988296601642e-01 3.788963874519634123e-01 -9.814382155243336903e-02 2.246715835786560755e-01 -1.340423907951443505e-02 1.794009141555651388e-01 2.055719523197174770e-01 -3.152839811441476292e-01 -1.981691074078161807e-01 2.339788685013032554e-01 -3.505384265214228634e-01 1.474833889814212373e+00 5.537689588641754312e-01 7.096723202148930154e-02 -1.052897055124112358e-01 -1.404236690111905494e-01 2.106478393127087789e-01 -1.655840265103301623e-01 8.141611436205675734e-02
3.034932759874171104e+00 1.483388037718408103e+00 1.050552690858901350e-01 2.706228816450506613e-01 2.254472643375240004e+00 -6.786383066929810859e-01 -6.393936065565087867e-01 2.034916979569497408e-01 5.104534679693065735e-01 3.009915590602372237e-01 5.683200532197361099e-01 -3.248130624687806112e-01 -4.035287090654130493e-01 5.535309099135457545e-02 8.163502133787542414e-02 8.254681500396834903e-02 -1.210248771801202688e-01 8.526852326693586115e-02 -1.943108294952582971e-01 -2.282638419097152704e-01 -2.653167084313988733e-01 2.730666448469480367e-01 4.995498902172611499e-01 1.806003193176620447e-01 3.702077913656580677e-01 -8.081157325867409646e-01 -1.651849154191072366e-01 3.048599331182305083e-01 2.338489871797696518e-01 1.639424560469070757e-01 5.970999859074612726e-01 -3.911108766278181270e-01 -1.247380810555032138e-03 2.052422913604610155e-01 6.381398172739340957e-01 1.019447207075345974e+00 1.030192091285207640e-01 -3.777152127059957287e-02 -7.955546905796850865e-02 5.912333850056202822e-01 -4.992083827226476700e-01 2.490123357286482264e+00 -1.298428213595195224e-01 -3.961138871473480205e-01 -6.155381545404924326e-01 -6.565667437559258302e-02 -3.906471387821866537e-01 -2.584933047347779400e-01 -3.478285094534543376e-01
3.037297950624910925e+00 1.394793527229039043e+00 1.908503330599491399e-01 2.014744203676541723e-01 2.201530267870303703e+00 -6.923331681412845384e-01 -5.849244180285652073e-01 -1.208379873329692711e-01 2.424206341721749369e-01 4.415797638210014475e-01 7.202425562338019560e-01 -2.137280995759389124e-01 -7.122093322364529966e-01 4.996418104775114943e-01 -2.785135734440927213e-02 1.748897894558981425e-01 -6.597618566701098086e-02 -2.260251019935100580e-01 -4.188639524884477106e-01 2.049839234181194680e-01 2.677230868843525902e-01 3.464215524308222882e-02 -1.827455494637436617e-02 1.223368808383633877e-01 -4.130130675876700352e-01 3.743836602243127976e-02 -3.265062424329817636e-01 -1.323098610678725140e-01 6.802616953012494139e-02 1.163228528317234306e-01 -9.801193437546991127e-01 -8.576747678108032069e-02 2.084824538131342386e-01 -1.185381406447610364e-01 -9.334338807251163495e-02 -5.297658519515275888e-01 -2.345586039989208949e-01 5.730071902224639913e-02 9.237616126155551166e-02 8.795084592947657876e-02 6.541405363618255087e-02 1.525291139110265259e+00 -1.656806934398047382e-01 -6.778172299393703248e-01 -5.516193505539990216e-01 4.226297762209318964e-02 2.190576923692649780e-02 7.782716775854758851e-02 -4.855320546811924265e-01
3.045686579690698004e+00 1.419899071223278408e+00 2.017582482842408265e-01 1.589739357834158984e-01 2.140544708959271070e+00 -6.275404058210021230e-01 -6.953317394552596120e-01 9.300521634761035883e-02 4.753918842002243794e-01 1.953920572241151787e-01 6.691275165567673877e-01 -1.156590886908265281e-01 7.636525470320074116e-02 2.068813223691208514e-01 2.356305896352004770e-01 2.674888407891706787e-02 -1.712140306796198497e-01 1.919188538144597500e-01 -1.967651633196709215e-01 3.913437898585214736e-02 -4.025978888290870361e-01 1.600822950989019833e-01 -3.431758584602014883e-01 3.730975952820763109e-01 3.477668250324121302e-01 4.126805020109396982e-01 6.464746776570989839e-01 -5.245581779219129492e-01 -5.890170124161583365e-01 -1.903754263782464762e-01 1.103454900559943219e+00 -3.379842439835864520e-01 -5.127413251874863853e-01 -2.893605289119027257e-01 1.969255238746004388e-01 -4.019410427393191876e-01 -1.633309884635636700e-01 -1.661495850303983668e-01 -1.632868084965177768e-02 -5.097041723602768748e-01 2.685863505884177327e-01 1.945661718067979162e+00 -1.426696271305971653e-01 -5.186584009565056164e-01 -5.980815324215702500e-01 1.269720334062180433e-01 -2.466910998984175873e-01 4.880505833949377315e-01 -3.249901498827773572e-01
2.945257662537914101e+00 1.425111941806560090e+00 1.885298642460764285e-01 9.153783972452678164e-02 1.927987180982473125e+00 -1.736352915478964198e-01 -3.565643224652084720e-01 3.308395641598859682e-01 7.605107946413013353e-01 -6.987245316358631220e-02 3.223093619661652753e-01 -2.490019551982982915e-01 1.023343606344956080e-01 -1.486334587165882848e-01 1.572612331048178769e-01 -1.655466526093119783e-01 2.977692001775990027e-01 4.078681098049860565e-01 5.056435439410633670e-01 -2.065250375755550982e-01 -3.891946496813251666e-01 -7.939379486111053374e-02 8.824490929098077752e-02 -1.412769246357000463e-01 3.047979940846795577e-01 1.589503277997559860e-01 4.870902286302288275e-01 -2.040162067460457029e-01 4.336832307816375076e-01 6.788053232762376599e-01 4.871686071363737769e-01 -2.687873778381963952e-01 1.519501972431411274e-01 3.939755199184906687e-01 1.734081894818393921e-01 1.641644417118763855e-01 -4.622245736181759823e-01 -3.638132555220581210e-01 6.198248147717879686e-01 1.521770484569844595e-01 -4.527930141449396095e-02 1.560125070614421627e+00 5.882125997553062646e-01 -5.233688695433540428e-01 -9.485017995532840640e-02 -1.364593857457525872e-01 1.300223162923811460e-01 -5.044813435473021190e-01 -3.584873253449060715e-01
2.996943546632492961e+00 1.357973061163352924e+00 2.101910701260569780e-01 1.164881592882296424e-01 1.917390162503354700e+00 -5.493924456070704565e-01 -5.324514302388561049e-01 1.834029191064591446e-02 3.291345620515284676e-01 2.246134773719608291e-01 4.391879308511785762e-01 -2.260626904099925505e-01 -1.532396064162653282e-01 2.858824170411096155e-01 2.183772077361306740e-02 -1.073337661368832935e-01 8.903137657878203159e-02 1.699115503019474616e-01 -2.548510364521108795e-01 8.405830650969783879e-02 -5.888045546144188291e-02 5.339269619262276834e-01 1.963019379913634732e-01 1.441673052332422267e-01 6.820670073202899086e-01 9.663752685841187073e-03 -7.772181301974201428e-02 -3.982885336571876517e-02 1.477676548778839860e-01 -9.014892739204802274e-02 -3.323347828186477004e-01 4.254846061784841593e-01 -3.857520880683222853e-01 5.278887700377501435e-01 5.321469769872538835e-02 -2.606420159864261121e-01 -3.102477559664014173e-01 -3.457790193454483019e-01 4.280492656913735816e-01 2.179533633424680372e-01 -4.965036557264018713e-03 2.193579762796911137e+00 -4.344845507754027114e-01 -4.254852113925877144e-01 -6.063012672291412386e-01 1.098388375955223761e-01 -2.565574252480930517e-01 -1.247075379883162416e-01 -3.431047188051402075e-01
2.971307623868345793e+00 1.213913235030312343e+00 2.353337495518939004e-01 5.799396859951877481e-02 1.607924581043360890e+00 -4.207371599068541190e-01 -4.203785704730718109e-01 -3.500904080031639887e-01 7.517146389029813469e-02 6.870339431739672653e-01 1.131676431489158918e-01 -4.593459349759066584e-02 -1.398364905726373175e+00 8.935625571990066796e-01 -4.843224229090108413e-01 -3.130884855567456215e-02 8.369430780006241466e-02 -3.372959563893494772e-02 -4.722686934431186145e-01 5.986517383499503908e-02 2.110222333129792571e-01 6.853597985612966959e-01 2.080672909478325228e-01 6.896223979592940312e-01 9.276679334497397456e-01 -2.110270416042905883e-01 -5.486065823441757527e-03 5.144032387284127594e-01 -2.910166338583999313e-01 2.317836694858912625e-02 6.259699275336838564e-01 5.025845884239888983e-01 -3.542357122534104397e-01 5.841690559098198232e-01 2.506094358735528327e-01 5.604800675120987785e-01 -5.323020234406012907e-01 -4.722822219948118461e-01 4.592069499096346208e-02 6.829172013733484370e-01 1.739113546364338403e-01 2.462862229253597324e+00 -2.152387827976798285e-01 -5.944364654353049282e-01 -4.760961583398128916e-01 -1.227130755110420746e-01 -3.049872160883737027e-01 -5.362555069124717022e-01 -5.331616136212447010e-01
3.044632365410227415e+00 1.469454084542694439e+00 1.553770672711938250e-01 1.815346467968566024e-01 2.072138384408793499e+00 -5.836702808238592999e-01 -7.069734155618818683e-01 2.282447376938898376e-01 6.777537240159151599e-01 -2.137004780598805720e-02 5.750715489514079959e-01 -1.774134735237956617e-01 4.617007166443354294e-01 -2.073539512044613731e-01 4.350982076015584843e-01 6.376423950115103767e-02 -2.610046985703068922e-01 2.185691998414796833e-01 5.944604468465852776e-02 -2.335606118762242611e-01 -6.675957252783448759e-01 -1.512782527969231960e-01 -3.041935503135172469e-01 -4.614248514753421793e-03 1.720104148439937641e-01 -2.288480943278372870e-01 5.354021767363993378e-01 -5.631462648435889840e-01 -4.539597480900953164e-01 8.368029360235328465e-03 1.261561237010497605e+00 -3.764416098045712533e-01 -3.964353365897762549e-01 -7.415601490976280186e-01 8.130421917665248133e-02 -2.834139118655818468e-01 -9.986839531021433902e-02 -8.555827856849659852e-02 -2.620922588253364882e-01 -9.260719354069589793e-01 1.815208569981879294e-01 2.242110095153406757e+00 -2.208033007166410044e-01 -6.955005977141923701e-01 -6.900417721681498806e-01 3.950876476418507810e-02 -2.995799228091958200e-01 3.021517869532465705e-01 -1.471915320441495242e-02
3.035138744764701357e+00 1.419248913257864952e+00 1.746039820131610742e-01 1.547712809313521731e-01 2.042668016260702046e+00 -5.900720273997965837e-01 -6.439495747766226241e-01 1.548388097765568683e-01 5.253754235814461770e-01 9.659207385478879582e-02 5.589495312967924789e-01 -1.998542602557524250e-01 2.998069846619847434e-01 6.445558902150624880e-02 3.212755540866125692e-01 -7.069684947527354879e-03 -1.877791921226854566e-01 2.285164522639843987e-01 -1.816999223751908921e-01 -8.254516497168301603e-02 -3.800702625758473063e-01 -3.150221513020212694e-02 -2.142878269767508892e-01 2.069637086205858012e-01 3.144659276796049618e-01 2.618714397087811840e-01 4.915268929411146792e-01 -5.277991670881152508e-01 -3.685080181871299709e-01 -1.012824797850846031e-01 6.939827564183789210e-01 -2.590169368483414836e-01 -2.753182792173307081e-01 -2.194441443174118267e-01 3.234507687043949864e-01 -2.916491574835253786e-01 -5.741053046027790735e-02 -1.505884982950219664e-01 -1.255801811720106964e-01 -4.407816868982431524e-01 1.254588176874526784e-01 2.244384732117257197e+00 -2.153186207891286674e-01 -7.000442564836641957e-01 -6.822529395664003182e-01 3.351232906103168707e-02 -3.014639748807263486e-01 3.231000394015638988e-01 -4.978235364772078120e-02
3.001595205254914411e+00 1.372146165506412885e+00 8.784213700661136492e-02 4.386133536795355781e-02 1.960146042054703441e+00 -7.430852070424907030e-01 -6.836256251991796873e-01 2.440331779576755400e-01 6.444992863284734197e-01 2.674191341854952331e-01 3.810756691716938871e-01 -3.094038403216574085e-01 2.665497424227455392e-01 -8.879787247774423298e-02 3.212676787179181703e-01 2.021690930747191417e-02 -1.460985214089960682e-01 1.872912610993574811e-01 -1.880984299625190759e-01 -1.969099927087791801e-02 -3.690255218207130206e-01 -1.467768902554635879e-01 -2.931785719658579481e-01 3.853480217560258936e-01 3.566191166619603892e-01 3.708485253392773129e-01 4.712553214897922671e-01 -4.794353110481310298e-01 -3.456939443523431299e-01 -1.848789050221671670e-01 7.406118535274330839e-01 -1.470603212916026248e-01 -3.444076356499971014e-01 -5.657625231764484841e-02 2.190486599988923921e-01 -2.540707975232592286e-01 1.938825221981969535e-02 -1.730484228291818971e-01 3.771306212449687667e-02 -2.299044698227228345e-01 7.862499887668969456e-02 2.200146844301211768e+00 -3.318115293794946519e-01 -5.768777379035938679e-01 -6.114980339481065341e-01 1.483956381924295131e-01 -1.277465234906049463e-01 3.642172668019381110e-01 -1.892872001871073462e-01
3.035143199056969721e+00 1.451923872485541445e+00 1.846876679885081085e-01 1.527241051050254317e-01 2.007890912118484472e+00 -5.560551467411982696e-01 -6.947346606355038201e-01 2.215162147103457990e-01 6.628674082728817085e-01 -3.121430182485118721e-03 5.444895975335559690e-01 -1.713539213317814003e-01 4.578465096360105901e-01 -2.098067253330327397e-01 4.029422158744809801e-01 5.246793653958231607e-02 -2.129119176981510708e-01 2.408065949390896521e-01 6.370886289824784221e-02 -2.446501696556357686e-01 -7.015149456343432455e-01 -8.952539471304080121e-02 -2.669033500345127097e-01 6.376189970989912248e-02 2.707807870092823754e-01 -5.884233947366251938e-02 4.864540496209916465e-01 -3.579533724187130006e-01 -4.950479008524110158e-01 -3.763147175025351870e-02 1.318276534609250650e+00 -4.986252060902868766e-01 -3.394976667875129750e-01 -5.513011794800075638e-01 1.397743659383038906e-01 -1.939818896526641911e-01 -2.046507548898153853e-02 -1.051720489926496749e-01 -1.264843155060569879e-01 -7.567796804293290824e-01 1.103473345625534119e-01 2.201604374664983599e+00 -2.947169717069443307e-01 -5.668854289254148249e-01 -5.575334557404137970e-01 1.092319007786858309e-01 -1.013873131662657578e-01 3.687312210431290538e-01 -1.521613917973621555e-01
2.972365200707893784e+00 1.206525484446471008e+00 2.466787704321304897e-01 7.224738282620801755e-02 1.290968340031054318e+00 -4.056887616499222915e-01 -6.525491376316147063e-01 8.150163006367797114e-02 6.734341735005689999e-01 -1.890411874173870133e-01 4.165104961408594431e-01 -3.383219319085902232e-01 6.052627916505091132e-01 4.935890602996706455e-02 -9.107267837764110308e-03 1.516781599302584882e-01 -1.455529455622757984e-01 -1.053293237812488181e-01 2.101016366938662783e-02 -3.294482823160727047e-01 -6.785117888993568158e-01 -3.158133023858981647e-01 -5.297980281782574963e-01 1.830544964979571587e-01 3.840091259717672845e-01 8.273027899474899582e-02 3.629049338870530828e-01 6.171393264641742427e-01 -1.010697678793628373e+00 1.465648514293056426e-01 2.164526719725881954e+00 1.200200611458550615e-01 -5.771792803524977700e-01 -8.074540800399345741e-01 -3.935255306060387870e-01 -3.814182521517970326e-01 -6.069092359663030151e-02 1.117329256692355111e-01 -4.359297501442266354e-02 -1.047609195027227491e+00 9.635777291838369951e-01 2.248989794662587638e+00 3.148275764748564853e-01 -9.624968413194006089e-01 -3.982738463020196740e-01 2.316505772307572708e-02 -2.960725156496540889e-02 1.279056700181488426e-01 -4.952541369450844111e-01
2.970354706665942146e+00 1.326908161839126965e+00 2.545582489824715910e-01 2.012158047646606107e-02 1.408104739440462883e+00 -4.490125573172450979e-01 -6.267371887409187714e-01 7.914086464891625927e-02 6.489801655085000176e-01 -2.427019665305181206e-01 2.848621876517071216e-01 -1.697115192065851430e-01 4.605087861185532816e-01 -2.477253463286888113e-02 5.192425757308080647e-02 1.026021165056355544e-01 -1.312186190500676253e-01 -1.118299770307579558e-03 1.003074561183921465e-01 -2.864989178707971207e-01 -5.290835804462512559e-01 -2.643755674819115442e-01 -4.572140819670151846e-01 2.637464713858603815e-01 5.781280602215375097e-01 -5.192856395113487622e-02 4.341357777686984387e-01 2.449549654358122164e-01 -7.459461334030667023e-01 -2.230348020167632894e-02 2.327346239308270448e+00 -1.572913723697366706e-01 -9.377351496859586133e-01 -7.082948506519937126e-01 -7.542378286072262683e-02 -5.249004028697026314e-01 -1.345555209878000202e-01 -5.604658474497083154e-02 -1.874971176900360192e-01 -8.698528506974005925e-01 7.202524484938834792e-01 2.148146542404595127e+00 9.745268941674867236e-02 -8.017348302476561273e-01 -3.134000961233146532e-01 6.900330980518915025e-02 -6.040241159723896969e-02 2.863904148734586763e-01 -4.414368277268077012e-01
3.029742349953884251e+00 1.474662178083100184e+00 1.791772865918419555e-01 1.746580596842601807e-01 2.008770994920065611e+00 -5.972831002537979384e-01 -7.337723638001436566e-01 2.539886515751906826e-01 7.495188538242220089e-01 -1.259948883761247140e-01 5.982869681686170393e-01 -2.193089230515671839e-01 5.832850890688588974e-01 -1.172684679441043376e-01 4.000372591509830933e-01 6.420457182513381045e-02 -2.112008761354042530e-01 1.072257846639868006e-01 5.399264437964668151e-02 -3.047096663938342331e-01 -7.556683949974325465e-01 -3.166973638599115404e-01 -4.384731516284793296e-01 1.522500030340160626e-01 3.454485064487483603e-01 7.243776206091040448e-02 5.304965583614047464e-01 -1.333495632029003675e-01 -5.799097808631817896e-01 1.955293620116869621e-02 1.618461312756227510e+00 -4.429481670966468054e-01 -6.604557186176036598e-01 -7.526455669238187873e-01 1.857342861994054628e-02 -3.662861661989356143e-01 -2.936028531837949276e-02 -1.087737570604470350e-02 -1.675470221350200406e-01 -8.711725654009450093e-01 3.271245092806148169e-01 2.019089189391690464e+00 -4.596622465621980069e-03 -5.811653394502278580e-01 -5.500912423897851289e-01 1.431079234510043707e-01 -1.904768255832027246e-01 4.667809089512008902e-01 -3.018132289509977695e-01
2.853857283471350037e+00 7.980513202754747626e-01 3.220406143593568249e-01 -5.481011942892497490e-01 -6.693909671985693866e-01 -2.488579072167604322e-01 -2.218992462507116958e-01 -4.906535143422773304e-01 -1.432873683845281576e+00 -5.547788537890535610e-02 -3.998322318090857808e-03 -4.360672095476786532e-03 -5.370946464209183091e-01 2.441183527347595139e-01 -2.233638716092943011e-01 -5.255746530605148736e-01 1.261347824751672730e+00 2.172480779780427140e-01 -8.604453225378885239e-01 2.186280114670432762e-01 -8.250794342356163047e-02 4.422092939090822017e-01 4.444404569368425317e-01 2.789611244888380304e-01 -6.219183346337631146e-02 8.545289593083096324e-01 4.587484658516485792e-01 -3.790991349125997223e-01 -3.362275134960490131e-01 -4.230329375726208513e-03 -1.893201829279146653e-01 1.993054787708758990e-01 -4.424161773493922589e-01 -2.654565716723603086e-01 9.988499673794742906e-02 -4.681507226202864524e-01 3.032220681111382210e-01 7.204399949721340679e-02 7.708837715215688391e-02 5.225741434029815280e-02 3.235035695400569900e-01 2.471219260580185040e+00 4.112171379741482724e-01 -8.355074818401639902e-01 -4.977037595802369374e-01 -3.219929719490726705e-01 2.468325649620735640e-01 -3.555885497437469289e-01 -2.247895006075427415e-01
2.982881761871329473e+00 1.349330155180175961e+00 1.689579724042242770e-01 2.226173276995968564e-02 1.792938627939770990e+00 -2.379382293164269691e-01 -5.877657857944404984e-01 1.959525893101032867e-02 5.004571995281104080e-01 5.027800333919232867e-02 1.649650647518486613e-01 -1.638193332387994361e-01 2.279135245004315913e-01 8.390572325039372115e-02 5.716188663162339312e-01 -2.908487896409803208e-01 -2.692557203220610207e-01 1.979122771309242690e-01 -1.850971170418946321e-01 4.745565507852425591e-02 1.473035473931016970e-03 -2.767406043604841992e-03 4.683964806862109254e-02 -1.741356115079684685e-01 1.475903192668373831e-01 2.270052481718721205e-01 2.136548453742914133e-01 -5.590043679463740922e-01 7.736410473635785268e-02 -2.541896297921567016e-01 -4.767108865122323680e-01 3.914955199780857376e-01 -1.693785668960567092e-01 1.400153639483578405e-01 5.589220910145192844e-02 7.538265489422471544e-02 2.128253966446059797e-01 1.140222153249528803e-02 4.644419685438488932e-02 1.079399472537777294e-01 1.203682583543755485e-01 2.198634628820986148e+00 -3.684756855709259149e-02 -4.747704981730848650e-01 -3.285559901690549012e-01 8.024048808654093978e-03 -2.410590148788928633e-01 4.720387222231949842e-01 -1.742080909955136536e-01
3.048330468387796088e+00 1.389393191048373666e+00 1.475979590815592601e-01 1.356189267785596897e-01 2.261555585413000280e+00 -8.190514343462915736e-01 -6.548229318436642465e-01 -4.205331120338862139e-02 2.685053971444195664e-01 4.946775522322838237e-01 7.350947673135848071e-01 -3.309065668136280114e-01 -6.412266646512296830e-01 4.547254723182212466e-01 -4.340021961231815828e-03 2.656660956088081615e-01 -9.665293731690079160e-02 -1.326040283686989729e-01 -3.898743079490633590e-01 3.540263855094352152e-01 4.413807359755834159e-01 3.821906510479794461e-02 -2.708987152270470045e-01 2.779235478989310060e-02 -4.190410096483223046e-01 6.629459742920601473e-02 -2.433686600521164922e-01 -3.111522625398815411e-01 -6.713246378219780985e-02 3.004265251723030605e-01 -1.067948537084045579e+00 -1.340786767776670496e-01 1.546429982065290476e-01 -2.184292639165624217e-01 -8.010218644785571662e-04 -8.013627632159778802e-01 -5.488425539012969923e-01 -7.348068127414186801e-02 4.281527162253145891e-02 -6.040229155249299264e-02 2.387844920308242469e-01 2.460452446412352057e+00 -1.047020816657062703e-01 -1.346965197992245011e+00 -6.933142820839404141e-01 1.056530746326712622e-01 -7.907798718927400161e-02 3.671243627519089614e-01 -7.998461441099556923e-01
2.802818038374325305e+00 1.603751788248063193e+00 5.119726635364150180e-01 2.337862966242507667e-01 1.497243824746562924e+00 -1.424541091083834643e-01 -8.671527517186643497e-01 6.495994276149013036e-01 1.936458173670699556e-01 -3.011278934422123577e-02 4.582842960381453556e-01 1.101743376281584474e+00 5.237074933502009477e-01 -6.778782120849298209e-01 2.463465130573065931e-01 -4.084851380287719547e-01 1.177774077324117652e+00 6.437039308459381326e-01 -1.811958985867703764e-01 1.882143988628380560e-01 -4.456464062588942898e-01 -4.134276826175958819e-01 4.840500872484387873e-01 -1.932980649416087271e-01 -6.045200596521005387e-01 5.491030626609627596e-01 4.753295483570011970e-01 -3.003307127943800614e-01 5.542171132872215633e-01 5.788972372457504845e-01 -3.179246356861654688e-01 3.207820627837049132e-01 -9.147882520749497925e-02 2.715325239636884880e-01 -2.187648816982465105e-01 -1.505576194941485035e-01 -2.281532748419667911e-01 -3.548487654716742101e-01 7.622010022064357182e-02 1.850584958496690191e-01 -7.180814447521632893e-01 1.598348103348547600e+00 1.115769638843907341e+00 -5.989608870110614269e-01 4.129958725778908324e-01 1.132254866036862984e+00 1.468796482835678097e-01 -5.012015558557839645e-01 -1.545197714831251512e-01
2.963773368172444300e+00 1.206254650581155108e+00 2.522753752856397025e-01 -1.188676588835679837e-02 1.492739340085155630e+00 -4.097973880285625814e-01 -3.755321529984400053e-01 -4.553627981539070668e-01 5.285739415000675900e-02 6.237722277456807518e-01 6.313746539571471472e-02 -2.817879683713389941e-02 -1.319425473310088748e+00 8.073785657480385680e-01 -4.817669527346264413e-01 -1.327395298803475676e-02 1.676395674894627930e-01 -1.900754004642405681e-01 -4.748932756285396684e-01 4.300733039062731855e-02 1.819524870523668292e-01 5.204281173902296498e-01 2.465466568209905840e-01 3.642745197095185183e-01 6.547449258113541282e-01 -4.145826520436025620e-01 -3.887777024486339106e-01 5.905599719339004183e-01 -1.242150468398217633e-01 2.145142019672997280e-01 -1.746123682406561517e-01 7.579238196100578362e-01 -2.826211340828218566e-01 4.213067991418727454e-01 -3.707785658793421035e-01 -3.723072667264076818e-01 -6.405704643021147282e-01 -4.616286716828594816e-01 2.637034608725103979e-01 2.600997408417361489e-01 3.589365197790019835e-01 2.380900532979967732e+00 -3.733170342725400381e-01 -4.999800580799966254e-01 -4.032618290131316230e-01 -6.621927272161590161e-02 -3.098915142625950359e-01 -6.584847346070358265e-01 -4.923052197528671736e-01
2.972309437381671415e+00 1.346623072276201150e+00 3.105372469128087065e-01 -3.125473536499967508e-02 1.153253356928618523e+00 -2.573749216883580160e-01 -3.245048560646128788e-01 -8.914268362926477951e-02 3.225864408253775739e-01 -1.528515302790927621e-01 -2.238442751193101821e-01 -1.999601180155124447e-01 1.818029534300595607e-01 -1.418778105518692101e-02 9.515628354739061878e-01 -7.537429608626819988e-01 5.636975476688119713e-01 4.739404348604971950e-01 -2.656061974988299101e-01 1.285454125155233163e-02 6.423967233033123225e-03 1.204523236953403686e-01 3.583294710864503019e-01 9.181624955580461322e-03 1.024472363401644381e+00 -5.045890236599546164e-01 -1.299747759964904326e-01 8.312883611833715714e-01 -1.247877149345442138e-01 -1.678013967201770762e-01 2.960807103167987231e-01 1.077441048895525277e+00 -4.925317658273073440e-01 5.919937302125013456e-01 -1.272743011246877387e-01 3.742450313161956865e-01 -4.143981999988056164e-01 -7.888797703242871329e-01 3.657788891745528126e-02 4.592327451793198900e-01 -3.746554631810070091e-02 2.392324407449554879e+00 4.470722157468380864e-01 1.563113146494355121e-01 -1.111925961927856532e-01 -1.983069379330883175e-01 -1.092139120987244971e-01 -8.205651118804508926e-01 -9.538428573649167935e-03
2.975024751780347643e+00 1.230555976271711760e+00 2.463855030909216648e-01 -2.843912157015404674e-03 1.599026010160783606e+00 -4.241919541212656464e-01 -3.819428087000845684e-01 -4.603150045012145974e-01 8.331687410114865799e-02 5.669838949659243843e-01 1.025056761131299676e-01 1.452790783235161434e-02 -1.376586741991309149e+00 7.729454147216348048e-01 -4.466774923834583300e-01 5.265836329521669801e-03 1.982629910123167583e-01 -1.769527218879229091e-01 -5.247297755734352531e-01 4.639553788877023854e-02 5.140286078111125367e-02 3.429305941340003439e-01 9.182152820224018241e-02 4.610095891512728805e-01 9.244977426300842183e-01 -5.245137471772113313e-01 -2.188043598583446214e-01 6.585055925520253428e-01 -3.647633213619796422e-01 3.453214318991958826e-02 2.642106876493208190e-02 7.582961149848547189e-01 -2.525516041045439697e-01 4.539257936018166739e-01 -2.515735836232129152e-01 -2.204207268939439024e-01 -7.196951281097844211e-01 -5.971790787316425542e-01 2.190539386479307682e-01 3.665220458098985556e-01 3.810892249109671948e-01 2.416853136155312054e+00 -1.894931617744022301e-01 -6.471886715047248106e-01 -5.084641516616418278e-01 -9.396459616726052233e-02 -2.915248776744120973e-01 -5.239392411182169917e-01 -5.556393392291413269e-01
3.038523231644016498e+00 1.462707983630062269e+00 1.439776889752031330e-01 2.089061907648370742e-01 2.106459167641705932e+00 -6.364138220153789938e-01 -5.985290207851221567e-01 7.589267759613022024e-02 4.877166221072898322e-01 1.448715815558049291e-01 5.436143619556672579e-01 -2.556894331678315480e-01 -1.610828369447756536e-01 -3.214366247348748873e-02 1.714118382996085432e-01 2.069359944465496148e-01 -1.679426394583781457e-01 -1.498192686350977576e-01 -1.617390026981190276e-01 -1.683964324165115878e-01 -8.100960236205095866e-02 -2.983605484361936400e-01 1.375170685955799388e-01 -3.271594872494154593e-01 -7.245623808066217197e-01 -8.526816743172918045e-01 -4.927516974564034591e-01 -1.991451584565603616e-01 3.819235425115259375e-01 3.523548378333318798e-01 -8.815883684951080212e-01 -1.028121473573316846e-01 4.400048323510309389e-01 -6.412745087459752469e-01 -1.539269461630331792e-01 -3.875063037041092118e-01 -8.573467649096723486e-02 2.108603745901508064e-01 -8.542772006693882814e-02 -2.692458095618168734e-01 -4.064761201704933380e-02 1.823771918867209241e+00 -2.500421907450569581e-01 -8.640528419195427912e-01 -6.501087001389623810e-01 -4.351689504105510364e-02 -2.878436639862863577e-02 -8.884005246281434509e-02 -1.846006548377426837e-01
3.027304074710751358e+00 1.474533116039232539e+00 1.525901202174728688e-01 1.868618224107865267e-01 2.118514732076563156e+00 -6.346852875257615878e-01 -5.963957607194096955e-01 6.577714999064709911e-02 5.071889291274542799e-01 1.639394681350074268e-01 5.686555100950524411e-01 -3.074004162033269205e-01 -2.666159798859836227e-01 -2.008940172764955845e-02 1.355262179707555359e-01 1.751651501969626323e-01 -5.806187801237427254e-02 -1.159384196397103689e-01 -1.419414236871943125e-01 -2.378793287272114865e-01 -1.347682856350695124e-01 4.330498094459941938e-02 3.554960422035586820e-01 -2.787477318770149037e-01 -3.373328513809527585e-01 -9.905995580940747391e-01 -7.276685623792999991e-01 2.576684871675704036e-01 4.949230553071615746e-01 4.397332657346868512e-01 -8.690496517334410642e-01 -4.102488932421932688e-02 4.201761484499163535e-01 -2.704926300558881391e-01 -1.734181608351475778e-01 -2.850132122803614720e-01 -1.921174107133333808e-01 6.928200186100613722e-02 3.024529002272999811e-01 -3.742688870684821034e-02 -2.140713410304384279e-01 1.897267310245404293e+00 2.088405799808294994e-01 -9.530085303532203067e-01 -6.000674682524023140e-01 -5.411381956968633333e-02 1.156140335802994246e-01 5.113588796372642298e-02 -5.996660268964026930e-01
3.029948167649427759e+00 1.414547026189846068e+00 1.221686675301416614e-01 1.130486200695126620e-01 1.965239141273961154e+00 -6.550948399709306535e-01 -6.475382365561795917e-01 1.142453587502891832e-01 5.146532741085914076e-01 2.241069060686091130e-01 3.141189983721777712e-01 -3.526712298843707738e-01 -7.887606756844495193e-02 -3.886799838060189805e-02 4.482714339926703317e-01 3.259239093757490546e-02 -2.694055161360356387e-01 -3.823728256296506089e-02 -2.072702502613146258e-01 1.940195192658475398e-02 8.774502033625372621e-02 -2.660530502296224453e-01 -1.133442512674154301e-02 -4.073468078188872132e-01 -6.806418141115262443e-01 -6.424348572694786874e-01 -4.611433127596124004e-01 -4.881485482162944284e-02 2.248594886904344836e-01 3.885021744249191888e-01 -9.842377672104403175e-01 -2.620546586062403316e-01 4.839267200927258594e-01 -3.917892644031628069e-01 2.844618396715131725e-02 -4.506447864877337617e-01 -2.145263420235011820e-01 4.553929420406674367e-02 1.144779939555054527e-01 -1.610705342704660259e-01 -7.410105243197159797e-02 1.991511920850471906e+00 -4.360932148894740568e-01 -8.436078237173365579e-01 -5.512490399781010408e-01 2.331876247582687078e-02 2.425076322356728431e-01 -1.071617780765603545e-01 -2.031333433402639499e-01
3.019107865057440776e+00 1.413638064608546241e+00 1.006089496255153648e-01 1.696744134126850767e-01 2.075040483883937803e+00 -7.549230058020124368e-01 -6.086065486199736529e-01 9.721194988435843953e-02 4.457520929044695990e-01 2.074757918663553968e-01 5.436015682454399256e-01 -3.898603527700504334e-01 -2.677296666540671666e-01 6.941335452747454671e-02 1.621720318573497133e-01 2.718402000948204611e-01 -8.728661807776262604e-02 -1.664690240600205096e-01 -1.798589748712219327e-01 6.860968854313917453e-02 1.883911055208719598e-01 -3.460639292180883730e-01 -2.893284561954859724e-01 -2.365893125056840740e-01 -6.563168772683458663e-01 -5.112743074250922781e-01 -4.613544041154976627e-01 -1.721050625593354699e-01 1.944662485931550888e-01 4.581530734804322158e-01 -1.138501494281925153e+00 -9.351611959822536679e-02 1.971534221961479538e-01 -3.511779902638781370e-01 -9.287529158415436248e-02 -5.846318428798157329e-01 -5.077174926241941888e-01 2.821473848175148902e-02 -5.765610798354126043e-02 -2.982943941836324608e-01 -8.157501309483058960e-02 1.821963551116256408e+00 -2.422274100309351752e-01 -8.620064664639635055e-01 -6.424151884959914405e-01 -3.842516147865990273e-02 -4.552732453366686860e-02 -9.223293238969509922e-02 -1.794863399283333771e-01
3.055541257762094176e+00 1.293808451184140118e+00 1.979776716532386516e-01 3.482353447403021551e-01 2.249576041139920157e+00 -6.160746970970946146e-01 -6.228869940751553536e-01 -6.272019716732285533e-02 3.111283701664545598e-01 5.693542093171559682e-01 8.324356552822147481e-01 -2.591029071943901085e-01 -6.957351981242539951e-01 5.370460426465196724e-01 -6.683585333592612088e-02 1.581322658756163790e-01 -1.934098808307012918e-01 -2.916287282799124442e-04 -4.948557963496911793e-01 1.913891348453982399e-01 7.296279544901973502e-02 2.110395675233668888e-01 -9.236544186145415058e-02 5.939641885678198507e-01 -2.107863075619320625e-02 5.363825597111091525e-01 2.990767969181800656e-01 -1.251328402119782912e-01 -3.749743658686647274e-01 -1.593855802115351772e-01 3.633135704223414697e-01 -3.429794035119770879e-01 1.085427666559126147e-01 2.871993989177923923e-01 4.671977560132392626e-01 6.364497280068811547e-01 -1.037173141861123110e-01 1.148590637309270246e-01 -1.133819132997732626e-01 4.194602917239962370e-01 2.958220844071410283e-02 1.722225907006337930e+00 3.450885296301597904e-02 -8.521402232113541864e-01 -5.230086032058314238e-01 -3.957020085813611754e-03 2.502975703196774759e-02 1.028352684062770472e-01 -4.858561859358584423e-01
2.882776871906989946e+00 8.803938296511867323e-01 4.186820874642112056e-01 -4.615080767748791502e-02 6.809687187654308582e-01 -2.418639918334584693e-01 -3.094702537935552500e-01 -4.540227264479301250e-01 2.532048911821702109e-02 3.266274801761158142e-01 3.640713108966561751e-02 -1.668440988231035815e-01 -8.034217369127965025e-01 7.587543033268566717e-01 -8.634053552542306775e-01 2.461883635276298221e-01 7.485910873711427993e-02 -1.582060313264077034e-01 -4.246806253250878793e-01 2.505024532579026575e-01 7.956913830816856326e-01 3.571094645483524066e-01 -7.906122603292867201e-02 6.618426817567658604e-01 -2.157284796610024480e-01 4.077225725225951947e-01 -6.193754854931921711e-02 1.818263831721660395e-01 -2.128868522068875779e-01 -3.145301832181299773e-01 3.457614237871218243e-01 -1.916524212964754170e-02 2.343717965076324017e-01 3.090697247218087140e-01 3.009174052856106729e-01 4.263052416850723336e-01 7.444006068697683887e-02 3.706529289620724699e-01 -9.004274476626611401e-02 6.034662434398863073e-01 2.184772149450083245e-01 1.850846937246410473e+00 1.612917904637813926e-01 -7.935092936655459006e-01 -6.078144801435093614e-01 4.139944657223282309e-02 -1.054066424637151167e-02 1.223585014440887742e-01 -4.747995311433371168e-01
3.019494997624803112e+00 1.454217837268353630e+00 1.341519516311568960e-01 1.415835601441643998e-01 2.095259433117039549e+00 -7.515672427630410990e-01 -6.249547469266064637e-01 1.595065634819125000e-01 5.650983959861367589e-01 2.219055573372974710e-01 5.151500871830415607e-01 -3.262652435063051470e-01 -8.909125391255180715e-02 -9.941181988390257462e-02 1.525579256462504807e-01 2.101586518990656016e-01 -2.375864729682646698e-02 -2.842360827457929839e-01 -3.009030589259431010e-01 -1.630207886436833287e-01 -1.663372825553803835e-01 -1.381114575464334748e-01 2.557873187972079521e-01 -3.754879677419450390e-01 -5.782175866959138322e-01 -6.966636423678463919e-01 -5.222327555029214752e-01 -1.492778272976625076e-01 2.377737961787139143e-01 3.222696019761538966e-01 -6.241499018131118071e-01 -4.678007159916134916e-01 5.075040109494198814e-01 -8.178082170276763652e-01 -2.093622405742178727e-01 -5.575272159199999855e-01 -7.537769070915291587e-03 1.614535599350918893e-01 1.750336520730533252e-04 -1.351747665515050101e-01 3.244090024109388959e-02 2.071970972357515262e+00 1.319626946459377947e-01 -7.480854829995851052e-01 -4.011392505199404823e-01 2.645371347745895108e-02 -7.257003159929292790e-02 9.831938349317986825e-02 -5.991280097468099086e-01
3.029034065290757916e+00 1.445177771572909720e+00 1.732882896925174165e-01 1.800956490730061255e-01 2.042211695351396905e+00 -6.087986879327180745e-01 -5.862902658587441085e-01 6.916415461258618169e-02 4.728303063642563808e-01 1.631201991793077288e-01 5.130324105378150090e-01 -2.496298809758172310e-01 -1.649370439531004928e-01 -3.459643660205863336e-02 1.392558465725310946e-01 1.956396914849809210e-01 -1.198498585862222826e-01 -1.275818735374877333e-01 -1.574761844845296022e-01 -1.794859901959230952e-01 -1.149288227180494393e-01 -2.366076903523112174e-01 1.748072688745845316e-01 -2.587833390247630261e-01 -6.257920086413331084e-01 -6.826759194631168981e-01 -5.416998245718112059e-01 6.047733968315475994e-03 3.408353897492104045e-01 3.063553367228429858e-01 -8.248730708963549763e-01 -2.249957436430473079e-01 4.969425021532941633e-01 -4.510155391283548476e-01 -9.545679940138179775e-02 -2.980742814911918614e-01 -6.331356669734518501e-03 1.912466041659976745e-01 5.018022325234083869e-02 -9.995355458418708761e-02 -1.118211344526837958e-01 1.759051607839734910e+00 -2.711834357953220032e-01 -7.799111028310241611e-01 -5.532727051544942265e-01 2.422566872279374728e-04 1.648858248963788742e-01 2.050182656250798541e-02 -3.350582400814338668e-01
3.072218501061988682e+00 1.410230825850821823e+00 1.887435079514450109e-01 2.561646305744957886e-01 2.144826542332260999e+00 -6.235973229944078433e-01 -7.592103414166982978e-01 1.101654751762404794e-01 6.116133716075911053e-01 2.170054210937792383e-01 8.089576844232865271e-01 -4.003570384340462973e-01 1.317374945217303361e-03 -8.789122973102375669e-02 2.430515535621399215e-01 2.970367890714625814e-01 -2.518536913930533583e-01 -1.799787574473194207e-01 -1.586993061954867779e-01 -2.234218483715953718e-01 -5.785453153452346786e-01 -2.343509153979145831e-01 -1.525974926320072811e-01 -9.012238448267508029e-02 -6.906546769028354404e-01 -6.551144407776356982e-01 -3.078208286788490788e-01 2.635099785964869490e-01 -2.613556053092752074e-01 4.543391902441430430e-01 1.405744515012373741e-01 -3.282754483520419764e-01 5.064123100031361346e-01 -1.108738288362074442e+00 -4.585208410736965612e-01 -5.670975410101399827e-01 -5.978933694188309084e-02 2.956898050990157678e-01 1.108148208844994542e-02 -8.280388087526838747e-01 3.841416579390750652e-01 2.187973656866796457e+00 1.922927340341169522e-01 -8.263895353931789423e-01 -3.920872610173345429e-01 7.495763811956820954e-02 -1.145338997088788946e-01 5.634638694888921551e-02 -5.913050622722445526e-01
3.024551164289045246e+00 1.435941723067576614e+00 1.022550513835607244e-01 1.431240099597888005e-01 2.127677020654755502e+00 -7.526053608808302986e-01 -6.351159647232313965e-01 7.107090487345640861e-02 4.331867811491717513e-01 3.274625528039251665e-01 5.834753388481154213e-01 -4.556154491952536523e-01 -4.332657494679261756e-01 6.965515417843315404e-02 1.118144312885272218e-01 1.693562879042589675e-01 -4.043267445274492319e-03 -6.905663402873483958e-02 -1.271123016766804725e-01 9.059719217773001820e-02 1.267498157046374474e-01 1.516587531677094369e-01 1.360534409773672126e-01 -2.831718460884741773e-01 3.557428642491053394e-02 -7.866766677247460926e-01 -6.955489291701685284e-01 2.444546876243466060e-01 3.106192675856713770e-01 5.439675916522316301e-01 -1.090965719010354773e+00 8.160682900796201178e-02 1.772575788953851816e-01 -1.109588211715140105e-02 -1.634649917223962856e-01 -4.409449488211092394e-01 -6.234030221526057902e-01 -2.606476173972154808e-01 1.854808096372917436e-01 -1.852409707935792627e-02 -1.885891850839983286e-01 2.337980978312002467e+00 -2.099501971063610917e-01 -4.430585622291011716e-01 -4.529764837752169315e-01 -5.306388678121556901e-02 -2.911205459344131108e-01 -6.253700577353907830e-01 -4.742611245190724856e-01
2.991514617165518253e+00 1.409534386365479897e+00 1.792790647694153527e-01 1.424990887086416969e-01 1.808880980633926105e+00 -5.679559101610700544e-01 -6.195667799499651185e-01 2.014448315280060187e-01 6.369285397086495992e-01 -1.419909944959677484e-01 4.370152475799780056e-01 -2.540909799464570185e-01 3.929747941890125995e-01 -1.763062687148980734e-02 2.548919742307154124e-01 2.825650798883347359e-03 -1.721484234600312024e-01 -3.583080884189317195e-02 -7.097017275790373780e-03 -2.161937698962887733e-01 -2.577935469823035564e-01 -4.858754435441120512e-01 -7.265036100130134455e-02 -2.705835364957878686e-01 -1.049579368684200320e-02 -3.551476726488250746e-02 -8.237518117278888607e-02 -8.226018539111749905e-03 1.020756923055395615e-01 2.056058024122301708e-01 -4.168681007362176061e-01 5.260923997729638479e-02 -8.023424199289477809e-02 -3.835076111088098760e-01 -1.315445815144794250e-01 -2.264155406407807603e-01 1.809907275073689356e-02 1.291585165647836098e-01 -2.776594574021573614e-04 -3.062353493913885782e-02 1.942020890125028543e-01 1.680558398477359550e+00 1.282037814199632475e-01 -7.828024592520734792e-01 -4.392386476897274794e-01 9.285301316864344456e-02 1.460031465818148466e-01 4.599595559671354472e-02 -4.090165247517520419e-01
2.998024906186951277e+00 1.464748870531952907e+00 1.150847091166133929e-01 3.643359874761937789e-01 2.173289716588098663e+00 -6.344166670765241101e-01 -5.762329944898125778e-01 3.188214151280594488e-01 3.526336161200706032e-01 9.184673573126030111e-02 5.264300568224700161e-01 -3.268862232229900466e-01 -2.746675664271222006e-01 2.897090327417672917e-01 5.174899404530734770e-02 1.491515545775923546e-01 -1.777101160120635182e-01 -1.815323120330607498e-01 -3.837644872174414967e-01 1.814474200212479460e-01 1.502816041312337592e-01 -1.449668651522938723e-01 -6.814058655808802323e-02 -1.686598076398689861e-01 -5.721579734450226162e-01 -4.681965892952175690e-01 -3.125446167234658401e-01 -2.563002022989679385e-01 1.481103214571427296e-01 3.012204233571447176e-01 -9.760106885977275493e-01 -2.507291453158884131e-01 2.819552730294903053e-01 -6.062033251406455658e-01 -8.615119175860314060e-02 -5.601081967826957442e-01 -3.352339921024471980e-01 -1.887605940729490672e-02 1.527568608971954234e-01 -2.403466527316148182e-01 1.941967163001279140e-01 1.977836596540265557e+00 -1.881306313537089991e-02 -1.143475147904134959e+00 -7.514456992724811712e-01 -7.660090278097553274e-03 -6.322957785813326792e-02 2.032607408729040221e-01 -6.211480397517672447e-01
3.043029045641198138e+00 1.450651799575216838e+00 1.416088141690794444e-01 1.725520424756603610e-01 2.057920369664176796e+00 -6.639062443621128740e-01 -6.349381313286388551e-01 1.038268207303528756e-01 4.438323614634246406e-01 1.066510084554241622e-01 5.521732681632409712e-01 -3.293113174293999523e-01 -4.112854160933104852e-02 -1.777939666734762447e-02 1.898239286354472255e-01 1.934400818833243163e-01 -1.344150605186910930e-01 -5.248467021351084505e-02 -1.315946167342093576e-01 -5.607445009927894408e-02 5.152247346586705246e-02 -2.585371571593945150e-01 -2.703394684709437001e-02 -3.810389622420717881e-01 -6.742038642999319542e-01 -7.609662199634265045e-01 -4.721980799707988785e-01 -1.755525831295958461e-01 2.751077425166660873e-01 5.516768681051441581e-01 -1.077904726663574619e+00 -2.927810106857893779e-01 4.110494970874356557e-01 -5.423640642171141391e-01 -4.787370995521006423e-02 -5.450491341857304217e-01 -2.338829204620092306e-01 3.576162604020455271e-02 -1.365628558852217678e-01 -3.654491296473644235e-01 -1.130952757084064675e-01 1.981972328877497969e+00 -2.153292874976162619e-01 -7.104771691792157728e-01 -5.132228272493940535e-01 -1.605349777845277437e-02 -8.789742807927175550e-02 -3.013184298539791639e-01 -1.317878894409018620e-01
2.827503600518753935e+00 9.374843004605352137e-01 3.748168243263234611e-01 -3.564492875000013772e-01 3.983082072561866527e-01 -9.262390178868915025e-02 -1.989918344716467835e-01 -5.708111964886678491e-01 6.561163373417563949e-02 3.033998501222534006e-01 -6.873645834510314634e-01 2.087837823764424061e-01 -6.713930500555469472e-01 4.906780168863776326e-01 -7.809362111737668810e-01 -1.855710479334719831e-02 2.246516798362793443e-01 -4.949005501192990653e-02 -2.707940988647657976e-01 -1.841686954399977261e-01 3.115141752874317493e-01 5.731461192387667936e-01 4.380448632129505526e-01 5.085516986671289041e-01 5.634787778862815344e-01 -1.358572425049320853e-01 -1.384399400310333261e-01 3.346112913200180450e-01 6.805007517574096498e-02 -9.139944825063542333e-02 2.404733108582463308e-01 4.105224387992424395e-01 -3.303203711173335333e-01 6.203056016370407377e-01 -2.348219168568328741e-01 -2.250598820352236740e-01 2.642133206902002804e-02 -1.356075911686988877e-01 3.337681029080385997e-03 3.832133797943612641e-02 2.897124603011109190e-01 2.254167911625037046e+00 -4.449758221267110514e-01 -4.624034994787588615e-01 -1.617171130058785988e-01 -1.520782566330328434e-01 -3.377206617883206641e-01 -7.321997827139355985e-01 -5.426067014163444835e-01
2.968889950165515046e+00 1.256973520074555317e+00 2.235995833100878905e-01 8.967462848046192647e-02 1.677144237047492048e+00 -5.041570566559838706e-01 -3.953824374339436343e-01 -2.115683210677133386e-01 1.180743846848224810e-01 3.631592364365586745e-01 4.422452677749763028e-01 -2.612002981313752970e-01 -6.723147937098944427e-01 6.446752911294213462e-01 -2.786730884496698701e-01 2.370605169166402348e-02 1.834851147630084112e-01 -1.123904477697252463e-01 -2.584697008895903148e-01 2.818786105902391093e-01 4.452298336770710852e-01 5.339009403083962990e-01 -2.164021118140380118e-02 1.562587602629111061e-01 3.687702319815136520e-01 1.877330742488997339e-02 -9.924342117556181342e-02 2.403088930983129645e-01 2.168108128422976955e-02 -1.456148187261249449e-01 -1.558526227508549022e-01 5.612343350797469599e-01 -3.912322850415156372e-01 7.351038727080344559e-01 -8.639416893817036813e-02 -1.139804346348100572e-01 -3.217688695744406191e-01 -3.061046816993633901e-01 3.248328043014446775e-01 4.140157010889888856e-01 1.197545121096629805e-02 2.564505939292188064e+00 -3.037089964339627635e-01 -4.402616841947824544e-01 -5.928277928732650359e-01 -6.964277095240692383e-02 -4.514413100730315098e-01 -3.716106454763716815e-01 -3.611633516295150725e-01
2.775790239693969319e+00 8.319428980614641533e-01 5.793758869375109644e-01 -1.367387380836906363e-01 1.572589214751199949e-01 -3.042564123006524790e-02 -1.306551650885037219e-01 -6.471708268788832763e-01 3.259058976314881395e-01 1.525770566090869917e-02 -1.261295780209408024e+00 2.909189028461247606e-01 1.663148563600903296e-01 -7.698077776224032664e-02 -9.973539540532985193e-01 -6.049325899104076448e-02 -5.847842325516593859e-02 1.703757516909991943e-01 1.231482379288028062e-01 -1.547583930879423697e-01 2.742629316448962906e-01 1.329945555210875763e-01 -2.003238083625035471e-01 -4.028693836978916032e-01 -2.566058729034703667e-03 1.322044674376079976e-01 -2.705083902437418475e-01 3.816244045660629330e-02 -2.716391691631390715e-01 1.588484204513608278e-01 8.676733361369251551e-02 -8.652422547476956716e-02 -2.903234489942444485e-01 -1.454265850823148187e-01 -1.954853105877725206e-01 1.738048780418320893e-01 -2.876582782796899621e-02 -3.491151022911587187e-03 1.513444027811761683e-01 -2.287552344053849218e-01 5.364231208529882111e-02 1.768993675377017905e+00 3.010618869403725029e-02 -6.899312058701556616e-01 -5.298056816807030778e-01 -1.655101729209032257e-01 2.311447724080243071e-01 -3.953284190974654111e-02 -3.390089044453742373e-01
1.983995344550925743e+00 -1.846376142268106868e+00 1.213856119061804462e+00 -1.912892059623812813e+00 1.388487956021124514e+00 -9.218204633474983423e-01 1.015771943426786228e+00 1.439730397174020293e+00 -3.152181667464217796e-01 -8.789457220755346745e-01 6.510402148890588325e-01 5.624429613190358168e-01 -6.271798800688360709e-02 -1.482226666890942846e-01 4.698225750607759599e-01 -2.489192579219830226e-02 -7.125170525059608684e-01 -1.123847894808423231e-01 1.471499240544571485e-01 -1.439763219550171114e-01 -3.845318283995808883e-01 1.597322618961639629e-01 -1.307604982320835774e-01 -5.054114805236835650e-01 -1.369115701544145192e-01 1.514001490732115873e-01 2.211097639744939725e-02 1.782520112793905820e-01 3.257020889027831823e-01 -2.179840698889969064e-01 -1.349265329584633799e-01 3.221568877114983076e-01 -2.025066165442317434e-01 5.269121527308142650e-01 -4.182873311328111354e-02 2.576854356398288193e-01 3.784916947978176904e-01 -2.837233141421868776e-01 1.516341691416983051e-01 -1.462585120727059318e-01 -2.129363947386886391e-03 9.044847275252689833e-01 -6.146182491603008335e-01 3.199785856903617498e-01 8.151896286831965543e-01 -3.597941029592280904e-01 -3.134478161148845365e-01 8.643742601589389229e-01 1.206882791446768910e-01
1.766623742236765437e+00 -2.018572783370870649e+00 2.134637340333589428e-02 2.149549215986786610e+00 -8.151129051602356013e-01 7.227038519118018645e-01 -8.005721747150047474e-01 -1.012466006366031790e+00 1.072498858689356682e+00 2.985673585505138616e-01 5.006445705441008309e-01 -8.616979636776302964e-01 3.765966242423290922e-01 -4.568033247859606960e-01 -4.213847487631331434e-01 2.183246211100330070e-01 4.659962668645344364e-01 1.751412954357851604e-01 -1.927000474747067316e-01 5.846214013045883395e-02 7.013895639891826184e-02 7.337890951544032148e-02 2.996253675632648550e-01 1.058545719509600413e-01 -4.176201555690528533e-02 -1.816957858125528569e-02 4.838050925825248538e-01 4.822522862138006183e-01 3.536441206205880317e-01 -4.749146808226028527e-01 -1.074221657723787859e-01 6.642985364652131963e-04 1.326103881020276876e-01 -9.437721195030424060e-02 3.549370002755490305e-01 2.993276846374438582e-01 -4.038444923315688273e-01 4.598414760448996663e-01 -7.102575288713380841e-02 -5.297714327750076002e-01 -1.437327820951162238e-01 8.568311006820352738e-01 -1.118136522986312720e-01 -9.820332174369117428e-02 1.963374874451954133e-01 -3.214463455556561267e-02 1.811044896479491184e-02 -1.967292868424143637e-01 -1.521838543112622455e-01
1.282356947627119048e+00 -4.458733963800719735e+00 1.620895868358317005e+00 2.959331227242196771e-01 5.298136827676438454e-01 2.718156928532706740e-01 -5.393431414859929385e-01 -1.309148734336604836e-01 1.018673384641646529e-01 1.921125927625472740e-01 -2.078585198600868267e-01 -1.560253160196248268e-01 4.941695322196154594e-01 4.052664622298954855e-01 -3.863690171307048171e-01 -6.633161990457836499e-02 2.122313985684055326e-01 4.633177995192358511e-01 -1.182316355362337257e-01 -2.814470606475671932e-01 -6.314420668209170806e-01 1.478012625819580261e-01 -4.104858179451181810e-02 -3.275667896886524239e-02 -4.126632197188636053e-01 2.654277335401966642e-03 4.104017087170759859e-01 -1.286483527718302461e-02 4.339414303407996831e-01 8.034717345826084545e-01 2.703112031236918900e-01 -2.245211637794120030e-02 2.631698658393484269e-01 2.323987700641662324e-01 -4.083653577348177466e-01 7.064646100196333989e-02 -2.282164784315022232e-01 -1.843029605142122163e-01 1.770367352492019375e-01 7.178756354241463966e-02 -1.527648911496439499e-01 1.572967750484842053e+00 3.918235826670035671e-01 -6.138253156498494345e-01 1.151677464759349290e+00 -7.890141102316587940e-01 3.511362958051032490e-01 4.671300555583065006e-01 6.797500505786949199e-02
1.103833836178893080e+00 -3.961214443876881042e+00 7.941881542548541173e-01 -3.639326315411706148e-02 1.231798519803504854e+00 -6.029769691268318521e-01 9.820778026937321270e-02 -1.651514107785931607e-01 6.154436433649352889e-01 -6.880418896606017576e-01 -7.532075342688754338e-01 6.193377032992271047e-01 6.629042983818733692e-01 -1.922996456285397393e-02 -4.932250980177971256e-01 -3.735777718445675299e-01 4.528862548046544978e-01 2.160407521880290116e-01 1.965666316125409541e-01 1.124130289514915504e-01 4.523931807921838799e-01 9.500245076497493280e-02 -5.644555571474227373e-02 -6.948268494979730203e-01 -3.127038858817256517e-01 -1.148539949155669149e-01 -6.034150164366395286e-01 2.907765858694684180e-01 -2.479763307070377287e-01 -4.216386213465820459e-02 1.662532806462246882e-01 -1.885450211153781863e-01 -8.390925020896464748e-01 -1.590684418850840109e-01 3.519184761586127697e-01 2.541590848970188832e-01 -5.692640498058442189e-01 4.081094704609994350e-01 -3.373648526601129571e-01 3.773510823337010711e-01 -1.008132531588052661e-01 1.392644353316730754e+00 2.873619363544532845e-01 -4.319577503871827040e-01 1.120376734427871890e+00 -7.891740125979753717e-01 3.714314697883704941e-01 4.993451093805822416e-01 1.483057221260212777e-01
1.056734542207693472e+00 -4.832453064573720702e+00 1.265527578949885212e+00 6.736208775336640642e-01 4.242657396572517836e-01 5.875304186558116815e-02 -4.537746518715595201e-01 -3.667638094813923111e-01 3.543140511374900936e-02 4.005986569514994877e-01 3.183420427884269266e-01 9.806387497447310864e-02 -3.102853316887836943e-01 4.579779874775962711e-01 -3.114863635937501485e-01 -1.979112240912366261e-01 -5.043624471874127296e-02 4.962385580430228593e-02 -3.782398130999071739e-01 7.886202358971908244e-02 6.243772453648466225e-02 2.524463294840050831e-01 2.362616074788892739e-01 3.806391574182462767e-01 5.165532244253234762e-02 1.538315984829537464e-01 3.848005687737539593e-01 1.101284567613874665e-01 -6.691409634269879225e-02 -7.294139200825210112e-02 5.749803286121761559e-02 1.645068639228981500e-01 -1.139710746849209588e-01 1.074601896851345439e-01 3.270986636017603200e-02 -2.082456267358376301e-02 -2.535965639152275575e-01 1.111310749536311149e-01 1.030890931846921710e-01 -1.775571867648788604e-01 2.862174761113348009e-02 1.657646324008993144e+00 -5.534998454922140931e-01 -9.800423320105458025e-01 1.129807584541558496e+00 -4.371390230571944313e-01 9.531539175099035255e-02 6.349735220718171202e-01 -3.319408339907415906e-01
9.717518430305025490e-01 -4.887987466914288426e+00 1.240702939716854969e+00 5.734819901501988504e-01 2.393315285702790618e-01 4.986495845465501731e-01 -5.641509899618283308e-01 -2.406932540319639546e-01 3.761933454235896201e-01 3.531691363712580189e-01 1.501157308526489820e-01 1.751478746920948626e-01 9.757926216375387152e-02 -1.430889889225547273e-01 -9.107464261201603239e-02 1.419888487384269593e-01 -8.723511130784426804e-02 4.424688965744499880e-01 -5.123928092836732562e-02 -2.945688036212567584e-01 -3.420359443684048983e-01 -5.042440229188097089e-02 3.188006384516356428e-02 -1.062824532837758074e-01 1.567122288390893070e-01 -1.663139499976175606e-01 2.751618852582340957e-01 -7.598192615431152985e-01 6.735011748316045710e-02 6.584752217391223184e-01 -1.686173429514517541e-02 4.656642623244121593e-01 3.093401095293861758e-01 -1.575803818034368087e-01 -6.712381115376686580e-01 6.269076929206757187e-02 6.870556146629192007e-02 8.474216266214992244e-01 3.875981480120658240e-01 3.773695904157906567e-01 4.360169761418248857e-01 1.351491757068026711e+00 1.811903891962687307e-01 -3.422750337378543395e-01 1.186864731703870524e+00 -7.019175584282938418e-01 2.592410678684747283e-01 4.547588602234649002e-01 1.310113601490852098e-01
1.219832617030911059e+00 -4.541046554755022058e+00 1.267831453763890837e+00 7.446048235644044944e-01 8.538927736075661024e-01 -1.260464532245468838e-01 -5.467912627765825206e-01 5.861666678761392330e-02 2.815394813982394773e-01 -4.075974497221868109e-02 8.761511781698447798e-01 -4.068783618299469662e-01 7.816823473057258331e-01 1.182586817271457647e-01 2.553396045432827499e-01 -6.290497231066258244e-02 6.615478771513300452e-03 -7.540780307739662625e-02 1.626835991094165434e-01 -4.738470522685256370e-02 -2.663638388103549692e-01 -5.265625536762144621e-02 -5.949922248736333463e-03 -2.271352695451182291e-01 -2.228997559475257573e-01 1.367308820542267322e-01 8.172249301421005696e-03 2.579879906171757553e-01 -1.973548284159076793e-03 1.459840211858980941e-01 -1.721843696712510308e-01 6.088055778565271137e-02 6.854429871291850551e-02 6.217927828561469195e-01 -2.401183459460863034e-01 3.598283239436695924e-01 4.863474575026663915e-01 -2.629513588313352468e-01 2.827986436714538532e-01 -1.697433293483791017e-01 4.596758821989258004e-02 1.207788407006354259e+00 -2.820886652077810863e-01 -2.634540942346376702e-01 1.163157796694536117e+00 -4.648653964546760053e-01 5.694651585491594670e-03 4.912505988732609463e-01 2.233822812258922166e-02
1.064597939981339891e+00 -4.868008267262887045e+00 1.258795302660068005e+00 8.097491114334944839e-01 3.085579621748379964e-01 6.386398359960299143e-02 -5.107244254972224118e-01 -2.606073755443911177e-01 3.150320464920307595e-01 -6.329910517465520137e-02 5.430750468154486033e-01 -3.979451754330369795e-01 6.703461173563486364e-01 -1.415338425180173720e-02 3.102112756024787144e-02 7.686565766750183548e-03 1.328070049465702451e-01 6.417972636021858357e-02 -2.160708064773769754e-02 2.879660909366854593e-02 -1.674214819769266893e-01 1.455490078044453517e-01 5.384826139154136326e-02 7.868577429008360991e-02 -1.616665795533107075e-01 -2.926065789240478443e-02 -2.592799213469237363e-01 2.011167182003090748e-01 2.367935753161261592e-01 9.508653774598088693e-02 1.068276804866155338e-01 -5.825000253657308669e-02 -6.418046672086175075e-03 2.004238650673406674e-01 1.314328106918177252e-01 5.976680289452800110e-02 1.937008061475598009e-01 -3.170405276378226445e-01 1.563457763998460648e-01 -1.975570437906298826e-01 -5.970987826535453791e-02 1.081174068126889320e+00 -3.479701659660436874e-01 -2.204507608995433521e-01 1.376675901218356701e+00 -4.973152760703696829e-01 -2.853869901452932289e-02 4.413706482532621100e-01 -1.071949480711637259e-01
-5.185745563953498838e-01 -3.069480317414372106e+00 9.845107134973705154e-01 9.827739126111225687e-01 1.557045498891098667e-01 8.260490814089911371e-01 -6.143656767163188093e-01 -4.513471747505415355e-01 6.074622688674957693e-01 6.550726977159130326e-01 3.282923661392836978e-01 -1.558867553372016879e+00 5.348984476293722201e-01 -1.139448775610494291e+00 -7.376911451114379625e-01 3.364704311191052399e-01 9.914868178855316960e-02 -2.303321818158834966e-02 -1.038284002030994913e+00 5.519970239410613155e-01 3.393499235945104386e-01 -6.150974154258359583e-01 1.222245413494175814e+00 -4.337954606699874205e-01 5.879062858044994400e-01 -1.671617689395080153e-01 1.764551981022713711e+00 1.588950373221095891e+00 6.758085478059601137e-01 -1.557107965275170480e+00 -3.284920226245586772e-01 -9.509496565476032170e-01 -2.919485019790639124e-01 -5.639600674110105683e-01 -2.056970475633213558e-01 8.092687975789455979e-02 -9.291515327875871089e-01 1.480627513594950262e+00 2.881127848328980390e-01 -4.189209077750375432e-01 -8.659880263018490121e-01 9.427836276218157785e-01 -1.457879142494542535e-01 1.290666827368043557e-01 1.296221203412509348e+00 3.306281249003036882e-01 6.237770511297180409e-01 -2.718509784938162310e-01 -2.697557358093772839e-01
1.139334874355851568e+00 -4.610249715000401594e+00 1.122696823920411147e+00 8.989045456734898742e-01 1.183906700747634266e+00 -2.365539586484088630e-01 -5.576515893346483121e-01 -8.436852649235374035e-02 8.439261842491949106e-02 1.585537715010978399e-01 1.080621012574925377e+00 -1.824469471231701112e-01 1.347393892110087255e-01 2.813642982456756592e-01 1.422786784230981594e-01 -1.644128283598411122e-01 -6.168180597999168430e-02 -6.599692960953350285e-02 -1.642290254866268229e-01 3.996537536494134679e-01 3.083301615601222179e-02 1.686173714913469235e-01 -5.728243645866112899e-02 1.210900677944704296e-01 3.338049277078214416e-02 5.374224121939275012e-01 3.738826755943401303e-01 -1.185013385961528887e-01 -3.361047350219242835e-01 -1.399087868143896463e-01 1.471595969908523205e-01 3.062079343241580487e-01 -3.301576518866419230e-01 7.256005687319511122e-01 -1.019208386316909909e-01 2.426214016465951251e-01 -1.142874741974337360e-01 -9.681201314189813445e-02 2.917189520299572347e-01 5.439929955943936801e-02 1.016166379397931419e-02 1.749739031492216323e+00 -4.100683070585885437e-01 -1.048696156522409773e+00 8.888886755989755528e-01 -4.496195225366055870e-01 7.101524744039039438e-02 7.299314770337527181e-01 -1.966356464871594767e-01
1.788842726508601544e+00 -2.098684363471806869e+00 4.683360503852163070e-02 2.066884186066472839e+00 -1.065712469447752886e+00 1.148341559589730387e+00 -7.600639586653310520e-01 -1.763403806821745690e+00 1.300707011055784568e+00 6.555151155713384581e-01 -5.110118167273641765e-01 -6.329237393111099008e-01 4.192069170445478221e-01 -2.924903304830434037e-02 1.219238783502935908e+00 -1.521350976686115242e-01 -1.095525750618634303e-01 1.061768884856231360e-01 -7.762369306726956131e-01 -5.088070415043416395e-03 -1.371988948125231200e-01 1.832094378273880775e-01 4.351918611255498615e-01 5.544256755939206416e-01 -7.188209779176877312e-01 2.006645154720937407e-02 6.292004350770538657e-02 4.428909800216586645e-01 5.883646070531736716e-02 -2.613619347486249023e-01 -1.544182356129757128e-01 -1.198723021376313369e-01 1.781075690801125488e-01 3.525034605347081573e-01 1.583709708798275995e-01 7.628272233238889144e-02 -1.246403240749461155e-01 -6.491125484242723509e-01 4.788982989515364053e-02 -5.055312586488668325e-01 2.497097804355808415e-01 1.497736283829979254e+00 4.125666463915151905e-01 -1.718758293590535446e-01 2.057824637662346579e-01 -1.996099806517326047e-01 2.078948813933476358e-01 -2.074025369714409539e-01 -1.364753835636023371e-01
1.789644972544282453e+00 -2.116822701259852835e+00 2.838672055273683270e-02 2.083528696538020863e+00 -9.729055858092954256e-01 1.056295046192500475e+00 -7.566031536083162035e-01 -1.655740144574716854e+00 1.236807205070422855e+00 5.299211886659163095e-01 -2.172373308592544794e-01 -7.087560176670898437e-01 3.989054037787698181e-01 -2.443341401539775304e-01 5.606290904746078496e-01 -3.031542110384555233e-02 2.018658140663581457e-01 -7.331893327730819310e-02 -7.122242577502746474e-01 -1.332153527980884655e-01 -3.739967911822474900e-01 2.669887298861634561e-01 4.177486499287087485e-01 5.112228550413373540e-01 -4.926762756064521631e-01 1.173798372088049047e-01 -3.040430123445730937e-02 1.667407034538301580e-01 1.211827414193580588e-01 -2.061894642298483793e-01 -1.909179180877303150e-01 -1.519473559692396947e-03 1.816038403487623132e-01 3.893292566270213362e-01 4.710616243155757443e-02 2.324313648281814970e-01 3.864083812455384320e-02 -7.160132922800610533e-01 -1.110364247418670902e-01 -4.928943030098914546e-01 1.424315130392298234e-01 1.299493564232417686e+00 2.587396060674029830e-01 4.388651286448674860e-02 1.982362761627337600e-01 -1.089544871515835955e-01 1.246284596883390772e-01 -2.192940669328494185e-01 -1.212712360514070081e-01
1.764519670000931129e+00 -2.101459421017800366e+00 3.051870963498215517e-02 2.121215394045252722e+00 -7.854936223906631154e-01 1.012551928933214773e+00 -9.173132015541627382e-01 -1.120038948393223599e+00 9.898332508099431104e-01 4.586240390775591091e-01 6.284082264735493251e-01 -7.002280056708852785e-01 5.427945546831389745e-01 -4.863387163546766812e-01 -2.760364874520754297e-01 2.677557059312405396e-01 3.427471893825880800e-01 1.796861781787950640e-01 -3.626260669488785560e-01 -1.075224389775871481e-01 -7.760073906918074638e-02 3.124578259235280542e-02 -1.181655060362450660e-01 6.347459573280786471e-02 2.220358576677944340e-02 -4.139542569696247343e-02 -9.740618562171171613e-02 -5.259071396375968321e-01 -5.511470059114711995e-02 -1.357901385093858715e-01 -2.292264752992182186e-01 2.861313316058030631e-01 1.660182526303007333e-01 -6.384326318095101538e-03 -3.923485210661904476e-01 3.299996450298704476e-01 -2.419949407801253241e-02 7.006030200957372722e-01 3.471244247564635454e-01 -2.377842690006509718e-02 4.337388464880506111e-01 1.346119040722956850e+00 2.447971262631174483e-01 -8.527969172025845479e-02 -1.146756192054351198e-01 -2.173395844275789468e-01 6.343971629594213901e-02 2.963565896880952510e-01 4.008883392087274067e-01
1.719282688681456506e+00 -2.156045536279293184e+00 -2.168405956914098986e-02 1.932533753985143044e+00 -8.944753780637604290e-01 1.237663663732711417e+00 -8.784921111918966297e-01 -1.259214995476484189e+00 1.130127069722081323e+00 7.554072847536182911e-01 1.793190555609819881e-01 -3.916765488278255436e-01 1.039655794997944860e-01 -5.076766868210824679e-01 -3.683821677101063452e-01 4.529975505948016234e-01 3.687344138140266070e-01 5.048392497524876177e-01 -3.288499304959451308e-01 -1.806341448943478978e-01 -4.104371055326723750e-01 -1.192242213818816288e-01 -5.705785949085398490e-02 -1.063672839007018256e-03 1.465452165907552007e-01 -5.007761350309858361e-02 3.429069192484021644e-01 -8.737386796791185573e-01 1.254573790667720401e-01 3.722386393569124263e-01 -1.548532586344074369e-01 3.256500609495213139e-01 3.946712432247406754e-01 -2.035543802165923344e-02 -5.556197624269134661e-01 9.239611300053424126e-02 -2.158309022724580820e-02 7.675982908103068381e-01 3.841435303246794608e-01 2.683003687962572936e-01 5.929869420899005483e-01 1.131114674237172490e+00 3.774174948542907693e-01 -2.330768925061575403e-01 7.230790619405791375e-04 -2.233455957322886820e-01 2.905317704323235328e-01 -1.780666738254509940e-01 1.002632900517982373e-01
1.809536115603980200e+00 -2.112951182092213998e+00 -4.023523420684238516e-03 2.079573121375242639e+00 -8.878258803979930391e-01 9.142573973117864572e-01 -9.645941474249428715e-01 -1.152179919447000600e+00 8.977871620685723419e-01 3.335284296472768584e-01 5.140566123184020508e-01 -1.158480921874401659e+00 6.895006800008617320e-01 -3.510385454795439952e-01 -2.610027842477876669e-01 4.315616412615920217e-01 4.440970585464425469e-01 -1.006569481507744029e-01 -8.033845052345722770e-02 2.410951910267101483e-01 -3.868508273789116325e-01 -1.111734374119355273e-02 -3.486591074426892423e-02 1.735327282174628227e-01 -1.874096907512521892e-01 2.392413264901552261e-01 -5.629801976706641509e-02 3.641021178279393866e-01 2.113101244413921609e-01 -1.837183493021415925e-01 -1.008681635053641501e-01 -5.897713527524994781e-03 2.113870735363678199e-01 3.916989061047992937e-02 2.189456029943322446e-01 2.493009463025142591e-01 -9.081751465784286548e-02 -4.710225083503470911e-01 -2.246321591806489382e-01 -2.993944935675513785e-01 3.077154070442155165e-01 9.417955621583256054e-01 -3.343342254741044073e-02 -1.871900658363174208e-01 1.779581983552230851e-01 -5.433723301187334820e-02 2.503362676471820869e-02 -1.946799989668369646e-01 -1.799810746081283719e-01
1.873988339566805550e+00 -1.499260901192799977e+00 -1.473292703330821851e-01 1.666578332701035947e+00 -4.595377510490453732e-01 4.924342038765003871e-01 -4.050031548190295982e-01 -1.141731248875303750e+00 9.836017290340725028e-01 -2.202267629979973163e-02 1.795712740576580480e-01 -5.589505254041313709e-01 3.794934810185540686e-01 -2.183797583481595916e-01 -2.942783591362440054e-01 9.224077965643204258e-02 1.042051839352707621e+00 -8.118220111126484007e-02 1.628862274287169454e-01 3.018578624779271191e-01 -2.637126865707821732e-01 2.290823736855182591e-02 1.019691765813156292e-02 -3.848781932627667324e-01 -3.749827149869211507e-02 1.142598832008842602e-01 -4.686315169350558363e-01 1.504231583778885828e-01 4.295459999275915708e-01 -5.843599291173938726e-01 3.020617727924446161e-03 -2.860068720320250724e-01 -3.631925747631069568e-01 -4.284524441469750311e-02 7.485395525153513141e-01 -2.079969301291824391e-01 3.886743884240286273e-01 -1.073090192255116426e-01 1.327764532526690133e-01 -1.240261194115087756e-01 4.031830335878515692e-01 7.394168381048014105e-01 -4.384974822228446811e-01 2.396808721614168136e-01 -5.419057055471271367e-02 1.253247405289077410e-01 -1.406736199243152075e-01 9.994619358179190893e-02 -5.418129071746366487e-02
1.841976360217005393e+00 -2.009455453589910512e+00 6.409442001916287879e-03 1.978076294055790552e+00 -1.099473065810444572e+00 1.136222877776700058e+00 -7.861114000194542317e-01 -1.445134717903523880e+00 1.081527986639605921e+00 6.550848550441626950e-01 -4.528548508544167905e-01 -6.520694373934109445e-01 2.359783280106083903e-01 -2.430885742934840721e-02 1.107654823630675800e+00 -5.506842949596780779e-01 -1.397475776795906455e-01 2.745628191502024751e-01 -7.361894394117979301e-01 1.587072586610405456e-01 -9.567917107958645584e-02 8.750174519337211576e-03 -3.145709330145515792e-02 1.430070351747401713e-01 -3.873063878887725298e-01 -2.002109920604140947e-01 1.657001227027601331e-01 1.825187478231708182e-01 -1.780904216041024890e-01 -2.075268807655850783e-02 4.464893072035644450e-02 -5.109661479306060183e-02 4.404063753020909244e-01 3.168118236449533054e-01 9.588175270900944902e-03 -2.405120238169022595e-01 1.038205481144808748e-02 1.604242809140201398e-01 2.532735543821090229e-01 -1.186550154353971098e-01 -5.290926435573437003e-02 9.958437121346288556e-01 3.944989801271883145e-01 -2.681131065948232917e-01 -1.048146786531345409e-02 -2.518958656934809359e-01 1.083140470970624936e-01 -1.272832663409291520e-01 3.242891456301381647e-01
1.809545406738050310e+00 -2.073678912224837134e+00 -1.609105968053223812e-01 2.130850554910054040e+00 -8.571623461074608930e-01 8.863940202541815694e-01 -5.794358219915995978e-01 -1.224351029346680830e+00 8.619136252905027495e-01 5.913398131897991128e-01 1.471306405061508782e-01 -5.573199728570797928e-01 2.446627777748374977e-01 -2.276256198053309143e-01 -3.475440329555254948e-01 1.718436089405362133e-01 4.167723686158785745e-01 2.909187387055651719e-01 -3.616365562504558762e-01 -1.194080429922859121e-01 -3.958220909379407959e-01 -2.325153311843974890e-02 -6.063914334199568823e-02 6.865555048052315867e-02 -9.829470052414801540e-02 -8.806909886120750652e-02 6.055288427353135161e-02 -2.042828669054588819e-01 -2.203027347942865255e-03 -8.077730789509447729e-02 -4.729138800082202665e-02 1.364722505558868537e-02 1.276187266069487292e-01 8.191042451861527129e-02 -2.355270854686387361e-01 1.230370708379097816e-01 1.017688994738370420e-02 -7.472477447356400126e-02 2.633530711995574203e-01 -2.269159532893471054e-01 1.070340593640516924e-01 1.073648288752047097e+00 2.690871453540055747e-01 -5.451591187034032782e-01 -1.426868364682873369e-01 -2.824487022224886901e-01 3.816314971219236796e-02 -2.389230024942841091e-01 5.983266522730910086e-01
1.770638682873757475e+00 -1.912350375851623596e+00 -1.327356208309107277e-01 1.973045968843089248e+00 -7.816870350863618366e-01 5.939880939532744542e-01 -8.009401532115965061e-01 -1.090960997520472375e+00 9.283823114766772688e-01 2.635410518524805568e-01 3.421357785032504983e-01 -8.190446512637667986e-01 5.351905323291570316e-01 -4.627891230647409038e-01 -2.616314792229890163e-01 2.872343590385972867e-01 6.812748751250570223e-01 2.288796376665019200e-02 -1.531349706563212010e-02 1.780792225096813619e-01 1.317638127840928264e-02 -1.640201422751758065e-02 -4.919492633472531684e-02 -4.007354851856253369e-02 2.357317782501422432e-03 3.355134039260571077e-02 -3.109443668958070672e-01 -5.769438328687721135e-04 4.476016189648979182e-01 -2.413568801729008007e-01 -9.729163761684897493e-02 -3.212535602366244358e-01 -1.945577815957780232e-01 1.605332845358594385e-01 5.069906030047381940e-01 -7.457327052930454170e-02 2.202974009964708546e-01 -4.717070483362137967e-01 1.794632292611664237e-02 2.882524519150947429e-02 -1.460406371150310689e-02 7.655269432574658417e-01 -2.562442515921439234e-01 2.364896504964569823e-02 1.810257137337877298e-01 2.302785324403930356e-02 1.920466986066460269e-03 -1.949984543236620849e-01 -9.396295392444733996e-02
1.816274431968338376e+00 -2.073558977884705001e+00 -3.758767164231890945e-02 1.992529154226183152e+00 -9.489522131987601083e-01 8.886075512320783520e-01 -6.870606315738617687e-01 -1.288265567535438638e+00 9.164367544556514256e-01 5.438777446981207797e-01 2.675072705634852221e-01 -5.805891516889247761e-01 2.641976228970318585e-01 -3.598151956097537796e-01 -3.390609621828518661e-01 2.213995766461074044e-01 4.370203107450012503e-01 2.955849210529947757e-01 -4.390088339660440653e-01 -5.636664998476281774e-02 -6.453934180497451767e-02 -3.230427566902493997e-02 -9.271638340606822015e-02 1.707155913482310272e-01 2.438742786231856696e-02 -1.235979898151610135e-01 1.194932357584077148e-01 -3.190389121877597600e-01 1.119597000012131083e-01 1.159240378869964283e-01 -6.449177037805245427e-02 -1.193548422250935159e-01 2.046256576224651513e-01 8.398170808893534733e-02 -8.764486954929123774e-02 -4.764504397841845540e-03 -2.606031033485549722e-02 -1.570143803959868911e-01 2.223852716042322430e-01 -3.944045668839140650e-01 9.703079171638513689e-02 1.419711388438554156e+00 4.027897964221982541e-01 -3.051900810104284933e-01 5.614131510583164619e-02 -3.591776897347802588e-01 -1.472457283793291993e-01 -3.911871895462566417e-01 4.112805262913434290e-01
1.062036944682314576e+00 -4.882878105296385662e+00 1.249729384930237108e+00 6.840911219878118565e-01 2.485530806793367908e-01 1.677323245511261884e-01 -3.938249005489520282e-01 -2.955530520301120623e-01 2.099450167059655203e-01 1.942610855134937475e-01 2.289147064783536301e-01 -7.449552455498252568e-02 2.973528002282609384e-01 9.644231189645410818e-02 -7.406159723856831079e-03 -1.140540303002892525e-01 -1.952686180924517040e-02 1.497222172144731245e-01 -1.430824966512073693e-01 -2.212287061559256307e-01 -3.362964730407778657e-01 2.734586940852712367e-02 7.647205114376882940e-02 9.326859662397363193e-02 1.263437445175119578e-02 -1.325752579301349710e-01 3.775030254477086678e-02 1.201275236119580259e-01 5.796728289480469754e-02 3.176989278632221803e-01 5.059860581940616581e-02 -1.392451809071539870e-01 7.123376720085994318e-02 3.956287183575885047e-02 -2.348403555112598684e-01 5.425950293380124578e-02 1.136664383797519329e-01 -3.017932598196199079e-01 7.674671724993709088e-02 -2.499892644208287495e-01 -1.140353811239838977e-01 1.017604583236599414e+00 -4.397760118851181677e-01 -2.417659064120002976e-01 1.678502302579905736e+00 -6.387186352618409169e-01 2.059735338614226974e-02 5.230360841518203463e-01 -1.106889847188230469e-01
9.114968190176622187e-01 -4.815183890006538903e+00 1.389073466331187001e+00 6.318940575548990246e-01 2.281647258703424219e-01 5.167878933387044516e-01 -5.140591053975139824e-01 -3.437843319504338968e-01 2.072994482325336285e-01 1.860002656604052285e-01 7.731936287466115165e-02 2.414917939475686726e-01 1.342749378348751799e-01 -2.466391115498217657e-02 2.067452463237583749e-01 -2.639955036303614500e-01 -1.933275077383400375e-01 2.553246457419611204e-01 -2.511025367144554821e-01 -4.601215655603609900e-01 -3.361770664175719459e-01 -9.605720413395832380e-02 -3.539526185409230807e-01 4.672566834854061102e-02 2.024680368714364687e-01 -5.361761561628392014e-01 1.766210159996740581e-01 -2.714244184511047653e-01 -4.475943142960842058e-01 -1.129143508508887866e-01 -3.285882389660423897e-01 2.711444522165981086e-01 4.414979441873329025e-01 -2.444386106173639939e-01 -3.721407963031957422e-01 1.084769798781731742e-01 -6.182418218894166102e-03 6.588841462683957539e-01 2.735253393247549791e-01 1.148143145178470437e-01 1.879316977337006644e-01 1.419193569453652604e+00 -3.629850732582573514e-02 -1.831720699465292923e-01 1.475621059514109712e+00 -6.989067613205938168e-01 1.249203909399050905e-01 4.896959968853684120e-01 2.306408664057811309e-01
1.016988824349975395e+00 -4.833401351652796052e+00 1.292905708920978780e+00 7.621636302103089733e-01 3.483132842433762644e-01 2.735378497470536407e-01 -6.029720803240943283e-01 -1.015172069487034201e-01 2.358995265114508244e-01 5.638589069519875374e-02 5.992049017652163467e-01 -1.334035821509647335e-01 5.364082373470986376e-01 -1.217510184561488296e-01 1.271037646015077405e-03 -4.325299592513418695e-02 -1.132223357392828228e-01 1.173158250007574066e-01 -8.501541738130069525e-02 -2.214570977044960642e-01 -9.199577904913325277e-03 1.000456016823534910e-01 -2.922758270022755844e-02 -4.174418471196096603e-02 3.237059801511349422e-02 -1.576317621914813949e-01 -1.651512196118800346e-01 -4.119877215015934624e-01 -1.132219621747586613e-01 1.504464438728240483e-01 -9.123495095995601267e-02 4.261455329806939085e-01 8.068711893494617815e-02 -1.436092700998724547e-01 -5.079668701769454175e-01 3.002943013214037782e-01 6.608915761552519585e-02 7.804263559069296585e-01 3.505790424438499642e-01 8.529079471946829361e-02 2.767688805399749485e-01 1.570139894543890247e+00 4.898319472583145817e-02 -1.976538202359824914e-01 1.067636430581829998e+00 -6.939740800800762166e-01 3.265752128284610256e-02 9.311360438555185137e-01 4.303493094169952848e-01
1.033512465788417600e+00 -4.656058163158095731e+00 1.186333934855133387e+00 5.628975150517994130e-01 3.006094382498913919e-01 5.187091450506897683e-02 -3.415731386210126286e-01 -1.756470192132987551e-01 3.730744119273832204e-02 2.579931910804980633e-02 5.606842450553739532e-02 9.975948466009239290e-02 1.782263226668134581e-01 1.017121814887567977e-01 -1.570550813336960005e-02 -1.703705450207167182e-01 7.171012459040111697e-02 4.108796475977428281e-02 1.252779726274736438e-01 -2.049525030150599614e-01 -9.719609579954729961e-02 -4.636761060662716871e-02 6.721532376797113850e-02 -1.165564649386060109e-01 1.522977665795375024e-01 -1.408905645641833071e-01 -7.129974269497145467e-02 6.177421661306487649e-02 1.840854846979615989e-01 2.555558713019964179e-01 -1.783863149757192179e-02 -2.097161344764013613e-01 -1.985409858851716614e-01 -1.091426587481284516e-01 7.393250574769422157e-02 -8.565410307740770057e-02 2.230247866703300996e-01 -4.392168040845535470e-01 -4.406033044141649535e-02 4.016849243805947767e-02 -2.251811042210204727e-01 9.385437738044273281e-01 -5.763952302706828457e-01 -6.314803120577544560e-02 1.637931905351867945e+00 -5.569150893319172457e-01 1.058976639922587504e-02 4.836741733288744127e-01 -8.994013225996796979e-02
1.049431913678890993e+00 -4.898324831565395776e+00 1.277137104778026666e+00 7.613816792727519100e-01 5.778276328267454298e-01 2.327869850793297113e-01 -5.451944847459627708e-01 -5.551912463776318418e-01 -1.669029029864083080e-01 8.106255207994658152e-01 6.621318585930915379e-01 1.057839481900984119e-01 -7.929140643029422009e-01 7.584526529488087032e-01 -2.506992770287798100e-01 -1.490033361309417437e-02 -1.116238423857311007e-01 -9.469977772613835665e-02 -5.502647894103301907e-01 7.402145839079246614e-02 1.931316210852764836e-01 2.707570796454421558e-01 -2.596139894089397604e-01 2.904514799965844940e-01 -1.267734670113823681e-01 1.654839276582770746e-01 2.801921362395418114e-02 -5.886427906891384954e-01 -3.046743455548726609e-01 6.842168975644342954e-02 -2.486342399164835071e-01 4.078975698675925132e-01 -4.216395409981849030e-02 -2.149240947801663304e-01 -5.468015954006839596e-01 1.291838078276100754e-01 -1.602629391070839460e-01 6.241803822593540163e-01 1.636197625989781468e-01 1.763846022366794830e-01 1.779559831077174858e-01 2.204925828958546941e+00 7.297923014766816152e-02 -1.055613071350870236e+00 8.497319268484739840e-01 -7.166560479120920313e-01 2.553645962484898391e-01 8.105682165689419572e-01 -1.253031211174038817e-01
1.089034311364095231e+00 -4.905499378544551980e+00 1.281556121631180156e+00 7.289810524553663740e-01 5.038597378169196173e-01 1.790437507059284838e-01 -6.008825672612811974e-01 -5.325082503963309843e-01 -1.695027350320096882e-01 5.774332944343496532e-01 4.884505798887515127e-01 -3.383595300723002963e-01 -6.121701168325105469e-01 9.112605260451756006e-01 -3.200134193499500901e-01 6.471716411608061104e-02 -3.888886065990084656e-02 -1.445658264385836500e-01 -3.507656094899481158e-01 3.218076734723216425e-01 -4.197255163669090516e-02 3.319717585213139421e-01 8.193882435726211610e-02 5.308682690054307152e-01 -2.826469665095485140e-01 3.333037129380408969e-01 1.586732703493305974e-01 1.617266564138238327e-01 -1.189395342570986336e-01 -1.656387834229203562e-02 -2.738885203999844586e-01 1.997245219286736262e-02 -1.558445303425359807e-02 1.156430029537651172e-01 5.553612455087880706e-02 -2.342611886898535167e-02 -4.070891744630236175e-01 -5.267025627196298965e-01 -3.500965197042865684e-01 -1.552598070843518030e-01 -7.861672877395400882e-02 1.748233434210607395e+00 -3.349490997897160982e-01 -1.014993110635962648e+00 9.781428823037097153e-01 -5.041195221279166638e-01 4.896802750381923364e-02 6.814216391028975472e-01 -5.827921923145255034e-01
1.812128785632296513e+00 -2.136066336627890472e+00 -3.591696625928397779e-03 2.168800875268437345e+00 -8.252489444592014944e-01 8.028780627857645680e-01 -8.250655467272907106e-01 -1.279129116988911186e+00 1.068965770790522685e+00 3.389390432077051263e-01 5.722783715237818036e-01 -9.647695989529575522e-01 6.767324346923890843e-01 -3.787410821503296998e-01 -2.462863975378426773e-01 3.186952676231248338e-01 5.887765300684412173e-01 1.265500795382562826e-01 -2.992177302153157248e-01 1.427312678205775176e-01 -2.358226431411940549e-01 7.674918871444466606e-02 -3.508966194447615816e-02 1.839045547348523713e-01 -1.718335918016448138e-01 8.697567860211435908e-02 -1.915348873567554455e-01 8.719730006430545521e-02 2.949008368997376728e-01 -1.911500446362290329e-01 -3.116384385264678314e-02 -1.982642039114635990e-01 7.891308702326804703e-02 3.376488088491182427e-01 2.470511598025729172e-01 8.947214660299467048e-02 1.034121544540221593e-01 -3.968638634490150308e-01 1.528911587124596461e-01 -3.066262654101632457e-01 9.726008768272109695e-02 8.605424882430505740e-01 -1.525506163299263918e-01 -1.068798116321040825e-01 1.951536387436485498e-01 -1.899916011161095764e-02 2.509481660303181094e-03 -1.948453471582758945e-01 -1.384108608185789513e-01
1.816385970202335720e+00 -2.326657556581569253e+00 4.353626242238983757e-02 1.995002425805082691e+00 -8.269189677788593151e-01 8.717702950893078118e-01 -6.804370985263863414e-01 -1.258639138397412260e+00 9.309875943414350763e-01 5.292558753279860140e-01 3.040356360448581707e-01 -5.578022853658278768e-01 3.438495009776905142e-01 -1.516867168259470322e-01 -2.848523267445459695e-01 1.536848592195811936e-01 3.756943451162739755e-01 1.890269025029035210e-01 -4.399281297617841924e-01 -1.526447635743203302e-01 -3.862491226991986437e-01 -7.078447927776108928e-02 2.394888851571946864e-02 1.431534579165499033e-01 4.300908323042515469e-02 2.302997603412876293e-02 1.543308505342140813e-01 6.633950323813822547e-02 2.051019855853705443e-01 -3.917363634238807402e-02 -6.545362774489568713e-02 -3.673947252564866428e-01 1.930846517035331167e-01 1.606089738143762213e-01 -2.564593698396656629e-01 3.737461163086688853e-02 1.615667519797519755e-02 -4.069370790648029201e-01 4.312657728707491867e-02 -3.239135876579428697e-01 6.744785882449844117e-02 7.863135187222263234e-01 -2.403321431301144173e-01 -1.210633947241768760e-01 5.079638630575999958e-01 -1.564499153688481414e-01 3.604103013784626386e-02 -1.181594054186003717e-01 -1.356839173692769018e-01
6.431273721549883859e-01 -4.247180285826263280e+00 6.375157754105467145e-01 -3.641144166450265285e-01 9.247679621338829037e-01 -1.330321136018357830e-01 6.501014455231666211e-01 -4.348058384796427145e-01 6.658932965869067688e-01 -1.444675399153427353e+00 -5.462524337590803913e-01 1.004506004110188089e+00 -4.090420001589927246e-01 -1.113124335537167275e-01 -2.798131037227333806e-01 -9.126340798488584427e-02 6.211653483942246590e-01 3.499803819411810291e-01 3.349301477842592245e-02 -1.963444634083322815e-01 -7.457579415456152550e-01 -7.825889848678955207e-01 -7.031120946704069175e-01 1.004950050250834059e-01 1.737742604671750901e-01 -5.492211269382376582e-01 2.898819860943827598e-01 -5.407129026402090338e-02 -7.434650258985345261e-02 -5.146009385459212604e-01 -4.016351590142787087e-01 -3.172139876117381907e-01 4.093880958547271298e-01 7.130456624463943349e-02 4.847551860065115181e-01 -1.679182476773622701e-01 -3.561477228974877507e-01 -4.177438228233704143e-01 -2.356735842831338412e-01 6.556103698258126666e-01 -4.433803484809464845e-02 8.184112556767830782e-02 -8.572834958657862270e-01 -3.208667735821936762e-01 1.495499362067431948e+00 -4.468218760078917495e-01 -3.506582609973664666e-01 1.358292783775830737e-01 2.499474096459618558e-02
9.349619058851406095e-01 -4.280460988822515134e+00 6.951575111180428035e-01 1.400440438536287857e-01 7.928022799443845692e-01 -2.911180077885164863e-01 8.993578595299961398e-02 -6.518535755249674213e-02 4.084765857349189622e-01 -1.118348232046470159e+00 -1.406015383135214847e-01 2.961315700748587409e-01 4.939099249231988509e-01 -2.619249767226897174e-01 -3.555912044760539681e-01 5.865155604394658995e-02 2.797951657030264133e-02 5.214113620080468303e-01 2.315734632295369799e-01 3.510695801139227523e-01 9.526951435924786438e-01 -2.158881674554814778e-01 -2.460846194151986299e-01 -1.660105363142073687e-01 -6.807677466217876283e-02 -9.231606625112587228e-02 -1.699537590308893842e-01 -4.810613687273332939e-01 4.415895456676442454e-01 6.357879557349490618e-01 2.867491334742043874e-01 -1.836046850743827674e-01 -6.010804348166703948e-02 1.969743067521781132e-01 4.267634411867914923e-01 -1.703763305877956380e-01 -2.901262315410624848e-01 -1.819175535099557817e-01 -8.840062619759037066e-02 4.192035468858744673e-01 -5.245380996188328537e-02 2.353649164586664178e-01 -6.746640924278843876e-01 -4.158994345648576174e-01 1.255371301504232706e+00 -4.668489232870206562e-01 -2.383682367315516637e-01 1.771862260142027523e-01 1.894780277638370425e-01
1.188763321001984785e+00 -4.072493255725326833e+00 1.281398195788055139e+00 2.048618323633621952e-01 9.013308467527272327e-01 -2.796224246434308447e-01 3.769612000031678511e-01 1.418294475397672560e-01 4.767734059066408570e-01 1.785574158463475447e-01 -3.488805689797305765e-02 2.641159111523309622e-01 6.650752230153442746e-01 5.419459571324711789e-01 7.321633404862898375e-02 -7.836975926708057427e-01 1.419827570933552163e+00 -4.757237237770983174e-01 1.380067959422587087e+00 1.360532010179702767e-01 7.584657712968441157e-01 -3.753156487845514810e-01 5.288030330198688622e-01 -3.837376458518748645e-01 -1.447506876351567495e-01 -5.296461483519168123e-01 4.910080694499284470e-02 -2.895659096233393903e-02 -2.033582865430747511e-01 -2.164484050955630123e-01 1.421515627470407162e-01 -2.117277164237941767e-01 -4.175458015419763469e-01 -8.834048086336321326e-02 2.384683966017100976e-01 1.654170150837630526e-01 -2.491172436985349403e-01 3.425480834676633002e-01 2.720952899922470247e-01 -5.863129146510576151e-03 -1.674594196231999621e-01 1.474633059570297444e+00 3.905017657511957729e-01 -4.733607771888239113e-01 1.170078774393023435e+00 -7.533464918244285879e-01 4.812702605958418811e-01 4.604856971638157659e-01 2.056369165150911393e-01
1.015343264509012577e+00 -4.302723580670793524e+00 1.057637461215354735e+00 3.660599097681802583e-01 5.800745678438811170e-01 -2.465660821375640355e-01 2.212216881447487959e-01 -9.451809174608125086e-04 2.630170461380624269e-01 -3.623423954058998531e-01 2.810246005076308951e-01 1.410178257874533658e-01 3.415425492107256877e-01 7.746313104690691342e-02 6.628846770675880795e-02 -3.297002765099661392e-01 5.797411853938491122e-01 -2.560460689677276358e-01 2.743228595053331942e-01 1.792248188229211558e-01 -6.702287460878529612e-02 3.524067287249042502e-01 2.452663130625086785e-01 -6.056492646974700467e-01 -2.635821082466832666e-02 -6.241989101495404313e-02 -4.824020747203547899e-01 -2.083419493552839813e-02 1.366171042662329693e-01 -1.287509625049061690e-01 1.585536461013858645e-01 -4.405567414204691890e-02 -3.621308372753896387e-01 -4.908901071435986530e-01 5.233376803989024939e-01 -3.644136735312121234e-01 3.212672280292609983e-01 2.071811457260780143e-01 -9.881330112687375378e-02 4.082282250406725765e-01 -1.413798118847539309e-01 4.983633232201722940e-01 -3.360829578731876488e-01 -5.982772685355035591e-01 1.160940037662883562e+00 -5.157785553535697565e-01 -6.879587370529943735e-02 2.531720911292840159e-01 2.827655606760749452e-01
1.060341097054127601e+00 -4.795666335286142612e+00 1.235064002328297716e+00 7.593456149553703405e-01 2.483411456393709305e-01 1.156978821916160305e-02 -5.547511498603894253e-01 -1.052457204133405433e-01 2.639279511054725136e-01 -2.305537569389159436e-01 7.028275061261720635e-01 -5.613615615217053545e-01 7.792669559801201906e-01 1.423331753963377466e-01 3.662854774462241669e-02 4.150004382708680217e-02 1.019419855761048294e-01 -4.062553057437056636e-01 2.719639274658190997e-01 -3.170295774659143140e-02 -1.242438595599834883e-01 -4.011022105894449519e-01 -2.155286033204482921e-01 8.019603231374197727e-02 -1.890271832181837919e-01 3.179694531838759830e-01 -2.036501540954435141e-01 1.060605652322053061e+00 -2.801098532846855171e-01 5.044520701500647686e-01 2.246643089046900521e-01 2.408237052684055746e-01 -1.526162449866325099e-02 -1.384167107915071915e-01 -3.995329135119704556e-01 -1.584539383774397903e-01 6.314254051715272320e-01 -9.508699797821755506e-02 -3.624829565194931380e-01 2.368794457656137331e-01 3.744749785009783283e-01 1.320376668379068530e+00 -2.715856942820797926e-01 -1.039568449311158993e-01 1.178025774545825355e+00 -4.579673468172025808e-01 -1.424989514097110832e-01 2.580719862604505255e-01 -2.245926659077689125e-01
1.055460108870938107e+00 -4.771971972125296446e+00 1.242703500854369869e+00 5.840417989084882855e-01 2.267663675647372257e-01 1.583670119299024348e-01 -3.629771532862485772e-01 -2.225833050240887401e-01 1.195031178374164893e-01 1.468001435111886965e-01 1.896203735159966985e-01 -5.015310207916794279e-03 1.541951887717190883e-01 1.241239812421570110e-01 -2.775332259697604886e-02 -9.768760007741786322e-02 -6.895841895169173286e-02 1.457513047884216595e-01 -8.839771174783211949e-02 -1.897801530300222139e-01 -4.163427596891234872e-01 4.023759246805055922e-02 7.539121660318959250e-02 4.558551511377220700e-02 3.244450404855020453e-02 -1.934317193019547410e-01 1.623960594048475259e-01 -2.944926294668535199e-02 -5.039949581635344567e-02 3.951534788490577710e-01 8.734663788901282644e-02 1.591860473315309665e-02 2.304868566382591855e-01 7.435806713931741863e-02 -1.702672851631854278e-01 8.583914567738318291e-02 1.055226240331501031e-01 -1.114940180018354765e-01 1.333971871278070709e-01 -3.549461270096966325e-01 -7.427381398321467043e-02 5.776486447047557427e-01 -4.397288176247049485e-01 -3.347933265175377371e-01 1.492407272110198191e+00 -5.027711949038612405e-01 -3.255284829827857496e-01 2.841790236663762625e-01 8.823748253225530136e-02
1.015137536820041930e+00 -4.688996378770760032e+00 1.319722204565907608e+00 7.271012236523208827e-01 2.542059223078457775e-01 -3.618633400480641971e-02 -2.645222595117469044e-01 1.643356517024676527e-02 2.646690313903511393e-01 -1.873651011934597266e-01 6.748684466855421338e-01 -4.161732168437384249e-01 5.139884159751944015e-01 8.719809931476013576e-02 -1.246772981267815494e-01 -1.186358638643360275e-01 -2.113037510481043657e-01 6.545228985230168162e-01 1.593667415368316131e-01 2.368577362696390465e-01 -2.024597610093023803e-01 -2.099531093772635804e-02 2.941863527104724430e-01 1.869291719448501754e-01 -2.775398337479788036e-01 -2.089650756191421821e-01 -7.787816534481852848e-01 -2.203279751208252202e-01 -3.720885146986886438e-01 -1.648188144062695260e-01 2.337780764370808728e-01 7.511664832362652255e-03 8.317306900788468127e-03 2.351209560696669310e-01 -3.875571124428354719e-01 -7.465222491721748566e-02 1.883111950960109082e-01 1.288945891100096441e-01 5.664398778106716215e-02 1.218792783395103718e-01 -2.776999542731565240e-01 1.118266265019273842e+00 -3.185029296512711383e-01 -3.069404080123187550e-01 1.134766001624593068e+00 -5.482992848265715313e-01 -4.501687561723895503e-01 -1.924350146721864885e-02 1.785084308860622748e-01
1.028500245648812594e+00 -4.383504724372421002e+00 9.714275878761398086e-01 4.173651301598313434e-01 9.255229618675469005e-01 -3.224586191386904499e-01 4.406366844798381699e-02 -6.277640649521631921e-01 -2.786628389366236913e-01 4.223569469773947316e-01 2.454152221805930290e-01 4.017684324979162169e-01 -1.163244530714556468e+00 1.095089429070235099e+00 -2.014290232954002724e-01 -2.413046785117342330e-01 4.807590906132044872e-01 -3.270232942710014079e-01 -4.562057628487586891e-02 4.816399551035471793e-01 1.132829956718211517e-01 2.607476252886620216e-01 -2.407870378935515754e-01 -2.519684401976299837e-01 -2.189120053969525470e-01 2.379594951091423272e-01 -2.431166699264618591e-01 -9.747465654601117357e-02 2.404927154026099689e-01 -3.064816044214421220e-01 1.110726096870351398e-03 -8.763581799236641601e-03 -5.591827598038489056e-01 -4.803534985492852738e-01 2.115988590930210633e-01 -2.992688459127186285e-01 1.650045966245844986e-01 -1.921795025711572902e-02 -2.438023901165350393e-01 1.316404146570840650e-01 -2.657537395114875078e-01 9.103508128428017265e-01 -6.498558716424952530e-01 -1.139476336264531486e+00 7.877287418796654617e-01 -4.750311636066660848e-01 -1.556683286773335451e-01 5.171837567312574935e-01 -1.824272466558069794e-01
1.092024411093698966e+00 -4.747206401054088865e+00 1.225140566281292420e+00 7.375502263138682402e-01 6.912321533024516906e-01 -8.150777466835779084e-02 -4.346714572764966422e-01 -4.661379606815274079e-01 -1.374105058713828154e-01 6.368235573790081983e-01 5.879456995883691750e-01 -5.098619826930832384e-03 -9.342261910441889139e-01 9.003845415305988809e-01 -3.611687603680744374e-01 -2.866477356022201217e-02 -4.730245714002902224e-02 -1.359073481316760701e-01 -4.700153547495128370e-01 1.460523524165565912e-01 2.951618019850862362e-01 3.036638153606244783e-01 1.581432401141516508e-03 6.354703824182696970e-01 -2.121119869614375153e-01 1.950018920263095201e-01 4.610980428905578354e-02 8.225096092267911163e-02 -2.641503155467420649e-01 1.864622027219031974e-01 1.086506173681995868e-01 -1.157273946409922427e-01 1.288787725418978347e-01 9.809426584107799885e-02 2.319020069443699650e-01 4.442164070489792449e-01 -3.918264020090799632e-02 6.443566287985164065e-02 -1.058018287921040357e-01 4.213149130465336789e-01 -9.306947587396427468e-02 1.221281448114840185e+00 -3.693176473912480606e-01 -1.404068474992024917e+00 8.261637401614929654e-01 -5.109015695199361495e-01 -1.424900259384421219e-01 5.136553199372970724e-01 -2.235156639756740726e-01
1.088426976740699992e+00 -4.678853789174811872e+00 1.207051323026621548e+00 6.078165877224765978e-01 6.020590907425547034e-01 -8.034251264731390174e-02 -3.594831054167355600e-01 -4.393028060021427206e-01 -1.852100877796956091e-01 5.605140039415741349e-01 5.145387544821556913e-01 5.960770190892639153e-02 -7.328890906316648524e-01 9.571308354800009965e-01 -2.438188272569140336e-01 -7.936296763488563666e-02 -3.844981014679558357e-02 -1.756316874043969689e-01 -4.580820541698062964e-01 2.392208648028943674e-01 3.082028996176274238e-01 1.683741166256749189e-01 -7.850509550460338382e-02 4.447238103316154545e-01 -1.110784356301448561e-01 1.556384609844972400e-01 6.893338432276950589e-02 -6.623560888198964935e-02 -3.005327324061751737e-01 2.392238105673314963e-01 1.317433226781973554e-01 -1.207611991104046156e-01 -1.148403125703541527e-01 -2.544802505907411416e-01 -1.094548176827155883e-01 -2.156197652177873347e-01 -1.756963313968947782e-01 -2.555520829268855820e-01 -2.154099299727325056e-01 1.497394098328693468e-01 -3.002776583788099307e-01 1.301711984593390437e+00 -4.493012774419355981e-01 -1.104470060015682042e+00 8.274259258178455756e-01 -4.675788737848677323e-01 -1.859043429241872825e-01 5.829827494301857982e-01 -2.830279812747856227e-01
9.852368499188752793e-01 -4.294941084351959759e+00 6.668082524587630733e-01 1.611054375770817337e-01 7.381563872074539123e-01 -4.339856330330038037e-01 2.591827113881983724e-02 -1.001358739534972953e-01 2.564749336986293926e-01 -9.644922217152499533e-01 -5.273435945808147007e-02 2.982433654617878127e-01 5.623137603063986800e-01 -3.014767664170197592e-01 -2.135890210331161942e-01 -6.173569423362362807e-03 -6.157451076452784972e-02 1.630520421478277859e-01 1.071378020545586396e-01 1.776930306697902806e-01 1.043605949330521643e+00 -1.351366705828326020e-01 -1.409096904862791877e-01 -5.053648028947599347e-02 9.659064475742323852e-02 -2.713798862231135978e-01 -3.889212832913825912e-01 -3.235605130995552470e-01 1.135668742710761459e-01 2.078551416299484200e-01 1.260181145777340972e-01 -1.540254071065535468e-01 -2.411354559214959337e-01 1.110159442186503531e-02 4.351952061494042678e-01 -9.230211327095841356e-02 -1.460255106444069695e-01 -3.034189748055312608e-01 -1.558324193005724001e-01 4.727855867182181870e-02 -6.356396306302899979e-02 1.961597037000575305e-01 -6.403720587516360530e-01 -4.266105427804093853e-01 1.189796576043565146e+00 -5.123854170053041557e-01 -2.409182499945191069e-01 2.813832330519990266e-01 2.383867875548168480e-01
1.058197481255415795e+00 -2.036100040034093950e-01 -2.851589043258395684e+00 2.637662073363395532e+00 1.489894586153509781e+00 1.680044704671243005e-01 1.380537152227909070e+00 8.136386499469780986e-01 -6.846582650536036097e-01 2.192707782942858452e-02 -4.904564782167667447e-01 1.273842375758046375e-01 6.838844504183027029e-01 -2.973036605753270334e-01 2.408260750313271914e-01 -2.389519399014575218e-02 -1.780042708315124067e-01 3.668617289121626768e-01 3.483471557347770364e-01 -1.280377073273678001e-01 -2.428193190127970746e-01 7.266629354285852882e-02 -1.508650767226144274e-01 3.435668363213935095e-01 4.049283700375722050e-01 3.904468544424495868e-01 -1.515731552116017511e-01 9.164912106696287974e-02 7.258302230531454846e-02 3.119706688865394109e-02 -4.668659119206651775e-01 -1.883402003029832628e-02 -8.332463081900337576e-02 2.901969475418344491e-01 -4.563480171820377684e-02 -1.380534781380479414e-01 3.087748990956973305e-01 -2.253479979029193725e-03 -1.051670564768961147e-01 1.237341050844845414e-01 3.747369601456190802e-03 3.596508818253996154e-01 -5.817398428256063125e-01 -5.630035284751706559e-01 -4.307094572540121069e-02 -1.477069434237233692e-01 -4.740214205264765002e-01 -4.465487063724553618e-01 1.096718574390570966e+00
1.025806552947150507e+00 1.274802313504109774e-01 -2.469352189115744167e+00 3.170872307351050079e+00 1.769495708147881485e+00 3.679261755348411933e-01 3.412348138961751043e-01 1.756932238300587201e+00 -8.367282613078026454e-01 6.280010129021388332e-01 1.245525254494088963e-01 1.370462460005168248e+00 5.493838670821273862e-01 -1.032500930555380503e+00 5.413993655263771299e-01 -5.781031942857000477e-02 -3.681189004729082392e-01 1.899635153243692531e-01 2.982786688360957728e-01 -3.806685327271750463e-01 -5.723937062755986016e-01 -1.680867788795847861e-02 6.210063942680181526e-02 4.582292085148617078e-01 5.042911038754122055e-01 8.722305495808435616e-01 -2.764571173561311546e-01 -3.426261281475512926e-02 -1.088417093797813262e-01 -1.258228459867289928e-01 -8.969743831054058369e-02 -5.294848809596006678e-01 7.218933636175606239e-02 -1.114931174383321233e-02 9.746794693719157410e-02 -1.941905725821371498e-01 -1.309102493556619784e-01 5.478751362959022320e-02 -9.649353185235587382e-02 1.289767822438021294e-01 -5.711421852525164211e-02 6.358812698656648443e-01 -5.175936528256452895e-02 -7.828534950695191785e-01 3.938370796834745891e-01 1.174919132567827429e+00 -4.587785340733130934e-01 -4.831597636067409551e-01 1.204461387734736544e+00
1.120917020606769121e+00 -1.784501056578785549e-01 -2.570249151382829833e+00 2.558282886429277259e+00 1.202034518546774455e+00 3.313829703215546152e-01 1.488418080697364365e+00 8.021288571113731614e-01 -6.811304123873999083e-01 2.590728831913132191e-01 -6.763292206825883834e-01 1.883249667601557542e-01 6.785362939049265352e-01 -2.369335848324606308e-01 3.748217481466044332e-02 -2.630755715861454735e-01 2.802344347982035910e-01 1.479817258579160799e-01 8.663966745045411644e-01 -1.359922689850209254e-01 4.987213440998770619e-01 -5.152817929905655070e-02 -4.201796512142425000e-02 2.793267872882558844e-01 4.603931097876773348e-01 4.714823841171753016e-01 -7.922858789346104436e-02 2.367329645165762442e-01 -1.887569553631600061e-01 -7.664948837483288868e-02 -1.759604280146151722e-01 -1.396558586893187348e-01 4.394856614430926456e-01 2.888703614413316578e-01 -3.634609860841851448e-01 6.900909512007395719e-02 3.626793049007795977e-01 3.658942535344992253e-01 3.099379344470789555e-01 -9.911490115936481826e-02 -1.982176735134319190e-01 4.524606540127122933e-01 -4.584017601789716068e-01 -6.099626093354004741e-01 -9.917052089851718932e-04 -1.302046182706896871e-01 -3.462972940061887495e-01 -4.906134745190962043e-01 1.153191379052941112e+00
1.128726188664858299e+00 -1.300023214433430607e-01 -2.602154525853868527e+00 2.601508296332101455e+00 1.342306013606212822e+00 3.160257507693857715e-01 1.460545955997564427e+00 8.382598750023534384e-01 -6.609225042621319490e-01 2.876397011011687654e-01 -5.718738006909086513e-01 1.272039516094296829e-01 5.691045906079131855e-01 -2.265858298981104912e-01 6.570019713508967740e-02 -2.795117988127836517e-01 2.923684772899063922e-01 1.382497752373583466e-01 9.060044566203698801e-01 -1.898050248422479824e-01 3.962140078480555494e-01 1.550524443198458835e-01 5.799036625468761974e-02 3.334296643189789133e-01 8.227572561790772454e-01 3.890844221931801239e-01 -8.644035912120280607e-02 4.146513341009951392e-01 -2.674138987342867813e-01 1.928426332186216133e-02 1.969550383189741516e-01 -1.216735073480333940e-01 3.760810661352026463e-01 4.597162606933384299e-01 -3.095823927492296068e-01 2.110382337966117128e-01 1.027087621331057993e-01 1.742878501724850204e-01 4.913777102482191905e-01 -7.524822624822311012e-02 -2.389413113263780530e-01 5.549725016546322998e-01 -3.697195386350938806e-01 -7.282858937825951173e-01 9.694457170733694618e-03 -1.537461141667358921e-01 -3.432841582516845125e-01 -5.150669343589029392e-01 1.099413950142715590e+00
1.227057899767151739e+00 2.357917064925230122e-02 -2.764787451714432631e+00 2.941136658531255055e+00 2.508509581891547491e+00 -1.170621495170856841e-01 1.034712071276161272e+00 7.970841790464936460e-01 -8.608786825739235260e-01 7.034424412950834871e-01 3.278497966736099167e-01 2.575039888469119256e-02 -6.309998975342612226e-01 3.482569432558048628e-01 2.573955693841146197e-01 4.584552195015542675e-02 -3.470663140149718995e-01 1.978129841515496590e-01 -8.433662258294766234e-02 1.302909076194151139e-01 2.561678270606010388e-02 4.147915883462725550e-01 -1.242239941533412606e-01 1.137309935985302278e+00 5.266987230676839493e-01 1.075776013992807867e+00 1.823299417719284610e-02 4.331604556321785177e-02 -2.131758763028756554e-01 -2.375200020408261073e-02 7.245535700727309680e-02 -7.341280700740735465e-01 2.912117297173877351e-01 -1.122001434680541809e-01 6.389605354612470922e-01 6.181021886214067562e-01 1.186795199969273851e-01 1.573178845949221027e-01 -3.735296176004634372e-01 5.236696301768931638e-01 -3.042046819572612470e-01 1.192557957238258748e+00 -5.171836763532380310e-01 -1.267178995075389336e+00 -5.953394613836735516e-01 -1.090692219713692013e-01 -5.480040536484567237e-01 1.208444552791173576e-01 7.817269373728321646e-01
1.101668824073278152e+00 -3.240850700192274281e-01 -2.578287055266372363e+00 2.872719479658715880e+00 2.096098942427938816e+00 2.323466250572502334e-01 1.155142676007909985e+00 9.361750094719685222e-01 -5.438306513544728382e-01 1.858954808927261171e-01 6.436543095274829818e-02 4.414256939210724207e-02 6.431384205756802697e-01 -4.089225141087658444e-01 5.210887783870877810e-01 -4.675465144036976273e-02 -4.020760837242755015e-01 5.199249143765352077e-01 1.276930572501479011e-01 -3.306049147367029484e-01 -7.239929652447523178e-01 7.893084066555777767e-02 -1.956150176843731991e-01 5.607784688703572051e-01 8.322656488596504865e-01 7.617909193245995247e-01 1.793600850744131447e-01 2.550182191512988528e-01 -8.394949979881585755e-02 -8.684030958825725288e-02 -1.267805486689810024e-01 -7.728530813165147562e-01 4.978776232172781313e-01 -1.551262661173354873e-01 -1.664148284134699951e-01 3.184397414277309601e-02 1.477924722452856887e-01 3.467208193003973316e-02 -1.710799140231182847e-01 -2.786543904483697043e-01 -1.285427606552285995e-01 1.149490878358194745e+00 -3.923483901156341602e-01 -3.861420807286046197e-01 4.408250540856316624e-01 -2.546054985210161048e-01 -2.561005957123088650e-01 -2.487772467955798317e-01 7.021818212412838101e-01
9.381621534165827114e-01 -5.774452193065306993e-01 -2.474753259673352801e+00 2.390200877640410670e+00 2.688002788898877782e-01 5.795812139080127601e-01 1.796853532955340560e+00 3.528028004721743827e-01 -6.266718420391026445e-01 2.619299806285399490e-01 -1.672939776990552296e+00 6.005239863095708230e-01 4.003936810269115298e-01 -1.146705777402330928e-01 -6.018120108393941736e-01 -1.644963356692957790e-02 -1.550827449631201060e-01 4.509034726705501983e-01 2.326060907556007917e-01 -2.501679297033623239e-01 -1.384754549885508501e-01 3.000399092716114491e-01 -4.401911538588691997e-01 1.527206319111761856e-01 3.778697333011004633e-01 7.435138709620181530e-01 -6.162999703183861255e-01 3.878420334512363565e-01 -1.595768797300121111e-01 3.531994606852059126e-01 -3.866899890447312860e-01 -4.637335393397241656e-01 -1.479229488403598913e-01 -3.169477266938924287e-01 -1.911032806697445241e-01 3.628312748930079268e-03 1.481903204715508959e-01 2.496679193215345094e-01 -5.082677877138419564e-01 -2.382346914446497044e-01 -1.353513417639592709e-01 7.687554971040353458e-01 -2.368675292820645595e-01 -4.341571605208133788e-01 -7.996121590941063229e-02 -3.455547331482538009e-01 -3.402595681419969265e-01 -7.171006797346043404e-01 1.268810813266286752e+00
9.060580304976806332e-01 -5.879997293054535223e-01 -2.560327731602754397e+00 2.056226451620104534e+00 -4.189566498926489135e-02 6.092264977027512796e-01 1.701172357194357110e+00 4.145968309885070258e-01 -6.157370433510953589e-01 4.088040042844139077e-02 -1.638871920455645892e+00 4.372377513480709132e-01 9.013637618245864958e-02 -1.526002902470880440e-01 -7.448798666732011631e-01 4.200534620228860150e-03 -7.744769860445097076e-02 7.841634190379074276e-01 1.752661863753176563e-01 -6.335726342970013358e-02 -4.541896183005375010e-01 3.983787407825203908e-01 -4.749816748751940487e-01 -1.925029089453206277e-01 1.243040282480681186e-01 7.421429825215477560e-01 -2.788063748273929554e-01 2.872321105795740959e-01 2.936480287779094089e-01 8.439218577276824673e-01 -1.197334683708403957e-01 -3.460827549078476228e-01 -1.547716244418327891e-01 -1.025823200246652744e-01 6.886149698759891358e-04 5.998154999256513631e-02 -3.257454114438451120e-01 2.258798693747849085e-01 2.377498477949793743e-02 3.060206158526565523e-02 6.682386511815965879e-02 5.849053306096370086e-01 -1.823951783665842541e-01 -5.564089111687706701e-01 -9.115405750051608358e-02 -3.548043962039924004e-01 -2.264056069544781447e-01 -5.265953102193313695e-01 1.206920972246006363e+00
9.170813316671697635e-01 -7.087499336960166874e-01 -2.449361354902492405e+00 2.527211583024583152e+00 3.180303407505709057e-01 5.463404704913821242e-01 1.555493256313855932e+00 1.489512726931894460e-01 -7.988296126169440736e-01 -9.392099415803101259e-03 -1.673569359670104006e+00 5.657023831709641071e-01 4.280648415503019999e-01 -3.157675206186812411e-01 -5.018523211293658415e-01 -1.727329635137420660e-01 5.537020763824062053e-01 4.734993295530803281e-01 -8.691353323631206829e-02 -2.521494019988434476e-01 -3.592889072335382628e-02 3.275339375740562997e-01 -4.902372768850293827e-02 2.538683604078151301e-01 3.247213145265795964e-01 8.061795323261122803e-01 -5.696208514300656889e-01 1.752285359960579492e-01 -3.692761211656228060e-01 3.921899285560678239e-01 -4.099954872504273373e-01 -4.883516172677271339e-01 -1.105282032673596260e-01 -4.889260821973592797e-01 -2.608405065916074572e-01 -6.036294293695307345e-02 3.505644887874588833e-01 2.051486595594246010e-01 -5.764698680322468682e-01 -1.096120179138093814e-01 -1.930293828623235453e-01 1.015195486799710611e+00 -3.295109541803178388e-01 -3.900904702292972703e-01 -1.622923481090743358e-02 -3.915966968702472295e-01 -4.364879644415125548e-01 -9.322022052865669428e-01 1.223992921703052073e+00
1.156274125981642698e+00 -1.374899769707615960e-03 -2.742828616673576025e+00 2.793959279394937933e+00 1.939663270230557179e+00 9.365913985200968739e-02 1.181112857493813895e+00 9.336122886587931990e-01 -6.368244593455157920e-01 2.185235092643504351e-01 -1.824239447648852430e-01 -4.210992655369544257e-02 3.291165994668041606e-01 -3.383283990710211353e-01 4.595430599407474004e-01 -2.212434189630082260e-01 -9.386939773739107207e-02 4.634716941773017740e-01 3.398472790797666399e-01 -1.784603750142626233e-01 -4.682227449753161852e-01 5.640230758212601003e-01 2.014507278042654281e-01 4.036923466131762117e-01 1.247218880081198522e+00 2.108441877376104334e-01 -4.980167719222508560e-01 4.709957101038383387e-01 2.889727857626818164e-01 2.597718581371993296e-01 -5.513126178923420939e-01 1.955733678530048314e-01 5.613674763044057547e-02 7.126648001515178965e-02 -1.924442212550107612e-01 -1.899641133939063142e-01 -1.427351319873105262e-01 -1.930471810302437363e-01 1.595120398803134276e-01 -3.473725255184476057e-02 -2.345691117810878856e-01 1.169210325182067134e+00 -6.538438897718049647e-01 -4.253743821783181889e-01 -3.199682767847622511e-02 -2.590400522936470717e-01 -8.299733410654035470e-01 -1.088985774410763163e+00 1.061588588043687054e+00
1.199075591644914951e+00 -1.018838344302160914e-01 -2.758917137408947617e+00 2.893803097696098892e+00 2.023825114021440719e+00 1.366811871863236050e-01 1.055285741070364658e+00 1.018504568152348577e+00 -5.476495492266150178e-01 2.889662021824818128e-01 6.583020064615474620e-02 -9.969851155021257350e-02 5.833329321190983130e-01 -5.223653359823905440e-01 5.690437740061154992e-01 3.913493717153632145e-03 -3.462649067808282743e-01 3.528739857695560311e-01 3.306220561764098287e-01 -1.877900948934890235e-01 -7.486395438318349527e-01 5.729876014982165922e-02 -1.631445491923198821e-01 5.021641722239502670e-01 6.468389614579499458e-01 8.895923283050493069e-01 -3.418710279856224110e-02 3.304858053700463483e-01 -3.686612290524152735e-01 2.178726832725006446e-01 1.985608832786832922e-01 -4.556187499191205470e-01 4.393691487838549126e-01 -3.437825528427546629e-01 -9.737626494780382558e-02 5.731941140582846872e-02 2.629362773982155677e-01 2.253092983427764373e-01 -9.912594168305249864e-02 -3.400083207757055859e-01 2.289212223139831803e-01 6.464642214329319181e-01 -3.051584181816826558e-01 -8.335779157602600797e-01 -5.314835165971160125e-02 -2.080825016370919378e-01 -4.930149323542462603e-01 -4.768586670861040266e-01 9.983708207848189797e-01
1.319423064556024983e+00 2.200417005922927771e-02 -2.587931078577342170e+00 2.677942601687415713e+00 1.742341309983873598e+00 2.281283320749357690e-01 1.000419077678737390e+00 7.914611950246362992e-01 -6.637133570869953036e-01 1.862351744273060827e-02 -3.553299415158495123e-01 9.897742247535509796e-02 6.149869064388989726e-01 -5.405600300960831106e-01 1.573437557222621574e+00 -7.201640598204184229e-01 2.806192510379099114e-02 8.267751213117009446e-01 -6.051478215915345737e-02 3.936948790727298753e-02 -2.716208166370679411e-01 1.009579018247752646e-01 1.481263296840399368e-01 3.548903966226965023e-01 3.934820210570579846e-01 7.681437398401842476e-01 -2.089753362849197660e-01 3.041444666181304379e-01 2.106278804675861260e-01 1.208773178810733928e-01 -8.153314833653032556e-01 -2.804232587430011137e-04 1.944854070876732566e-01 -6.177683742572775971e-02 -1.413073642890334269e-01 4.857969363234448945e-02 3.121678314718054348e-01 -1.229791247720478792e-01 -3.976052010319840457e-01 8.880180480589430769e-02 -4.441194139298334509e-01 9.913418810153920013e-01 1.547298869405064892e-01 -5.538660677423443701e-01 6.571802936505721782e-03 -3.036803797069135835e-01 -2.458945749773907008e-01 -4.703228369538031695e-01 1.218181926852012875e+00
1.219643250872341156e+00 2.006363864943705444e-02 -2.744616546932804102e+00 2.849451009754885522e+00 2.395006578228920269e+00 -1.277495077146963975e-01 1.059579383882202963e+00 6.772495967164806618e-01 -8.728644208680339522e-01 6.436954465290910532e-01 2.849519978936746467e-01 7.574240453972108482e-03 -5.804255680991620148e-01 2.796405679415482903e-01 2.562199177732528699e-01 8.402840281728451988e-02 -2.540400445717383993e-01 1.164009782694663125e-04 -1.121923783967592181e-01 1.548253642852124023e-01 9.577675842448166166e-02 2.471741091412097413e-01 -8.889625975398388058e-02 6.953838056196409712e-01 5.313484773737389699e-02 6.707757418571653751e-01 -5.693866521683002002e-01 1.259026394926312520e-01 7.447078701196072070e-02 3.192935664203035429e-01 -1.320462136270815989e+00 -3.941768119251759517e-01 5.145151894409590865e-01 -4.220696245892661680e-01 -2.055991229385568109e-01 -6.461840964568039691e-01 -1.132152751762492138e-01 2.258302183186640943e-01 -5.567821299736075424e-02 -4.463155009454680688e-02 -6.764899951656824784e-02 1.047612385606261132e+00 -5.780646613457574023e-01 -1.314125976682407160e+00 -4.431110849942774266e-01 -1.180200550813601951e-01 -4.255553562359983277e-01 -2.271588560736061968e-01 6.423771002771938576e-01
1.032919818517601840e+00 -5.715075964417482002e-01 -2.867669807098721435e+00 2.180249587099323261e+00 -2.029459117627934461e-01 2.341814320955876161e-01 1.207766451332181967e+00 6.895639173779399833e-01 -1.593397979511325335e+00 -5.135630634516999971e-01 -6.741239424233075317e-01 -1.775142316770931816e-01 6.498610443204820841e-01 -4.211514018102591739e-01 -2.677974743521376322e-01 3.470250348684984498e-01 -4.458701651397797838e-01 3.915161147612355452e-01 9.443255280177892397e-02 -7.241840184754536058e-02 1.030831872681151395e+00 1.287540410738632346e-01 -2.893418542141058536e-01 5.455608658318933379e-01 4.812462922200250182e-01 4.855643060778563891e-02 -2.590142895226738018e-01 -1.581837950856521402e-01 -9.795826135571564230e-02 4.502949259469172794e-01 -3.109495503806108951e-01 -4.488721981534773975e-01 1.372008394512485574e-01 -3.961783486494008244e-03 2.167573784391630398e-01 -2.622519116698163177e-01 -2.533029486215127024e-01 2.097856260754732138e-01 1.078867253164434992e-01 -3.890711116356557198e-01 -4.910519293680828956e-02 2.173507093249447131e-01 -9.242734767658333794e-01 1.981931336537685051e-01 -3.657107390161383198e-01 2.183724876881787402e-02 -7.474674626663906363e-01 2.512701042945783003e-01 1.469834069856783554e+00
1.139734300174765735e+00 -7.249844491318450102e-01 -2.474120816213034146e+00 2.466556614875920150e+00 -2.467615526826268391e-01 4.415816503458809272e-01 8.611863490800182319e-01 4.946783750474671448e-01 -2.256539205307411144e+00 8.621920937091392956e-01 -4.105497985259886073e-01 -3.667172234113358353e-01 -8.378472823604528052e-01 7.850905546331687912e-01 -3.421957162117800211e-01 3.577908665280429279e-01 -3.294530622468896386e-01 -3.471913499724553487e-02 -2.966720747183393403e-02 -9.414272827765021723e-02 2.437293269724021827e-01 4.527118674467808801e-01 -6.492586306688005737e-02 1.244734406771003998e+00 3.427888748466604296e-01 6.274164683902887507e-01 8.933975992490604534e-02 7.991071108524425148e-02 -2.594106609542061737e-01 1.828845303444378845e-01 -2.274906356155381448e-01 -4.628077503415982674e-01 4.192909575113180631e-01 -2.464417380624700504e-02 2.371411325889882238e-01 2.752134613639377614e-01 -2.504207591918788944e-01 4.116490743365995852e-01 -9.581902008055237507e-02 4.236919436405363060e-01 -3.964890300108888654e-01 9.879954390496101801e-01 -8.166882185615882417e-01 -6.728780129968183754e-01 -5.873360117983360551e-01 -1.171064621327133626e-02 -5.296997858939438419e-01 1.638504119185285601e-01 9.465749000654510859e-01
1.103905744711736858e+00 -4.999308356246926488e-01 -2.229135331367531947e+00 2.229451992461943366e+00 -1.275616666706383406e-01 8.558598647124542325e-01 1.967176822795058344e+00 8.007345538800961782e-01 -9.875517255082317813e-01 9.771311454919111572e-01 -1.051022306765749814e+00 1.303597951541670963e-01 3.361659774507781417e-01 3.784508242253065702e-01 1.531096783370029524e-01 -3.263555359983338899e-01 7.424847532034917208e-01 -3.319667008437473532e-01 1.467114110879952360e+00 -2.044417360768673586e-01 5.053600147463727099e-03 -2.440576596440889312e-01 3.776849909970838581e-01 7.277518022346254334e-01 5.832529271181128294e-01 1.603714862006700437e-01 2.867169605882145811e-02 -2.026754941062863524e-01 -1.293738571370615098e-01 1.471900480040987669e-01 -3.126910541887714112e-01 -5.429095551505114248e-01 3.258246948355999484e-01 -2.604228733692745545e-01 -2.472937632043222256e-01 1.742213915493162624e-02 -1.798216554962020763e-01 2.141614942591195392e-01 1.075017027449073903e-01 -3.385172425891306291e-01 -1.319373721188874804e-01 4.752808163417707732e-01 -4.089433567243478951e-01 -1.988607986971702157e-03 -5.368163095802525042e-02 -5.452170258653890600e-02 -4.647317817193377665e-01 -3.866547165911763950e-01 1.281482762495797179e+00
1.060733831420226814e+00 -4.926182006743725639e-01 -2.653437423165257769e+00 2.218157092413842069e+00 -3.350722043359812274e-01 4.396337598030659599e-01 1.297237825049205595e+00 5.992951415596358133e-01 -1.851297792530730124e+00 2.395291716185063979e-01 -9.204616362932392937e-01 -3.223506956284701852e-01 -1.367935657674537175e-01 2.106077869978588424e-01 -4.462568262938276797e-02 -2.092154034137688190e-01 2.301524036037324306e-01 2.183506434870142454e-01 5.432173489862451854e-01 -2.393843346400386651e-01 -7.021938518381187766e-01 8.740064915329677220e-01 4.320002781616331111e-01 3.134009405582145469e-01 1.520459261455693767e+00 -3.052961995077027035e-01 -5.438131161245232104e-01 7.109009458347319566e-01 2.707433103189971768e-01 2.229489542141941394e-01 -1.101778723075183264e-01 3.959347733853387785e-01 -2.200254513280641699e-02 -6.749436487775384297e-02 -2.247503719315360748e-01 -3.270654453355602564e-01 -5.676650259023389156e-01 1.994370236445178468e-01 3.014500143291801715e-01 -2.252022929513727567e-01 -9.694594136000914131e-02 1.006968957827579114e+00 -9.875148431957028183e-01 2.459492934987946855e-01 -1.503816982271493075e-01 -1.378405156302112966e-01 -9.782077569541163253e-01 -7.125364325038460178e-01 1.307658931175217365e+00
9.933582941651462050e-01 -1.347423041486581208e-01 -2.730963815412189355e+00 1.830877527678813177e+00 2.743103648961986440e-01 -1.863519768049964886e-01 7.856552136705319267e-01 6.496348944861436436e-01 -7.959683281047420511e-01 -4.911581114753388322e-01 1.097255815378072180e-01 2.451391959022816425e-01 1.022373628112984156e-01 -5.356129405409180144e-01 -2.159180954675738173e-01 -1.060981215801385380e-01 5.500130470270647720e-02 -6.170971898585254634e-01 -8.214522587935163545e-02 -9.437393850777714421e-02 -1.237746574639508323e-01 2.196123780067094078e-02 2.207383835147884721e-01 -9.891356335516342524e-01 -6.425217976639545636e-01 -2.338032065057840114e-01 3.448782171483814607e-01 1.517558081794446456e-01 -6.708493067533187748e-01 -5.343678081224451093e-01 5.824544346294522335e-01 5.414914487890979400e-01 2.391638977447952952e-01 6.743568965129703718e-01 -1.587840615472859707e-01 4.340209450587286799e-01 -1.385293831160867295e-01 1.482740746192820480e-01 9.568958372576108484e-01 8.100027350616731403e-02 -1.601670783295177369e-01 -2.412660399620141227e-01 -1.229448839782642411e+00 -5.102579849842614479e-01 -1.111586604869967965e-01 2.841739312377226101e-01 -6.564502209518205955e-01 -5.470437305267202843e-01 7.493974444995983308e-01
1.009607734071930274e+00 -3.373222342843066324e-01 -2.855542111401672578e+00 1.951757084125370856e+00 1.417060125819450400e-01 -2.869312021605849305e-02 7.111718582286452595e-01 8.664132216289128774e-01 -7.887875324408383237e-01 -6.055471523579954995e-01 3.428507834202036419e-01 -1.109403038536855776e-02 7.770920157380950544e-02 -5.881693941281216365e-01 -2.249236664442147426e-02 2.447704521734435923e-01 -1.048600805491596288e-01 -6.936066758856889169e-01 -1.349448839184654858e-01 -7.051459387653405408e-02 -3.433968283383034281e-01 1.160446024742403659e-02 1.524382694799178151e-01 -8.021043385984789609e-01 -4.892858735320433916e-01 9.596537045263014987e-02 4.796239382011780461e-01 2.617592158503877497e-01 -9.755933195692693127e-01 -4.760582305547606530e-01 1.094481653241121899e+00 4.842716665704719370e-01 3.545367893944039173e-01 5.302626433070805057e-01 -2.634789709835563820e-01 5.456205615508575857e-01 -6.342452063529487039e-02 1.054173822999689980e-01 9.573556359393587956e-01 -2.830618772989303422e-01 4.004141827345250038e-01 6.741031937515140626e-02 -9.405159963293409087e-01 -7.700564589158651607e-01 -1.241096617290551873e-01 2.417258352500752938e-01 -6.407868013237361104e-01 -5.887775283194146558e-01 7.126390132751160289e-01
1.757704360583517200e+00 -2.415535426284284082e+00 1.447205373108550797e+00 -1.508058327651435881e+00 6.832507834671665004e-01 -4.763893963345687821e-01 6.150787750099036000e-01 1.015227664186105994e+00 -2.874242709798133788e-01 -7.252977859602286470e-01 -3.443079747303919858e-01 5.582185002394269846e-01 -5.006061637679468102e-02 -1.157928547318283208e-01 8.943669917001644265e-01 -3.775922235619753042e-01 -1.175960263429977726e+00 -2.737478791295597930e-02 4.903546199139756645e-01 7.267065620897675271e-02 1.491279729093982986e+00 -8.444208483402884657e-02 -2.190993743158804741e-01 -1.121803153606304448e-02 3.494410375474201191e-01 8.497912788244005311e-02 -2.426915877799117882e-01 1.223716273461425696e-01 7.096068902296331915e-01 1.086624112043814705e-01 3.594183509079895700e-01 6.421572988411872185e-02 5.674165403174354916e-01 1.683979161427627824e-01 2.165332016812414051e-01 4.188390608146063121e-01 5.699368723380002777e-01 -3.158320242732090000e-01 7.296917948379544328e-02 -6.236521987063952110e-01 -2.433653818181708839e-01 1.416859058440818497e+00 1.469092714139599298e-01 3.478033951744348706e-01 9.363978714244460821e-01 -6.043968944097621865e-01 -1.803306509885783115e-01 7.695191922929048856e-01 1.662339959224113928e-01
2.873486016476992866e+00 6.368711874832527764e-01 1.500108443013903337e-01 -3.142592951049241190e-01 -6.340164389725653216e-01 -2.217769554513123742e-01 -3.423761662406791806e-01 -1.696490163116906313e-01 -6.854903521410228295e-01 -8.076412866175026739e-01 2.113309966090475833e-01 -2.424539496607329148e-01 4.292461091944560492e-01 -6.405822220156842661e-01 -3.081541031579794199e-01 8.956955235836672191e-02 6.648255930353317300e-01 7.073763032392377248e-01 -6.643950386082309034e-01 1.013158550607726194e-02 1.386031453111139511e+00 -1.030198734502051905e-01 2.543226090341410561e-02 -3.889816936047265500e-02 5.834522275294490301e-02 -8.747273260977195264e-02 2.157174091938224292e-01 -9.783927727839458743e-02 -3.719875193221422460e-02 2.239702689000130365e-01 7.285364640501759692e-02 3.367966245414244497e-03 6.232164708947063314e-02 -2.439667807596662685e-02 2.349691432570770178e-01 5.895708472764310537e-02 4.303640801128489346e-01 -1.766761783352296944e-01 1.831381556638426722e-01 -4.596065091960336302e-01 -9.989547376726723438e-02 1.070727465066284356e+00 4.387267218107457900e-01 6.707055098141795346e-02 -9.009757110693367155e-02 -2.321961736987038505e-01 3.086812200163287501e-01 -2.415216464399042029e-01 2.292735332647348190e-01
2.668622176290729620e+00 7.104946473677619112e-01 6.229175019027000104e-02 -6.732053369304576984e-01 -5.738750223600852518e-01 -9.279294825222775267e-02 8.044060075509235075e-02 -5.114899551660978538e-01 -3.752682557795736784e-01 -9.048048028837135659e-01 -1.675499871144660313e-01 4.302317839438993263e-01 -3.989370264876500594e-01 -5.261982237298510334e-01 -3.162194415858738950e-01 -9.300505524470860375e-02 1.123292335568474076e+00 5.950700597693682203e-01 -7.433797049379261557e-01 -4.767927090878844032e-01 -1.758435580808987431e-01 -5.015417069556695751e-01 -3.233491117837149487e-01 3.282005482420430331e-02 3.137698987431720710e-01 -4.869484620264057373e-01 6.493118972465965477e-01 2.841631984809245282e-01 -5.944586258295406767e-01 -6.484879256517577240e-01 -5.143761284919657895e-01 6.404165031939712538e-02 4.439471928001499368e-01 -2.287721070345351548e-01 3.131384097153930290e-01 4.086424976600627756e-02 4.011220548196540725e-01 -2.576831439151019421e-01 1.173589450382059862e-01 3.318441046240544479e-02 -1.145219070803604466e-01 9.187962443033526050e-01 2.681211391257201093e-01 1.685392537257450196e-01 1.334985705383031629e-01 -2.046588751170101694e-01 1.994633876090940450e-01 -2.838301047745328543e-01 7.985130533187470570e-02
2.872528506304398377e+00 6.846650075637864541e-01 2.623850686074498118e-01 -4.021309849927658941e-01 -6.953627381221524351e-01 -2.770482315999740486e-01 -4.424667825217818429e-01 -3.230025562636175129e-01 -1.024397344222703898e+00 -8.141348744175603835e-01 1.559741193905352652e-01 -3.335287277189581956e-01 4.297178570564184064e-01 -6.383055302248088481e-01 -3.334938490579539838e-01 -6.572009509388540560e-02 6.759743970551957970e-01 6.492813400852521788e-01 -6.825888749245804243e-01 3.400486602942537351e-02 8.787899700377050927e-01 -3.879357066962355050e-02 1.011115258961449020e-01 9.010817262633519231e-02 5.001133877269864358e-02 1.726021720259149350e-01 2.028933320048367794e-01 -1.264940483754166678e-01 2.412020845616527631e-02 1.910086416639049101e-01 -7.949402914967010347e-02 -8.307355520778103575e-02 1.943038209863046095e-02 -1.433902162015252002e-01 1.677404002701977093e-01 9.492819721916696818e-02 4.816917399288958568e-01 -2.546927614634894033e-01 1.645514806070659253e-01 -4.875523505051552187e-01 -8.651967031319005019e-02 1.062088506509172081e+00 4.488047223763986793e-01 6.886552443742244289e-02 -1.122966215977269089e-01 -2.256654706148693568e-01 3.168152839307890600e-01 -2.234982111643723512e-01 2.341946900123429431e-01
2.805323351806174870e+00 5.677410402466663841e-01 1.533615984813703204e-01 -3.365829883308411041e-01 -8.715156094256004682e-01 -2.399515940786451362e-01 -2.487162831196929880e-01 -3.140850799125900483e-01 -9.994732483767584386e-01 -8.775882343640334371e-01 3.704519145926253865e-01 -2.882050307650598220e-01 4.288340194386188742e-01 -7.822704559978954642e-01 -2.511075753764778762e-01 -7.902748373713014418e-02 6.742265373181429711e-01 7.607915954458375207e-01 -7.507826707096868502e-01 1.210950916533573285e-01 1.245156189484076803e+00 -1.133398698792082993e-01 7.003731697144563451e-02 8.215363618115031907e-02 1.153716120594393685e-01 1.248455719450944357e-01 1.492400140316780255e-01 -1.706752450663930332e-01 8.942095017429632642e-02 2.760849583421794984e-01 -1.746866176076654342e-02 -7.728095959996672537e-02 7.506232052320949144e-02 -1.421207698950225917e-01 3.035038694257024550e-01 1.372951913848128869e-01 4.881986039363920837e-01 -3.041145608729979855e-01 9.027495808784152809e-02 -6.011770337298903977e-01 7.880792023242874644e-02 1.118325242070141723e+00 4.432123896189679169e-01 -8.147328645513285394e-02 -6.416558277541745126e-02 -2.459781762319383225e-01 3.689247185441102417e-01 -2.780372945187133404e-01 1.238038455031639229e-01
2.718023999168226013e+00 9.271738531719445620e-01 2.373546957152166126e-01 -6.687162943771127743e-01 -5.667740402384940923e-01 -1.931323280741492066e-01 -1.726886418065323725e-01 -5.941525596071521864e-01 -1.009745892649537069e+00 -7.481630862774684143e-01 -3.799680601292269033e-01 2.861423630760662196e-01 -2.332165716357268714e-01 -4.070029351200359913e-01 -3.133419589188068954e-01 -3.054635299196323817e-01 1.032196650859865006e+00 6.659865613740418855e-01 -6.340492455625340584e-01 -3.473517754442965177e-01 -2.854395927515749332e-01 -3.530404836262990287e-01 -2.267043210626883687e-01 1.335415708730648410e-01 4.145487071160695036e-01 -2.259975721299600782e-01 5.172652414140942456e-01 1.257600709743696699e-01 -4.355491451936818192e-01 -4.710654775987408449e-01 -4.995915870795288871e-01 -7.953532301058552356e-03 3.267431290447048164e-01 -3.190447993097086932e-01 2.447517236721318823e-01 -9.571073324063927856e-02 4.043671487264116071e-01 -3.691437849589014608e-02 6.573116124599182042e-02 -8.428504843709662409e-02 7.128983869242802585e-02 9.686278058630590770e-01 2.895227404508362579e-01 4.637611206783781581e-02 1.555195774766775507e-01 -2.075833189165553483e-01 2.340496480515468769e-01 -2.980625970331852170e-01 -8.237388317966807399e-03
2.872722109244904232e+00 6.923749311242698434e-01 2.621171588112469752e-01 -4.003537545720805557e-01 -7.377393161523950749e-01 -2.844932598656048084e-01 -4.599126770709806022e-01 -3.586344443654470582e-01 -1.086020535030143952e+00 -8.180192352587704052e-01 1.688941013272717839e-01 -3.532518698341597929e-01 4.613427985048893509e-01 -6.262078680942568809e-01 -2.190374514111244342e-01 -1.435285127219787793e-01 7.200348335209686423e-01 7.238542168659556353e-01 -7.460638299808903806e-01 5.858872656052596661e-02 9.431333291999399737e-01 -9.811912014807400162e-02 1.495815701007943699e-01 9.309820446761946089e-02 3.521636246499554312e-02 1.568267994683320565e-01 1.582667250678599369e-01 -1.045254861717187789e-01 1.601979369079495341e-02 2.338809808511176924e-01 4.577950113590772974e-04 -8.731761160813023004e-02 1.020373029290703171e-01 -1.232476769974694131e-01 2.017460144455282545e-01 7.964457350911696709e-02 4.658879599180342779e-01 -1.837086429547384325e-01 1.375674609298142559e-01 -5.052603829885352615e-01 -8.108156381579076366e-02 1.126470010900570085e+00 4.565312637005138896e-01 -6.261130468895953483e-02 -7.708688186481221782e-02 -2.466642427106755797e-01 3.672200515435001256e-01 -2.553800489332370138e-01 1.388699675299802927e-01
2.865220815672688381e+00 7.268629405496579432e-01 2.840857586153153758e-01 -3.028393308316386090e-01 -7.923058839374722551e-01 -2.441052409209552021e-01 2.281551763239886288e-02 -1.940483702832625779e-01 -1.209464691771511724e+00 -4.366064052579335941e-01 2.869374111816941353e-01 -4.293613881346220462e-01 4.630990836179376124e-01 -3.638662744547941919e-01 -4.488009605228118759e-02 -3.289430039005888928e-01 1.395793968716231737e+00 3.464014500619814196e-01 -6.464068666492118753e-01 1.165997571729719684e-01 8.378612529061665870e-02 2.413792918268024001e-01 4.397582752403085271e-01 -1.644071638259223533e-01 -1.854025782324691396e-01 2.369952709587481166e-01 3.655092534507851931e-02 -5.357856482957595173e-02 -1.915969763081573629e-02 -2.885271517855382203e-02 4.384774587382454791e-02 3.809692438211109700e-02 -1.374979031319017442e-01 -6.338379851682534039e-01 2.900504067408621878e-01 -3.347551342830018539e-02 4.644302157538490183e-01 2.435319125216649228e-01 -3.143649239275814189e-02 7.268783207893356191e-02 4.541375662917226941e-02 1.400375055023567850e+00 7.216239171605525193e-01 -2.915448523407601633e-01 -9.959572423437867972e-02 -2.644175903951099249e-01 5.475522240091301729e-01 -2.834336651757822789e-01 1.175632186516269995e-01
2.960086531685664823e+00 8.198278291091821712e-01 6.436170057767485186e-01 -1.506101123766427907e-01 8.462812069023339934e-02 3.632700174214131827e-02 3.700078511019599392e-01 -5.748368370419153495e-01 -7.171447608895858972e-01 1.123927216149091635e+00 -2.178197534394196722e-02 9.980197061491763444e-02 -4.184236186987814188e-01 1.001185869892524449e+00 -3.845809693568534859e-01 -8.599247098361781916e-01 2.236317817860992818e+00 -1.488850170903821268e-01 -6.146476601826333930e-02 4.181205907333143124e-01 1.415945551335032970e+00 -5.638942524673036250e-01 5.006308532154370994e-01 8.866220742472722405e-01 -3.109384922056444567e-01 3.639183942289981322e-01 5.296126602701400898e-01 -3.628030726228551744e-02 -6.690224221956030393e-01 9.034705478716145710e-02 2.705264500974105535e-02 3.214985603391395941e-04 5.744068589316020379e-02 -4.728909180249569189e-01 -3.687365937641301494e-01 4.489038857838764662e-02 1.576774076670027502e-01 -2.352087018765057491e-01 -1.635537322883670597e-01 3.036689054823149547e-02 2.675648175118726657e-01 3.286112359906991909e+00 1.320733365301579365e+00 -8.665491410454986276e-01 -3.952031065335969151e-01 -4.574616845106283525e-01 9.698068915210906749e-01 2.041043739488740405e-02 -3.366906299616307385e-01
2.875333623590118570e+00 7.506073866890906610e-01 1.359603124094956872e-01 -4.604440806328948810e-01 -6.162277229202083317e-01 -5.588169363848785598e-02 -5.181101125334570678e-01 -6.921392789471160489e-03 -7.996579174059509354e-01 -7.410565190332057961e-01 -1.751487172832634498e-01 -5.767261424445159212e-01 4.067175561902554026e-01 -2.114295876019962606e-01 -4.081525482515133696e-01 5.705357317723817046e-01 -3.843190433856628063e-01 3.839994690181397496e-02 1.872452808280566927e-02 1.110452755276947479e-01 7.857011339051656051e-01 4.176024662973221169e-02 -1.630140899448595249e-01 -2.091069921134131038e-02 1.315170111135318676e-01 -1.586785664805162033e-01 -1.100188678412906129e-01 -3.931937435384854074e-01 2.181868386015673733e-01 1.105671089312044442e-01 -5.411935524059993674e-02 -2.568762791401357770e-01 4.206437512679128687e-02 1.465381513252890511e-01 2.504435955073888720e-01 -5.508652401775654406e-02 -2.969138187294891873e-01 -2.228340121204901436e-01 1.474985079454811665e-01 -3.989389674575882783e-01 1.044833959301837839e-01 6.728260484033721234e-01 -5.469594457831877810e-01 8.587426206722814648e-01 -4.937470090902595921e-01 2.167642657451972488e-01 -4.132190104479149251e-01 5.694804407799429757e-01 3.222929233750891354e-01
2.888266568245835941e+00 5.336204778517124048e-01 4.220009345229274178e-01 -3.966858393101369007e-01 -1.088085964391404481e+00 3.202554313980406908e-01 -7.599483897358716433e-01 -3.658399021302550375e-02 -1.153752405154761629e+00 2.849919980038456702e-02 -3.900359054395633462e-01 -7.369610575177931722e-01 1.414248763197985259e-01 2.854993678006716995e-01 -1.905643724773266323e-01 5.194626727560195389e-01 -3.185751403751477251e-01 -1.559892108108660858e-01 2.178861463870978010e-01 -2.206874645696189075e-01 -6.871852919992567088e-01 -2.393468177910768047e-02 1.057953423251609265e-01 1.880786178882404569e-01 1.615115979729341844e-01 -7.950360469544681674e-02 3.190557754296651227e-01 -3.303715111801368010e-01 1.605468853512029004e-01 1.493719707109581740e-01 -1.114245315162018246e-01 -1.983692329491022477e-01 2.235439191497272660e-01 2.454899720063605517e-01 4.492147590803502455e-02 1.234681614767315500e-01 -2.662580516412912934e-01 -2.129742685343733455e-01 1.459697322725858615e-02 -1.477670176431514215e-01 -1.332125486420516480e-01 9.215919207324838602e-01 -4.538996071938792287e-01 9.915015511397988757e-01 -6.024884605717328867e-02 2.757292849230653653e-01 -3.691408125663681594e-01 1.561848914329705962e-01 5.431906529806665440e-02
2.894927536160103010e+00 6.143348023891698206e-01 4.228210633124176443e-01 -3.105129698855861875e-01 -9.854926927271984161e-01 1.123876813039060840e-01 -8.282232927819956902e-01 8.883009698936478182e-02 -1.084898801616496433e+00 -2.543722753543601334e-01 8.647834951639732370e-04 -9.944475929177670759e-01 5.978985835375381086e-01 1.702444931659503613e-01 -5.704790516281585400e-02 6.145049284388373056e-01 -3.714668307859244623e-01 -2.521180940644719426e-01 3.816067666513469625e-01 -4.921950998799626276e-02 -4.217978226853907331e-01 2.326811098448449688e-01 -6.026795679448684884e-02 3.855132301270459694e-01 2.687908330853994165e-02 -8.677185723303426634e-02 1.818830153677684636e-01 -2.751473234319757322e-01 1.265268421270883403e-01 -2.581029734574066814e-02 1.083823505123845121e-01 -2.141944794992924894e-01 -5.621050352725490140e-02 3.486206190402241223e-03 -3.041382600247682921e-02 8.472563329220349215e-02 -2.267043924579739134e-01 -4.169311196570998218e-02 2.830646783733237193e-03 5.295248649595910018e-02 -3.740364765864339081e-01 1.078509393182127685e+00 -4.104613040741695862e-01 9.862813830954715311e-01 -3.230999061025050523e-01 3.209351972600402170e-01 -3.238267348040512750e-01 2.733525536428736968e-01 1.160419629488136650e-01
2.916848143575180963e+00 3.369163897660071294e-01 4.857802718278987353e-01 -2.867799958663377335e-01 -1.158736660112761996e+00 4.338773265146221858e-01 -7.964286290581512606e-01 -1.305803631211635285e-01 -1.000147113381817165e+00 2.026435942376689781e-01 -2.075272071306921429e-01 -8.959126310778753322e-01 2.378524822786456661e-01 2.683462248437295528e-01 -2.036570804865179551e-01 5.828526161250342508e-01 -4.131536845626241905e-01 -4.613422148517686006e-02 -7.018403004653761545e-02 -2.479879952067342574e-01 -9.293708614142215385e-01 5.389148799069554130e-02 9.345081126345673728e-02 3.890522056517479177e-01 5.451017764930504717e-02 -6.285913756151462195e-02 4.393189545449366351e-01 -3.128815984228077718e-01 1.480470610225409489e-03 2.301165598809426227e-01 -5.536531154183454984e-02 -1.259905713912389258e-01 4.573980621418306525e-01 3.833741139596525960e-01 -2.543366566155297881e-01 2.319938371809458777e-01 -3.581088661410175567e-01 -2.719630612764761812e-02 1.574364733815871442e-01 -4.042624844655683392e-01 -1.489269699038353600e-02 1.032261667474288824e+00 -3.719473008402707226e-01 8.752596242702452844e-01 -5.714195615841688447e-02 2.431074077024178992e-01 -3.336111263964831042e-01 1.694218268459333765e-01 5.762686794689861336e-02
2.915751812482167082e+00 4.418282973558531612e-01 4.788541875024170391e-01 -3.560665293568852086e-01 -1.132610747193191880e+00 3.793066117155073913e-01 -8.055631872254636061e-01 -7.988332392188463027e-02 -1.084979109240994388e+00 1.405700667266079062e-01 -2.738783264160330466e-01 -8.802682694026988663e-01 2.220092401048589237e-01 3.108629601013029875e-01 -1.585034138786148572e-01 5.770680066735727198e-01 -4.448784775099071664e-01 -8.966473766392422939e-02 2.017813635989096355e-02 -2.493588506693043272e-01 -8.684668394157546434e-01 1.587579568026908916e-02 4.492406653536556993e-02 3.940468190427218742e-01 8.633950063271483844e-02 -1.082983028214107857e-01 4.649374816233125540e-01 -3.522051018367584052e-01 -2.132064530037558470e-02 2.689743907181166294e-01 1.386736825782888816e-01 -1.854778248399894247e-01 3.390513961617741545e-01 2.081815405577514266e-01 -1.760646821679012486e-01 5.322129737608868871e-02 -3.530314331425037366e-01 -1.703589095936676179e-01 8.326825633479029154e-03 -3.931512641884246095e-01 -2.060102887901610613e-01 1.354265829537008248e+00 -3.018203012283666720e-01 1.032815726658916411e+00 -3.637086001602329866e-02 3.244530437165047410e-01 -3.580843343105576948e-01 1.891030942626493183e-01 -6.394294988731066831e-02
2.862354997014151081e+00 4.552211977144418054e-01 5.643469638631406493e-01 -3.061566246167395366e-01 -1.033240420317743435e+00 8.787850086112447556e-02 -6.156634789714594547e-01 2.709119289987327317e-01 -1.032820861182150773e+00 -3.738942749446892977e-01 1.431925202377892226e-01 -1.086654291119186766e+00 5.408279049938237160e-01 3.637642671928125182e-01 -3.125734340052183091e-01 4.556479902401329163e-01 -5.484015081599271646e-01 3.496419480662507628e-01 4.151976421334389045e-01 1.753638340528287654e-01 -4.904171262599315573e-01 -1.047278755696681579e-01 3.712082546822577100e-01 3.084384505896455853e-01 -1.232213416450994581e-01 -7.435036302821884657e-02 -6.365514442706835530e-01 -5.225615931896565591e-01 -1.597336087732331711e-01 -4.092646702063900688e-01 3.851783913684016236e-02 -2.436772937092663849e-01 2.061259199122955632e-02 3.628239566287700946e-01 -2.662165432176255009e-01 -2.356460746588581734e-02 -1.829889963851994428e-01 -1.876913639954252977e-02 -1.686569423852679606e-02 3.888893266305053498e-01 -3.197065659480922140e-01 1.436540155526433882e+00 -2.645740853530088588e-01 9.282928630973203976e-01 -3.907921623401289790e-01 1.375818588323075020e-01 -4.986204454894995197e-01 -4.153129382454201490e-02 1.619936349734371617e-01
2.875599730192092807e+00 8.061468747504251242e-01 2.192385026556611383e-01 -4.770960402798640754e-01 -6.377931090768541589e-01 -5.013091271461725396e-02 -4.985322897107507534e-01 4.101321426243027118e-02 -9.684143786060356307e-01 -3.690619060441951982e-01 -1.164461954627349638e-01 -8.412974889801820844e-01 2.661473072282143360e-01 2.317419978270813807e-01 -1.430700014389129915e-01 4.169506714706183725e-01 6.819023911622289214e-02 -5.413240806652327430e-01 5.535261304099128310e-01 1.578996875226796048e-01 -6.481927268831495503e-01 -3.654190564871012681e-03 2.729344738221453626e-02 -2.817284515761942498e-01 -9.461540247602773235e-02 1.055704099931806250e-01 -3.828125370112124282e-01 2.190475047835334643e-01 1.751946288871906454e-01 -1.092201727807348699e-01 -1.716822358384315350e-01 -7.952900195474932321e-02 8.577676693762081861e-02 -2.820722095438930599e-01 1.278941800673208395e-01 -1.778179239985863413e-01 -1.331309715751968492e-01 2.100929370332935420e-01 -9.929176871768169432e-02 1.550896297126463652e-01 3.594862252421621163e-01 7.740705865409727160e-01 -4.432697497099289397e-01 7.763043952545967130e-01 -4.895525774770439487e-01 1.801203291800465567e-01 -3.694597725299417212e-01 5.615689098530893819e-01 3.194676065162068146e-01
2.800912061286233268e+00 8.986522329791207797e-01 3.110252994631894641e-01 -3.449156859035573675e-01 -7.656239762006830096e-01 2.141661642116818864e-01 -9.168302095113027850e-01 4.227017176858300501e-02 -1.305113754012477756e+00 2.683932585532478043e-01 -2.337253764759833763e-01 5.953071694202113351e-01 -3.766094270262352328e-01 4.186632217780018594e-01 -3.618506729756109097e-01 4.619557937374028089e-01 2.990508542590041841e-01 -5.702190327275336035e-01 2.799626184097657733e-01 1.768326780277842680e-01 -1.075285169201256830e+00 -6.691544040586361319e-03 -3.725509131972798427e-01 -2.189431282330391859e-01 -5.617575841415365367e-01 -4.753558358276688267e-01 -2.236751443344819346e-01 -1.118152123506255258e-01 3.719823178654165230e-01 -6.874176817661983296e-01 1.256579013855022575e-01 -3.024403381868446816e-01 -1.972725686025245118e-02 -6.788920398830544656e-01 -1.252254373431326562e-01 -1.185114329813626577e-01 -4.646048742461919012e-01 9.042333663810292466e-02 -3.246905378616062876e-01 -1.617382094663489256e-01 -8.606219500493553776e-01 1.509022066766819048e+00 -7.514020113106667509e-02 -5.008386845994466929e-02 -1.912055214511124701e-01 1.567080578125034096e+00 -1.303932375872791094e-01 3.644306276917816945e-01 -2.998806129562553088e-02
2.635298713290490369e+00 6.321276226357489536e-01 4.555949085230588391e-01 -3.423325528883407465e-01 -2.938294257611094862e-01 5.018682525756330559e-01 2.840449338342463936e-01 -2.796571938438175975e-01 5.876722528041106175e-01 -1.101311872765509126e-01 -1.205529614959246043e+00 1.612148116747604831e-01 -1.972372292962532581e-01 -6.840914652367469095e-03 -8.896270024485037897e-01 2.656432308368754658e-01 -8.313239005170360019e-02 5.737459911096473020e-01 3.613475952612578146e-01 1.659915401497345233e-01 -4.067410892860168770e-01 1.682941875050376068e-01 -5.017383242012050104e-01 -6.885440189986058446e-01 -2.118591452920419171e-01 7.669371880873014913e-01 -1.763570957489953850e-01 6.162174027210350763e-02 7.147925616227860379e-01 5.803504388801257186e-01 4.762046824756413499e-02 -3.993140322225251504e-01 -4.887532723569082416e-02 2.003851203627235733e-01 -1.633163628474820772e-03 3.254731714925488406e-01 -2.951932649303422584e-01 -1.463771894591572309e-01 -2.005301029249155209e-01 4.539593337997044342e-02 4.212698355592343624e-01 9.977513477367394579e-01 2.144954821168973957e-01 4.969895882667526577e-01 -3.135301785762088511e-01 -7.514629921075653696e-02 -1.825421696219957091e-01 1.331258613180898998e-01 2.866484215288989668e-01
2.637503922258687794e+00 5.749543758749205979e-01 4.969776259426355036e-01 -1.929887964344403350e-01 -5.477936598913839550e-01 1.291986155432162109e-01 5.938847114160967777e-01 -3.434649786368248331e-02 7.503849206667360106e-01 -3.359444097707495747e-01 8.046708707186404907e-02 4.880566011052489550e-02 1.561034561693002420e-01 -5.087836092963258228e-01 -5.115583084951418336e-01 5.403815912357240459e-01 -4.624427060334938555e-01 -1.032454804748449972e-01 -9.079326318639202587e-02 -8.941069286019664997e-02 2.289989013028596587e-01 2.014024413685546189e-01 -1.858265999059000861e-01 -6.723032778550577793e-02 6.559869048696331806e-02 3.342102756212965153e-01 -1.116493669512510223e-01 4.755749534349545254e-02 1.297252178893912311e-01 2.679636071727697563e-03 -2.100053550500796395e-01 6.267534686047293579e-02 -1.492421261404709432e-01 1.645697645454241298e-01 -1.087003013466703027e-02 2.931953038323746319e-01 2.811475422461228724e-01 -3.425243603071159715e-01 -1.726802822992495878e-02 -2.670292648884823317e-01 -2.627401775231289482e-01 9.390550724617781064e-01 1.342459010000167652e-01 7.146831073758119768e-01 -5.009495700091035619e-01 -5.389780385144117558e-02 -2.903171150399962985e-01 4.089409509789112551e-01 3.583662172689908165e-01
2.046382838169892970e+00 -2.026279142747900774e+00 1.397624446267147880e+00 -1.992258662680377324e+00 5.971475012518829839e-01 -7.986809494541169396e-01 -1.169858751095081417e-01 1.051896229453556764e+00 -1.585183178193229958e+00 -1.262913344396127346e+00 -2.665934913914337345e-01 -1.641109454156021094e-02 3.527935924556891978e-01 9.086680274208591701e-02 -2.847544769899840178e-02 3.181746529553534097e-01 -7.918071852189824122e-01 -5.128938060674165939e-02 2.765257004887955450e-01 2.142143097469897950e-02 8.039418916196725551e-01 8.079622686083060001e-02 -9.554539520207600001e-02 -4.745938631660104323e-03 6.265734551059171098e-02 -1.995655748162111776e-01 -2.028318970363776619e-01 -3.027815373264672871e-01 2.551695829771152280e-01 2.948668791335267159e-01 1.168883341985204466e-01 -1.285810563465338285e-01 1.089098762232866835e-01 5.681913589529438702e-02 7.458063789540814170e-02 -2.284627334729691372e-02 -3.111823742929926140e-01 -1.944258767340621419e-01 1.113037359483689814e-01 -4.338549924903906119e-01 1.611036785142924699e-02 8.985717045900725175e-01 -7.566737213863465872e-01 7.491757767113680355e-01 6.883244173601854587e-01 -2.346756509098685828e-01 -4.366053362659198522e-01 1.183288244872605866e+00 3.663391864973133960e-01
2.059315782825612118e+00 -2.243266051585279364e+00 1.683665068380579610e+00 -1.928500421357619565e+00 1.252892597806866126e-01 -4.225438244175884761e-01 -3.588241523119226617e-01 1.022233632030002504e+00 -1.939277665942040096e+00 -4.933576255625369278e-01 -4.814806795477335477e-01 -1.766460096148374237e-01 8.750091258523226556e-02 5.877957581447541546e-01 1.891127280751883355e-01 2.671015939389911331e-01 -7.260632822084672755e-01 -2.456785383194217409e-01 4.756873187930877878e-01 -3.103113091226147868e-01 -6.689445342847497589e-01 1.510129845199068011e-02 1.732640370679444652e-01 2.042433784679217046e-01 9.265193236999402782e-02 -1.203906130311417910e-01 2.262427462345780182e-01 -2.399593049681187085e-01 1.975296297267507550e-01 3.336717409132804457e-01 5.958315792291854485e-02 -7.007401015550029921e-02 2.903894202462226071e-01 1.557709565763660264e-01 -1.309414817039457890e-01 1.557084121471911109e-01 -2.805266072047947201e-01 -1.845661331479452882e-01 -2.159779876985373770e-02 -1.826830426759538939e-01 -2.215855767208061156e-01 1.143896455845980764e+00 -6.617457562863082732e-01 8.688714630827738539e-01 1.112713482088695249e+00 -1.795881749076455036e-01 -3.955006216126673579e-01 7.827144136585301171e-01 8.873141009988816386e-02
2.065976750739879186e+00 -2.162551727047821615e+00 1.684485197170069837e+00 -1.842327551933068630e+00 2.278825314448927886e-01 -6.304115745117229164e-01 -4.270990553580468196e-01 1.147647719232393060e+00 -1.870424062403775123e+00 -7.762291007172817947e-01 -9.057999061300639476e-02 -4.341325450148111886e-01 5.439746198029717927e-01 4.725408835100325389e-01 3.226291953896992526e-01 3.621438496218087888e-01 -7.789549726192439572e-01 -3.418074215730275145e-01 6.394079390573367272e-01 -1.388433545409921699e-01 -4.035570649708838387e-01 2.717170900759433017e-01 7.200737948296821733e-03 4.016779907067271616e-01 -4.198058229440027045e-02 -1.276588655687292406e-01 8.906998617268126195e-02 -1.847351172199576397e-01 1.635095865026361950e-01 1.584894728565816591e-01 2.793900399515049093e-01 -8.589925670569031890e-02 1.063499756924035644e-02 -8.623280923959231181e-02 -2.062767836144576150e-01 1.169658839626631502e-01 -2.409729480214773678e-01 -1.328497657928190412e-02 -3.336412521337883685e-02 1.803646146315665555e-02 -4.624095046651884866e-01 1.295945736012585225e+00 -6.201258641034419483e-01 8.786434212115410425e-01 8.605280038253246833e-01 -1.312368125061876833e-01 -3.480381450665994136e-01 8.876331208037063769e-01 1.621671180917273192e-01
2.046648944771868983e+00 -1.970739654686566311e+00 1.480902636513313331e+00 -2.008910622327346296e+00 5.755821150952371568e-01 -7.929301685302463376e-01 -9.740805228680177175e-02 1.099830836505458542e+00 -1.753939639393314431e+00 -8.909187314071170816e-01 -2.078909695709052208e-01 -2.809824410772263081e-01 2.122233434936482144e-01 5.340383881711634473e-01 2.366070991136021429e-01 1.645895926535898834e-01 -3.392979027170963668e-01 -6.310134081737884815e-01 8.113273028159030398e-01 6.827584296968372546e-02 -6.299519691686426004e-01 3.538178966622732013e-02 9.476214212499806111e-02 -2.655636909965130021e-01 -1.634750680789679445e-01 6.468340165748548420e-02 -4.756255662062996437e-01 3.094597109955516401e-01 2.121773732627385556e-01 7.507959742158740180e-02 -6.745463993112488232e-04 4.876622083885273629e-02 1.526222680341161597e-01 -3.717912249738875574e-01 -4.796877754466000177e-02 -1.455776733281266833e-01 -1.473995271387002481e-01 2.385010724197215437e-01 -1.354865407147938239e-01 1.201736046798439206e-01 2.711131971634075932e-01 9.932694495835154846e-01 -6.531948482562648373e-01 6.684422954388185012e-01 6.941121549248767675e-01 -2.721914122597292041e-01 -3.935059924343070059e-01 1.175561875898078590e+00 3.652450959769663608e-01
2.059593796360272400e+00 -1.988940099282056728e+00 1.902710845541404572e+00 -2.003104386475121679e+00 6.877770136875864804e-01 -2.285844702015618346e-01 7.003404489107536435e-01 1.099749013155356447e+00 -9.177351810906263507e-01 1.316467317388534397e-01 -7.375660258616387743e-01 3.237667178327004458e-01 2.039516999898152994e-01 9.466721908687818487e-01 3.589663131340644631e-01 -3.370390905079552191e-01 3.722808557221319870e-01 -7.829182776760984508e-01 1.555282022714720824e+00 -1.105643544059192185e-01 -2.316772213112342771e-01 -3.939182812472048489e-01 5.386644446433864752e-01 3.122287004304995506e-01 1.212777417904908756e-01 -2.165309909614335782e-01 6.168165354795386579e-02 -4.564589588842819512e-01 1.397826177655346891e-01 7.701935760185329993e-02 2.421620488424425233e-03 -2.750580752727221912e-01 9.617525294900913790e-02 -7.672473962372688971e-02 -2.463773182199643086e-01 2.202227361924269933e-01 -3.388638923454136975e-01 -1.990498258261325648e-01 -6.583111987160944478e-02 -2.447192436999863219e-01 -1.839746501113931343e-02 1.169219691146311302e+00 -2.561726890770494869e-01 5.412202476351556379e-01 1.006601701565384976e+00 -3.121153654397006427e-01 -1.325131188173298002e-01 5.529271001924043194e-01 1.817169807644210544e-01
1.882547403837273592e+00 -1.963345754942388055e+00 1.444039499778708491e+00 -2.143556975725942504e+00 7.487261599944190493e-01 -8.160533590927147030e-01 2.304535058587428575e-01 6.675291854050853235e-01 -1.292819668850694548e+00 -1.132001281412085891e+00 -7.042166993995940816e-01 7.466454563612547890e-01 -4.020868634500303074e-01 2.453477504964724498e-01 -2.168741504998458747e-02 -7.847757060155347020e-02 -1.559668980762851931e-01 1.595802828304265508e-01 1.010681291891685762e-01 -5.687227980427801421e-01 -5.320887236970681666e-01 -2.598965771371017919e-01 -5.024169783458367622e-01 -2.774326853698506901e-02 5.667768477104859759e-01 -6.074796777269282355e-01 2.543159275713212097e-01 2.278533703525301435e-01 -4.428665714115602725e-01 -6.125817895484575448e-01 -2.838101180920199473e-01 -4.347213018041029553e-02 5.867689915242764176e-01 -1.857165573193573227e-01 1.812898082035019898e-01 -1.534185084210316907e-01 1.144657971736718835e-02 1.379070726875356312e-01 1.194477364758269045e-01 8.824072427070736580e-02 -1.574622175610398966e-02 7.416217849955244468e-01 -8.776464574395698159e-01 7.830927206838173005e-01 1.109272922736884714e+00 -2.177262111587847659e-01 -3.373865177276137994e-01 7.355331014720911664e-01 1.601977304484320797e-01
1.765680180465503568e+00 -2.010922072093721980e+00 1.423424699815918570e+00 -2.218382517159267042e+00 7.040879624076339383e-01 -5.324743125755488915e-01 1.161483478538300806e+00 1.135119466029686830e+00 -4.830180658304342733e-01 -1.092727000921307035e+00 2.353682528562383025e-01 6.459066164206671568e-01 -2.077892761749742523e-01 -6.670752877569530170e-02 6.451090117216655428e-02 5.788344976772522021e-02 -5.717856583675807736e-01 -5.477073912515119380e-02 1.014868682080274365e-01 -4.271784591253532937e-01 -1.302400206387980264e-01 1.639450851610644855e-01 -4.524974731233138980e-01 -2.961209829270148308e-01 1.367929476377485187e-01 1.109328672272436034e-02 -7.822162106655462799e-02 3.875130844809402397e-01 1.548095696601492488e-01 -4.763998990711271198e-01 -1.445503825368236184e-01 1.120338938243671256e-01 1.972838029392801618e-01 8.206827342997741193e-02 2.099701833222665237e-01 6.249387170001508007e-02 3.279494259667903866e-01 -1.028241124172428189e-01 -1.309142142580394519e-01 -1.598542170936313456e-01 -8.414411847246525133e-02 9.301701070523855641e-01 -6.027757208768789177e-01 5.780437203591035633e-01 1.126327052110210891e+00 -3.439348292085593339e-01 -3.549818657413789658e-01 7.435358211027486286e-01 4.049894980208895712e-02
1.218832172962216909e+00 6.553534673339650451e-02 -2.437238572229559086e+00 2.352540251047890774e+00 1.590862203115399387e+00 -2.760428434591372659e-01 1.151034634822073022e+00 5.822900215150328407e-01 -5.135030167593866990e-01 1.487956128219952434e-01 -3.439046483494611062e-01 8.485651404427200367e-03 4.269949530305058305e-01 1.056982999600409312e-01 -3.081037486428409577e-01 2.163281393559733090e-01 -1.313522061109980987e-01 -7.110763125875164958e-02 -2.907447678298546445e-01 -4.432406891647810987e-03 3.517735302726485158e-01 -3.521195843975073458e-01 -2.618214618327840970e-01 -6.453193431159689464e-01 -1.488977372832406720e+00 -1.576835794920322886e+00 5.285579983833247342e-01 -3.862936330489480929e-01 1.723304494606644477e-01 -2.954782527218194343e-01 4.354318739297238228e-01 1.208021540961287776e+00 -6.162429304352724513e-01 4.094704694789713106e-01 1.163798758694572499e-01 -6.089786842246636134e-02 -9.555099947151764195e-02 -5.529513770515074311e-01 -2.393761394320073066e-01 5.385955560381849860e-01 5.211012387670936885e-01 1.466888263315931251e+00 -5.045933866145955182e-01 -1.020577771557618307e+00 -3.801359333180202027e-01 -1.042184055033479329e-02 -1.959924148528660592e-01 -2.319804940345373545e-01 6.225012527614113278e-01
9.359984611487544015e-01 -5.340624181144106863e-01 -3.060718858568380440e+00 1.531100025936777520e+00 -4.733217408187263553e-01 -2.498989859796083846e-01 1.173776237466794603e+00 2.341134003398285812e-01 -9.956757494579266954e-01 -2.375540614308613296e-01 -6.382587594290289879e-01 1.548914422900934118e-01 -7.539370286572950608e-01 6.633779300161402048e-04 -4.797235232201757515e-01 2.954502096479877382e-01 -1.066803689851201636e-01 -3.268492578529941794e-01 -4.688088049285164538e-01 -2.515405680641812358e-01 -1.872477749068749975e-01 -4.310989426483077258e-01 2.085401505490486751e-01 -4.834094897957721404e-01 -1.043539870178862516e+00 -1.346702664424294316e+00 4.049212837506787066e-01 -1.522095926026311441e-01 -3.919495694280371589e-01 1.365530491585126294e-01 2.517095772649057261e-01 7.702143486473811418e-02 -5.909212691381071636e-01 1.901025569661914660e-01 -9.165502971570838042e-02 7.487814514141950817e-02 5.745435539067512282e-02 -2.409722659631040875e-01 -2.785560591624033355e-01 1.581484371766525565e-02 1.447009439879869408e-01 -1.563411891399058007e-01 -1.368467913469813890e+00 -6.524695042009214241e-01 -3.247872897527449010e-01 2.306892772303423822e-01 -8.113101034733041228e-01 -5.045689584588356480e-01 4.239840552559577813e-01
1.128879673513206505e+00 -1.227310375569285461e-01 -2.913561525113152584e+00 1.945909912172273160e+00 5.555415683383990721e-01 -4.641923259320644979e-01 9.804341352670882248e-01 5.360145037830607029e-01 -8.874134560019060203e-01 -3.448255317389889996e-01 1.543013226740778121e-01 -5.301836139434115691e-02 -5.552413013445788303e-01 -1.358535719026868205e-01 -2.797792303043031836e-01 3.490497302449626638e-01 -1.212159268870440093e-01 -5.780179245546723799e-01 -2.064866606556446105e-01 -1.840981796875455212e-01 2.210005610701243906e-01 -3.994981193524173024e-01 1.386730169325931239e-01 -8.847031884289290327e-01 -1.735423822147927231e+00 -1.387204113944256800e+00 1.092228680367385713e-01 1.585661173623107989e-01 -1.103622538096640238e-01 -2.721839392477591324e-01 2.311344234575719858e-01 6.467573048360363286e-01 1.414214210794015880e-01 5.417283248106272153e-02 -2.954055706039221407e-01 1.734030279347338055e-01 -7.527601903654941584e-02 5.164147039471433942e-04 4.542814519900030268e-01 2.076712358701085503e-02 1.284283131598023819e-01 3.337917098256002468e-01 -1.231088649786909572e+00 -1.138041719502761673e+00 -4.792608631024576904e-01 1.213682627072207865e-01 -7.134170145434672872e-01 -3.114534511071217482e-01 3.717705738435048146e-01
1.043090605091795631e+00 -5.022833763626091130e-01 -2.409355948296370897e+00 1.904471902376545955e+00 -4.502225370253449266e-01 2.252369941308381973e-01 1.701345604830383440e+00 3.500372568254321304e-01 -1.030923147337498236e+00 4.649265987235295938e-01 -3.641751975383045181e-01 9.068599711139875563e-02 -8.455896024686032630e-01 2.894817640138304671e-01 -3.496637793001069472e-01 3.889550753449655396e-01 -9.764641779741377314e-02 -3.947879076356892170e-01 -3.384829526870906102e-01 -8.221859469923242791e-02 -2.754641460951245402e-01 -1.777154340931291487e-01 -3.069023311367500284e-01 -7.412885367923902624e-01 -1.442461639738533030e+00 -1.188814683874932276e+00 2.409365268900025003e-01 -2.077458683030536934e-01 6.764783204219728674e-01 -3.246043872610629988e-01 4.760000587175347020e-01 5.252228977808487409e-01 -3.451226456582602298e-01 -6.783140205301856351e-01 -1.084362230461995980e-01 -2.065291876679647975e-02 3.747509645304190617e-01 -4.179306090219369052e-01 -4.411109250370529589e-01 -3.615784805978983218e-01 -1.964394204026297108e-01 7.647620842839404354e-01 -7.992705906970417606e-01 -9.677181338280682610e-01 -5.290813764410713382e-01 -8.023984138799224175e-02 -6.740382597780578688e-01 -5.256143780740004656e-01 6.298828175897193127e-01
1.048401199014041829e+00 -6.308614252273612166e-01 -2.508521703553522997e+00 1.954515537966736716e+00 -5.881359941778986355e-01 8.593182629890128155e-02 1.311070122739078414e+00 1.549565601905797951e-01 -1.519084707622229802e+00 1.282019429324421367e-02 -2.919467640020305677e-01 -4.746593607037886964e-02 -8.334872095576989492e-01 1.240344037997060389e-01 -1.724880261076615351e-01 2.140775495377813253e-01 6.935427494120999237e-01 -3.938149381793468740e-01 -6.176415849161855931e-01 -7.047544328371538325e-02 -2.499949800780027764e-01 -1.431470145569496144e-01 8.531918960279662179e-02 -7.074940463371245380e-01 -1.550302163856466464e+00 -1.133040238688754808e+00 2.805325552376529141e-01 -3.728967753583265488e-01 2.726980574360168275e-01 -2.778771191949752639e-01 4.665688183623024621e-01 5.597000911867487938e-01 -2.013784130672563732e-01 -9.782804495424359814e-01 -3.583630114019636936e-02 -5.081631195531008394e-02 3.135369097872560684e-01 -3.608749566012854348e-01 -3.054743633110631462e-01 -1.253261513989391007e-01 -2.222162928774343571e-01 1.008139842789628648e+00 -8.824698071447746317e-01 -8.978674306073273215e-01 -4.409018845520378260e-01 -8.812185592087384833e-02 -7.309631190745047302e-01 -7.863167530122130433e-01 6.663767059003926629e-01
1.060339441562909713e+00 -5.328682593116884636e-01 -2.734787891136501337e+00 2.080961793611259658e+00 -3.691881827932091964e-01 -2.001819578998054183e-02 1.043114599588538027e+00 4.639336264891080197e-01 -1.520621181281668566e+00 -5.165852458435117311e-01 -5.399552517742042257e-01 -2.712045171682734845e-01 2.079891184829258666e-01 -1.226897654081701150e-01 -2.525148897713863638e-01 4.980905090520258982e-01 -5.678762491079205610e-01 7.681900150537957286e-03 -3.963160029681945806e-01 2.141252479880033366e-01 1.518182667705125555e+00 -1.630906586348891685e-01 -4.136640605425547790e-01 -7.247457168702731156e-02 -9.803104426472890598e-01 -1.434660417330223314e+00 1.121385488421191429e-01 -4.998636231022879350e-01 4.343828234792421195e-02 2.244965600459711552e-01 2.194115880741026314e-01 1.423734089279535819e-01 -1.374400104616810003e-01 -4.216846469157448096e-02 3.703194791617103188e-01 -3.037748661352028812e-01 -4.680979336547966829e-01 -1.800720070378857562e-01 -2.966716921834466891e-02 -4.044316532819905996e-01 4.132786999211345291e-01 9.006712216147323424e-01 -7.913190252229347355e-01 -4.926592817394626622e-01 -6.608580747454092519e-01 4.287718771694537523e-02 -7.743453543054110710e-01 5.272873043055131825e-01 1.203630998371691518e+00
1.160538647540595214e+00 -3.892148685049163226e-01 -2.518604173011352643e+00 1.842362557281465474e+00 -3.065385282561546854e-01 1.307269949752715155e-02 9.548071245288598519e-01 4.964997100276766773e-01 -1.682185981052433554e+00 -5.082064341411801633e-01 -5.579616158838474060e-01 -4.420186030429821833e-01 4.464649973435795838e-01 2.777429248853874322e-02 -7.064764886640969577e-01 7.380645058834107708e-01 -5.499977149720332026e-01 -1.815739917616948085e-01 -4.076210572423852874e-01 1.845295656792115546e-01 1.198506814333520687e+00 -2.723964848025894891e-01 -3.774091852283663062e-01 -3.019662512079986372e-01 -1.339627055049591453e+00 -1.621404311746661220e+00 3.040594410211540644e-01 -7.221097196310730659e-01 2.404075138085182695e-01 7.211985932045635039e-02 3.951104281917362515e-01 6.091302847782004148e-01 -3.861796675202817664e-01 8.519740368168002287e-02 4.432957237571175102e-01 -1.309542000924753535e-01 -6.810591996517640911e-01 -6.140022271722674896e-01 -3.115147825169887197e-01 2.192196721596809117e-02 5.370985582625811272e-01 1.307544874618760122e+00 -8.969343049822807723e-01 -2.309853490209058946e-01 -7.105458798454598046e-01 1.902829435457939478e-01 -5.580585247906022506e-01 4.789144520927970383e-01 9.856356846042273467e-01
1.113043412764161744e+00 -3.373440528987997622e-01 -2.111023975315819978e+00 2.631824213680952429e+00 8.614276752465004350e-01 5.343059200120231500e-02 9.052399807583355607e-01 5.973570362986961868e-01 -6.084339336637910600e-01 5.344646049766010876e-01 9.027074458966748149e-02 -2.973190447114609225e-01 2.038992492913813404e-01 8.177940709927897234e-02 3.117264175075690202e-01 6.054605943995344797e-02 7.546883405468544914e-02 -4.629672301705831799e-02 2.855665360520758256e-01 6.903300046274060686e-02 -4.503820626353803314e-01 -4.762193660081090463e-02 -2.099529665653351584e-01 -7.250108517623423676e-01 -4.214446526497415690e-01 -2.243324892606958221e-01 3.258940354941647910e-01 -2.241649453473607556e-01 7.574989029336907098e-01 -5.832722507209936458e-01 3.438954873781949750e-01 8.429581765523145309e-01 -6.263629932942421652e-01 -6.946321812335842782e-02 -1.205111453272024180e-01 -5.995360839129693087e-02 7.156260114346620904e-01 -4.115701686622768030e-01 4.267385418646791329e-01 1.039750343701500157e-01 -8.934342404727260711e-02 4.374452177044614309e-01 -3.239270409766561443e-01 -5.649216576480826646e-01 -2.447758892495473515e-01 -1.246313422882880662e-01 -4.176996907138327830e-01 -4.791021170807634455e-01 8.714871267199228999e-01
1.118134181187788734e+00 -2.388144625962970724e-01 -2.878581925029974897e+00 1.973350500718974665e+00 6.504381214332011218e-01 -5.222520810590938201e-01 8.821417870713419429e-01 4.321137959658225003e-01 -1.111174461096372967e+00 -9.934199162573781328e-02 6.276203038312672122e-01 -1.603126318840424613e-01 -1.317612136005571699e+00 4.427690329102029199e-01 -2.935417500649738498e-01 3.527026015292864525e-01 -2.950736037098676268e-01 -5.519659623408318394e-01 -3.713183294162794024e-01 2.691702997616722826e-01 4.754617735617911456e-01 7.416352588408350877e-02 -2.784173726801186799e-02 3.250368009001225467e-02 -7.284505573253272637e-01 2.871726318555307134e-01 4.745279364719313109e-01 1.592463910151266024e-02 -5.021152204326980728e-01 -4.660031881947980237e-01 4.908753877575086078e-01 1.734062669317540939e-01 -2.089964655687825967e-02 5.358032599425484044e-01 3.516972448687039621e-01 8.819957061438996604e-01 -1.800280321713901011e-01 -1.027138616949877931e-01 5.197512652383264875e-01 6.203271330415710549e-01 9.872838204869385792e-02 5.060750938192648540e-01 -1.233628632565920480e+00 -1.029429416181499857e+00 -7.951116136685218994e-01 1.779499782607487646e-01 -7.449950422187761045e-01 -3.581708748642875584e-02 2.675763644308983835e-01
1.103263575084877601e+00 -5.553231906112500171e-01 -2.063531912240114341e+00 1.796936728806121319e+00 -1.032215557629584168e+00 3.811820388766636869e-01 2.080554804464803897e+00 9.141110904124279957e-01 -5.617816082337916406e-01 3.191753098650878528e-01 3.504043713671913807e-01 -2.417536624536082424e-01 1.800805169010009921e-01 -2.775536922595553402e-01 -1.303132899877285922e-01 4.501026860964473242e-01 -4.651722075885215690e-01 -1.580932435604549477e-02 -3.744310608984207089e-01 8.750782567753803698e-02 3.561337607980580300e-01 1.150890330829981711e-01 -3.422315933864794602e-01 -4.298222686311075069e-01 -4.116649891824306073e-01 -2.361608886586973877e-01 1.936977672624478064e-01 -2.431877876172327813e-01 5.706035649117162656e-01 -2.298487112785320419e-01 4.858572174454794945e-01 2.865345933469886086e-01 -6.388706705769939820e-01 -3.085671657005710222e-01 -2.014881914280353126e-02 1.102586742240862783e-01 2.318512852463090468e-01 -4.900009197764542135e-01 1.727302009166896968e-01 -1.377601224894985932e-01 -4.487184010590756778e-01 4.525883749530654754e-01 1.362290076505523473e-02 -3.447996553066223213e-01 -1.388348567210518358e-01 -2.465422519080888719e-01 1.008639840753175476e-01 -6.962724574280902967e-01 1.125225936839957530e+00
1.026658072037451852e+00 -5.341687746473662290e-01 -2.327597117780248581e+00 1.859029298526931662e+00 -6.149069835124023609e-01 3.858739294718194213e-01 1.073197181383000576e+00 3.201380035820003411e-01 -1.279227379582844604e+00 1.233218303036800190e-01 -6.926924845071352754e-01 -4.703929559889539341e-02 -4.524155388829312896e-01 2.483240365535546168e-01 -2.409315346572562799e-01 1.012328727358468849e-01 2.769606473637394317e-01 2.585357441783158183e-01 1.593043804740945646e-01 2.903274789788634624e-03 -6.925514191705381961e-01 -2.898329397535875929e-02 -1.501723524714536906e-01 -6.079831685804492070e-01 -5.738622777988391377e-01 -1.128579151814161907e-01 5.779138748999429476e-01 -2.579719346408539948e-01 7.910071316543505482e-01 1.953210620861302316e-01 6.786223405036498901e-01 3.361200188139666922e-01 -1.681109306644799628e-01 -2.969565077629657268e-01 4.393403069087215007e-02 -2.278840005534632784e-01 3.321068701226559394e-02 1.282101783467766432e-01 6.300549643065488370e-01 1.975782244323464332e-01 -2.770352217465063549e-02 5.771891022601627341e-02 -6.009462276948884796e-01 -6.204486226177829966e-01 -2.203580588279899777e-01 -1.486842719353984044e-01 -3.766669043882002188e-01 -6.718465216058677747e-01 7.229401357386726623e-01
1.200655621754115998e+00 8.128866449203142608e-02 -2.253477671066163257e+00 2.191234412204508875e+00 1.460934691072744984e+00 -2.422652993958546164e-01 1.022879180495265938e+00 6.058091203179754025e-01 -2.399723389656416850e-01 4.043901444376687970e-02 -4.115760392131280199e-01 3.020321714766137713e-02 7.162263295507017569e-01 -3.825910340421828648e-02 -5.961416257852253375e-02 -1.865439114055628123e-02 -5.297635732287758054e-02 1.801399351319529496e-01 -5.063162132394766202e-02 -1.706286448776283549e-01 5.545567448344457251e-02 -1.271917712139206402e-01 -1.149429135095487442e-01 -4.384639858931703715e-01 -3.351873085667638752e-01 -7.139902626029697164e-01 3.544600759307429128e-01 -1.371082455361392338e-01 1.463821859322008700e-01 -2.909266040398170161e-01 2.463659511106808253e-01 1.027142596199483116e+00 -5.032255235686603489e-01 6.524401180340972939e-01 -9.417256860568212762e-03 -3.345231358282821366e-02 1.214935477293192512e-01 -3.545239177548510368e-01 8.479718831929899947e-02 5.121387763905469459e-01 4.032829242573471307e-01 7.561477651537154010e-01 -5.012833709840630592e-01 -3.940398017355432603e-01 -1.140301188487873318e-01 -1.524678540040341757e-01 -1.952469683090155006e-01 -3.871027654030541054e-01 8.246042024652997515e-01
1.972547479361864475e+00 -1.894356587831531602e+00 1.387364294119745933e+00 -1.806677076534863868e+00 5.364463328623163552e-01 -4.691276442372780409e-01 8.610819668962064188e-01 9.444117563259742942e-01 -7.356577100225775157e-01 -6.927392139051927744e-01 -8.789829419124394194e-01 9.335548072964352517e-01 -3.055455364060757351e-01 4.448038359210471637e-01 8.434341359421331230e-01 -4.486309524838486551e-01 -1.124647561710839794e+00 1.322608221842038467e-01 -1.832758068116201733e-01 -1.334062075599486141e-01 -1.354570191463334572e-01 5.444158256454048606e-02 -3.089929563537550106e-01 -5.512406631877651009e-01 2.092025349022280101e-01 -2.929876347906579248e-02 2.162667607527387070e-01 3.188376904665656264e-01 3.253147780356732133e-01 -8.950063135548733118e-02 -1.975715608780645449e-02 3.483824009634463037e-01 6.127665124819805520e-01 1.199095861072680402e-01 9.883807644408376669e-02 3.218013462325057805e-01 6.216509178924312096e-01 -5.133364530571021822e-02 -5.655669760523396317e-03 -3.617401746915430150e-01 4.457835155724398923e-01 1.001765504257134065e+00 -6.392710621465815812e-01 6.295913381045394885e-01 1.386470425958013175e+00 -3.059800971488899624e-01 -4.364510098736484323e-01 2.550445253371101395e-01 -3.194978679306611502e-01
2.816178481518209153e+00 8.565839925894066509e-01 4.011643307374535006e-02 -7.447578194135660024e-01 -6.221152111176797561e-01 -4.075084047479768934e-01 -3.162336506495792565e-01 -4.509546064571992030e-01 -1.046850929553144294e+00 -3.908091213633263505e-01 -3.850406849570905399e-01 1.931541063811047509e-01 -3.676345461432645179e-01 -3.908262153988665832e-01 -2.847336883170512589e-01 -3.906764096864616675e-01 8.119895764363421753e-01 5.189647498427434336e-01 -6.353643284676289138e-01 -1.359112459517567428e-01 -2.522435520547480770e-01 1.529560358037534984e-02 5.336339199234081399e-01 1.919723040311685502e-02 -1.005387015283631946e-02 1.152890216318260275e-01 4.008538075829434777e-01 -4.511625362050061816e-03 -1.695328860920574665e-01 3.877489395135091943e-01 -1.432612628124217691e-01 -3.187177730999765091e-01 -4.838859547323121069e-01 1.415145722075241141e-01 -2.135534180017948092e-01 -1.845298948447451071e-01 8.267447148214385200e-01 1.862213932443546882e-01 3.108912785509287957e-03 -3.581210588434955433e-01 2.583824938004891103e-01 1.315296203884123383e+00 -1.025523568546045095e-01 -8.478607676506849655e-02 -7.488457435088186065e-02 1.125900711919536890e-01 -1.607622963968354246e-01 -2.047997883833710397e-01 -6.339888562031990027e-01
2.779961798609503099e+00 6.894045644477647672e-01 1.087051179294462600e-01 -4.486999062191425747e-01 -5.700955130153056993e-01 3.362537158867957565e-01 4.294464827653661776e-01 -3.774107409608621483e-02 1.346628923817930201e-02 -1.409942140937254784e-01 -7.781117768374631316e-01 3.651977294775883287e-01 -2.520366092691221915e-01 1.280816460019856828e-01 4.556740670496468582e-01 -2.294960776741772346e-01 -7.206782786203103086e-01 2.235007271162827158e-01 -4.298540561644066393e-01 -6.772943307706000282e-02 -1.250908296226477534e-01 4.129435156079216962e-02 -3.691419360984743436e-01 -5.803345836663608148e-01 2.642655264591782238e-01 -1.133053340217671234e-02 3.146820105801835799e-01 2.567698557834421913e-01 2.852912225472281627e-01 -2.861171324588853704e-01 -1.929968341234562235e-01 1.970708976958904790e-01 4.781780322707780417e-01 2.451180098907960736e-01 2.823216970856949337e-01 2.554708924798826386e-01 6.681436260883917289e-01 -3.027213573371076438e-02 5.683946316335175553e-03 -3.439581697219712408e-01 4.636090481876832259e-01 7.822742360231091929e-01 -4.299334750433840835e-01 7.450423273989594808e-01 2.119949869509156759e-01 1.447550120582573041e-01 -4.137155026680274239e-01 -3.667019563320250697e-01 -3.651785959394399650e-01
2.682122598545547021e+00 1.040267679877619145e+00 4.037818766594647446e-01 -4.205328646676027571e-01 -5.097583264435016082e-01 -2.472184241890368062e-01 -7.547757546829902964e-01 -1.399975089390326499e-01 -1.439343645538151195e+00 -1.808045479161958236e-01 -9.543131206010738166e-02 1.194539219628923732e+00 -4.656469627721260274e-01 -2.016265612368213223e-01 -5.607667370169904242e-01 -3.590808468987995994e-01 9.166379449017276748e-01 2.924561287089615935e-01 -9.202212540682901398e-01 3.282813859497494269e-01 9.533882028219473059e-02 2.342953094148842452e-01 3.225867260306278794e-01 3.565036701816137743e-01 -3.325769878630904786e-01 8.446668419519571813e-01 2.544419059574633546e-01 -2.098321630691217243e-01 -3.856379119416656343e-01 -2.311427308762082494e-02 -3.555624500469707350e-01 2.150785314580033747e-01 -3.298327434128509039e-01 3.429370968435633271e-01 -2.627905904431920847e-02 -5.875485153071521305e-01 -1.606485661633760276e-01 -5.299520077028393311e-02 2.860749660719862919e-01 -4.390109674993561972e-01 3.331094486958988132e-01 1.362796189098225863e+00 1.666252925181290756e-01 -8.437058763927045568e-01 -9.036455557348599399e-02 1.278565440805889519e+00 6.326689829608433957e-02 -1.720037372995161795e-01 -4.051001080401534504e-01
1.853171813125321421e+00 -1.736618849559371736e+00 1.665446010517116937e+00 -1.952347446715084978e+00 7.036168977285897075e-01 -9.900176800046659453e-01 -3.536515172590412592e-01 9.188201133039954893e-01 -2.224868906325429219e+00 -7.026613732791172628e-01 -1.868760861682777497e-01 1.754854267531879231e+00 -5.195709265066922322e-01 1.006698291072607443e-01 -1.810896364644754286e-01 -6.114419257158280052e-01 5.091498030684085130e-01 2.027668012004058828e-01 -6.624200816623001531e-01 2.386575413967535197e-01 1.135795779967015418e-01 2.733312896459826891e-01 3.900554207734114875e-01 3.726684307612948555e-01 -4.014366534660306907e-01 8.037798336162620405e-01 1.616288767623762501e-01 -1.194199568571036318e-01 -3.486551675661179184e-01 1.611854971147014814e-01 -1.845547606078504488e-01 3.433737542516056562e-01 -2.629872423163556183e-01 2.532180814135687186e-01 -2.021420166563000220e-01 -5.553082646366923614e-01 -1.749171217268795098e-01 -2.458706538385591056e-02 2.498801940748739403e-01 -4.739269925321585308e-01 2.447364206171443457e-01 1.573003392670112799e+00 -4.134604431466293306e-02 -9.540430764714675771e-01 1.086311206550703901e+00 8.289851987450126414e-01 4.036624837102958940e-02 4.493921598366815706e-01 -3.575998344954330332e-01
2.758165935367481225e+00 7.027143923791575597e-01 -3.473915941895100445e-02 -5.183627650329727388e-01 -6.225470781431265976e-01 -1.008157280632022701e-01 -1.039438185690066130e-01 -2.528868039637358622e-01 -3.636786966817435740e-01 -3.855719860876108962e-01 -3.280999907982847796e-01 1.086049326839475249e-01 -4.143950483474476698e-01 -9.486084382199050369e-02 -2.963193557147799639e-01 1.535985246490050582e-01 2.236368423085707130e-02 1.047338711265496658e-01 -1.332025068438162652e-01 -2.635664505490044607e-01 -2.376765078498885020e-01 2.048468255062248500e-01 1.306496489464773758e-01 -7.963079661975536183e-02 8.299787621985338371e-02 -1.798191675249706245e-01 -1.402326378748444680e-01 6.734072276659053280e-02 7.097463443055343491e-02 -8.223259084092851556e-02 -1.144769881461241701e-01 -3.227422006544737876e-01 1.477707486622268362e-01 3.909435175818049002e-02 1.601587159442116604e-01 -1.794581469093128601e-01 4.331137166169218289e-01 5.342382815134695262e-01 4.877705614590379657e-01 -2.333405714630998051e-01 4.007617263233677618e-01 3.559711119743771413e-01 -7.541592262734385654e-01 1.367832428904150188e-01 -2.165842762959803158e-01 1.802742746530981988e-01 -2.516168738842919361e-01 -2.363750515186415768e-01 -2.907841617443933657e-01
2.004251201409650740e+00 -1.885979889282652255e+00 1.696696634860664021e+00 -1.879998435906292453e+00 1.631995335622371535e+00 -8.237779291679164784e-01 2.181241139587759004e-01 5.702670276633474700e-01 -7.467610467175059830e-01 -2.752301563390502359e-01 -7.084293746621788124e-01 8.260706562592954327e-01 -4.498636174256067655e-01 8.788408377412677552e-01 -2.006022147304516723e-01 -2.935833924415488794e-02 -2.597183875926208363e-01 3.006744926439793020e-02 6.464121621409213425e-02 -1.770388296302183029e-01 3.214547037189975920e-01 2.674526449040199871e-01 3.213417709287986340e-02 2.344003528992410768e-01 1.304701974117182250e-01 2.358678861811407956e-01 1.442011044213238891e-01 -7.580298213760228165e-02 -2.771318147513097685e-01 8.718427723314742250e-02 3.872750885032294477e-01 2.800468995045078957e-01 -6.868675962693640558e-02 1.867229298277672811e-02 -2.059808800963887632e-01 -4.283963424284128463e-01 1.350260737723080195e-01 1.044091601190706153e-01 1.618563392742542184e-01 -1.126068288154455366e-02 3.206160654005647537e-01 1.657930040099203861e+00 -6.436283364394546069e-01 -6.079403609049336410e-01 8.128042291938919472e-01 -3.450782510996383001e-01 -1.442140425688513417e-01 6.003379894741532885e-01 -4.380148115742145687e-01
2.016254347640642486e+00 -1.914108991377653002e+00 1.419105783895615369e+00 -2.204442050375937878e+00 7.912605587587451250e-01 -1.107018701385178439e+00 1.006177140972341899e-01 4.720035486490429255e-01 -2.037945911705887347e+00 -8.465815531240278302e-01 -2.667363326738849683e-01 8.430279425755666800e-01 -6.886264561018845543e-01 3.966653830205141285e-01 -2.837282997150475383e-02 -6.965030829467475648e-01 4.332600630706592293e-01 3.829357994782695562e-01 -6.111584007199853952e-01 1.930807638855022712e-02 6.763262694674188058e-02 3.565565089799293541e-01 3.727890393281952930e-01 4.701995049227879475e-01 -8.974485764661666032e-02 8.072279074272106225e-01 3.827716323563892797e-01 -1.219964443777636354e-01 -2.222400218502388336e-01 1.673901225737231269e-01 -5.046327299920450038e-02 2.517353451171816525e-01 -3.084733571699366794e-01 -4.435300008593029419e-02 -1.437214394029016351e-01 -3.906533939643868081e-01 4.162400693845624278e-01 1.401970275198334281e-01 3.374215863455500841e-01 -2.579930085923236582e-01 4.539967622771707845e-01 1.549453204083742985e+00 -4.966049737621437421e-01 -6.189270790126755184e-01 9.035826943673432865e-01 -4.109463099098158989e-01 -9.002119374344957903e-02 4.549286959275278264e-01 -6.401365469206306003e-01
2.865491306454695852e+00 8.174011550136232040e-01 -1.235295515856815740e-02 -4.689207957990735309e-01 -6.417120474635014116e-01 1.363895629919461561e-01 -2.317698929767581240e-01 -3.173971511182763772e-01 -4.483569935517499605e-01 -2.783512205939600026e-01 -1.243493836187462120e+00 -8.553541239991190037e-02 -1.727817963481401708e-01 2.612570226377282645e-01 1.036950477875310472e+00 -5.630683159817331251e-01 -5.625017153723067542e-01 1.805856041248985744e-01 -4.314203949089944756e-01 -1.559863509436962281e-02 -6.924079070118643875e-02 1.585284981068814658e-01 2.689821490954488747e-02 -1.904746592749541056e-01 -2.924800946696421433e-01 -1.501506976465722953e-01 1.348080015058359393e-01 3.532125833952649008e-01 -2.473393179206171411e-01 -1.362383457093284400e-01 1.078839957291757995e-01 -1.043704617760947695e-01 2.741467751209645254e-01 2.284925974660296510e-01 1.661445675604231176e-01 -2.970393280318112117e-01 8.189515835419519663e-02 3.281043018473063233e-01 3.527268191728686331e-01 1.034843001224503012e-02 7.821335996195163953e-02 5.195818995047885025e-01 -5.989223802405232444e-01 6.043475011661427754e-01 -1.193478974273490256e-01 1.630058891311500502e-01 -1.594630476432977173e-01 -2.879507573228419215e-01 -1.465228305159774203e-01
2.845205133060867198e+00 8.627775380593384336e-01 1.574416500379629547e-01 -6.726274683284556577e-01 -4.221146654133464682e-01 -3.642194455695492161e-01 -3.005065233267146807e-01 -5.868140735939851860e-01 -1.252420650918608880e+00 -3.247247277611063909e-01 -1.752915585657147945e-01 2.827128946726110148e-01 -6.347024923673184604e-01 9.436899267643181211e-02 -4.080499305240199437e-01 -4.441420041297190480e-01 8.407482049039786132e-01 4.726251269868250726e-01 -8.689595731259752709e-01 1.089319209415461065e-01 4.939186923223501391e-02 3.175205287488310213e-01 3.053203445854116849e-01 4.540347443431068664e-01 -2.088519204367655924e-02 8.481149157629057633e-01 4.755846615514764397e-01 -2.124086505897818389e-01 -2.592227662257866605e-01 -1.690964762859909626e-02 -2.214709624383249531e-01 1.234401223235795930e-01 -3.753188582664319650e-01 4.536601534406414782e-02 3.214151820907923396e-02 -4.228936446348465772e-01 4.305086249480657434e-01 1.117888921334053987e-01 3.736163583426622692e-01 -2.230769835595212136e-01 5.423697903559253630e-01 1.328929691626509868e+00 -2.876835686254188840e-01 -5.059789288538094620e-01 -2.731716762778891860e-01 3.714999695811518898e-02 -6.441433969177096097e-02 -1.657444309222365075e-01 -6.856785792853592465e-01
2.036540521034471141e+00 -1.959485374423368231e+00 1.249311178699084257e+00 -2.000735377846555973e+00 5.716631767085897931e-01 -6.064096928236830664e-01 1.693543444471907744e-01 7.414204711247517343e-01 -1.233882254339029094e+00 -8.002080459568811088e-01 -1.334938610295632655e+00 4.747796355030438620e-01 -2.267057600827064034e-01 5.635534129818104976e-01 1.416627578427825274e+00 -8.154293947987615310e-01 -9.699898572056263601e-01 9.089627661634301636e-02 -1.736192225030045722e-01 -1.052224796473655577e-01 -5.100003298667951657e-02 1.975644783379799097e-01 9.436690965232852335e-02 -1.743098986952729690e-01 -3.613397602725822444e-01 -1.910377059822672696e-01 4.199497231074877934e-02 4.436247896072829100e-01 -2.103565735450692586e-01 4.806142449299389413e-02 2.788916851682961551e-01 2.392476101750717898e-02 3.409922762174597555e-01 1.387735820360351813e-01 -9.718390051557834752e-03 -2.647990773613516646e-01 6.762660279069172831e-02 3.565124372337343805e-01 3.165320471757565590e-01 -2.456759502055749778e-02 -1.015966811680285575e-02 7.397540976369936239e-01 -8.081441594312337440e-01 4.952911137484202753e-01 1.062309945946472878e+00 -2.896814390111321913e-01 -1.818852362413086454e-01 3.265696266551456062e-01 -1.007905602540581785e-01
2.308275566817517443e+00 1.373402228285155457e-01 -7.131000551151938094e-01 -1.475964702528340666e-01 -1.021006298128201539e+00 -4.018637308602857061e-03 -1.474473111558222138e-02 -5.528480566245899119e-01 -2.802377100007937827e-01 -8.567117078121865292e-01 1.855589882429135307e-01 3.247918328641208885e-01 -9.969001599700414440e-01 -8.195869054156981193e-01 1.546419883687733532e-01 -1.621674873870697364e-01 5.367408799154222976e-01 2.422968355530539242e-01 -2.560336650216676890e-01 5.696373154941605788e-02 -2.744278732835742085e-01 -2.109084227860203720e-01 4.991795629235431520e-01 -2.004247327329753137e-01 1.156026358349768746e-01 2.894206656234878383e-01 5.115932071026209060e-01 1.530048465011727421e-01 2.169370814894286403e-02 6.426254473594317229e-02 -2.438828413393955563e-01 -5.474065233785230244e-02 -1.570375868660363883e-01 -7.197025812036433878e-02 3.876784904993145209e-01 -1.601345236307063213e-01 4.056471291038568072e-01 -2.642242762556611391e-01 5.565675677962073076e-02 -5.272032736106646578e-01 5.527217606063775102e-02 4.887316850457179562e-01 -5.144929377624256617e-01 3.913074077730811506e-01 5.300144586357775633e-01 1.980702184964164281e-01 -3.385251611778936076e-01 -6.630683298686513849e-01 -6.556252128111225153e-01
2.045153895260570565e+00 -5.366982194455910404e-02 -9.048053537307214622e-01 1.202718876768571477e-01 -1.088124105076023085e+00 1.823620015992931664e-01 -8.124480801902467242e-02 -6.390496024955043541e-01 -1.856105160036990165e-01 -9.458650549006552000e-01 3.505279955439829509e-01 8.046105483985673823e-01 -1.073541302455516933e+00 -9.974852103649258783e-01 2.616342738224207709e-01 -3.706793153892532500e-01 6.243934878419542533e-01 4.589948718468958022e-01 3.961966938530958604e-02 1.405556047930069108e-01 -3.059010541155704477e-01 -2.469224028520675129e-02 2.976173869562361851e-01 -6.833476676535281402e-02 -1.665860786730977705e-01 4.263919348127678810e-01 6.123726431163101225e-01 -1.646894764352649088e-01 4.563883211744827473e-01 5.620461509878592610e-01 1.204294059674494571e-01 -3.984437101484672450e-02 -2.215335664086997558e-01 -3.320433675352313929e-01 6.393528150137217647e-03 -4.968056773605835641e-01 1.124499243683657890e-01 -1.797799316563249150e-02 1.905085325672989383e-01 6.911392381956353859e-01 -2.962834648505789925e-01 -1.084210318593608058e-01 -5.869576571943732057e-01 -1.381771036417234200e-01 2.819376391488419564e-01 1.551774158907223145e-01 -6.081558127181831974e-01 -8.137762977647658991e-01 -4.453007708319537961e-01
2.357057571970054610e+00 3.632282444373072794e-01 -8.375475775337499762e-01 -3.992888136244032715e-02 -3.482581506596101328e-01 -4.975606909781257747e-02 -5.864801028050842246e-02 -2.876091668191010364e-01 -2.017723568749130725e-01 -1.123858294261415036e+00 9.639397696140853400e-01 4.892199096649220424e-02 -5.311562050593062745e-01 -8.753896525813968932e-01 5.102358283280237217e-01 -1.831364987225864716e-01 5.314993258065564552e-01 -5.579067665478169846e-02 2.333352658131231383e-01 3.073204859492836283e-01 -5.835028134787051401e-02 -3.907523791551627546e-01 3.619952210116195168e-01 -5.091718449333934027e-01 -1.647990385254077261e-01 5.808362625911636101e-01 3.076819879957051751e-01 2.626855281199491077e-01 -2.243029019917383571e-01 4.135839190802792498e-02 -3.795268155533649823e-01 8.933705421759763343e-02 -1.168953921688868358e-01 4.418482568419208611e-01 2.808148489426862127e-01 1.084222062491651262e-01 5.899627198532588768e-01 -1.459474800628986768e-01 4.263620985629850146e-01 -2.056571674216150780e-01 3.091274904084163055e-01 5.740755763513205601e-01 -5.081560619310570015e-01 5.040737451846116768e-01 8.359384100152389419e-02 2.448600874329717736e-01 -6.306538858078922782e-01 -3.104001372806794445e-01 -4.721974110569281957e-01
8.366331676471805423e-01 -4.148665577063360921e+00 3.301513093921750741e-01 -5.041708672502023258e-01 5.968032710293246224e-01 -4.697483906681818033e-01 5.070756374376441666e-01 -1.634618181706878337e-01 1.614822210223768317e-01 -1.220356090728263787e+00 -2.707788720422259487e-01 8.150287310907965432e-01 -3.324587022550997695e-01 -1.750236451941978300e-01 2.910682578945703036e-02 -1.607140370134425011e-01 1.255944935934767415e-01 -8.098199144016034190e-02 -5.032797437083441627e-02 -1.033724881935489670e-01 -4.357535298619563124e-01 -1.077573756959944590e-01 2.024975058450503851e-01 -1.114255814904641650e-01 -2.050882262041044402e-01 -1.102009150898561884e-01 -2.035824217872959085e-01 -1.902453789374242976e-01 -9.778342379330379197e-02 -1.253756749949081449e-02 -3.587805041374722559e-02 -2.002456080312043918e-01 -2.364807607066458373e-01 7.954954832015848076e-02 3.578033926836889367e-01 -1.249990280940536935e-01 -2.113828098193865634e-01 -2.050305515735922623e-01 -2.372313743917350282e-01 3.791008391396824551e-02 5.747478826785576422e-02 -7.610820363245718312e-02 -9.208136217431656112e-01 -1.908031365358750508e-01 1.802599386528684677e+00 -4.912962454299544257e-01 -5.173731707809554603e-01 5.225617727666409529e-02 -1.597137528984713117e-01
7.662548606272787666e-01 -4.079513189694776720e+00 2.928826543975573404e-01 -4.078574966478398789e-01 8.371342552635698819e-01 -4.284419477459988079e-01 5.998159120578947512e-01 -2.053146126879774602e-01 1.402836412255031584e-01 -1.481349557881377788e+00 -7.079731917649362272e-02 5.460942868940553696e-01 1.569183187248407163e-01 -4.509177208665930414e-01 -5.119464129978074096e-03 -1.693374590626124665e-01 1.324547723630825971e-03 -4.408103490619039166e-01 1.707594349085789220e-02 -2.325435171192727357e-02 -1.981956338838648801e-01 1.967561997479580493e-01 3.852706997126595923e-01 1.476963809036309361e-01 -3.447783377782258074e-01 1.422126161875734707e-01 -6.169487800961784840e-01 -6.237082896166116358e-02 2.670947596105970046e-02 -1.618353743232363307e-01 -6.060828122320990885e-02 -2.222367677006785724e-01 -2.678622606949782048e-01 1.341223194808350283e-01 5.777891844111755493e-01 -3.005746562635611130e-02 -1.064420277647482593e-01 -1.912151195115186497e-01 -2.439679096509507206e-01 -1.043612922857234393e-02 -9.739489017426697370e-02 8.515918670448208161e-03 -7.879882535935616161e-01 -2.301578617708167074e-01 1.514266432765181358e+00 -3.744610646088017969e-01 -5.743644984231837114e-01 -1.324875970463446073e-02 -1.369757750159620591e-01
2.285391353733556841e+00 3.003606802043722324e-01 -1.084289883033087598e+00 -6.229511458047087835e-02 -4.266075604902156426e-01 -3.890185847126192975e-01 -2.146587692925520652e-01 -4.774388132526806161e-01 3.690244706848078149e-02 -1.123147010261715817e+00 1.174938234263538828e+00 -4.036198283758030136e-01 -1.070513847069893831e+00 -5.243674266893763036e-01 -9.819848449421494929e-02 9.236607650258266133e-02 -3.172430847010467847e-01 -1.049474967867411790e+00 7.151169465602237318e-01 3.659738821987464918e-01 1.117292791276776331e-01 -9.200940052672645919e-01 -2.146017978187469144e-01 -8.144158167583939179e-01 -5.802039731351971152e-01 4.820460605707325707e-01 -5.499967648892446492e-01 1.288594582533168831e+00 -7.621270356907577925e-01 6.658169818645137683e-01 -4.939182057922755220e-01 9.381521006520676664e-02 3.160896352514329655e-01 2.041440059955013098e-02 8.354457836564516127e-02 -6.744913954394402000e-02 -3.037903951116802670e-01 7.500314051274020732e-02 5.673296452690634872e-01 -7.290573179730086562e-03 9.238311959246264804e-01 9.089481140126784986e-01 -5.846162331853256289e-01 -1.395084104404831771e-01 -5.075107299609762368e-01 3.180675334489075912e-01 -4.261635948427637266e-01 3.471376549574382575e-01 -6.126047529033299410e-01
2.290489080511942888e+00 2.927199096278590984e-01 -1.050081460578799586e+00 -7.020627878122076559e-02 -3.702760335382194734e-01 -3.613191192580161859e-01 -1.754744784535970381e-01 -5.125688672985992955e-01 -4.269395478731258242e-02 -9.923219443878467105e-01 1.085365133826141415e+00 -3.838372620640097543e-01 -1.181609750455015151e+00 -7.477169016494538134e-01 -5.386416195262894169e-03 1.172851489779729584e-01 -3.151617987826585421e-01 -9.207343653360477997e-01 7.719960298137652499e-01 4.749562183762829903e-01 9.056300317630522345e-02 -6.127066676780268395e-01 -5.980265788172353658e-02 -8.788396024774549620e-01 -6.289234579439946238e-01 3.796907167565713448e-01 -4.605999145449223842e-01 1.165187458324716374e+00 -7.378617293933694699e-01 5.718964400352218869e-01 -6.544210295103469743e-01 3.514950572638053661e-02 4.107419670489589336e-01 1.101160273298328884e-01 1.670319244211737053e-01 6.640392148011901863e-02 -2.990898412744499302e-01 -9.715240764796775896e-02 5.690502390389373666e-01 -3.443136882876340898e-04 9.903049930748896168e-01 1.083201370184722290e+00 -9.166698583018094704e-01 -1.811894989243988952e-01 -5.424191142590608639e-01 2.793176636836318116e-01 -4.235404278157041680e-01 1.960900778989405069e-01 -4.337049481713246557e-01
2.291268280920503386e+00 2.754698576069597449e-01 -1.070991190040854635e+00 -3.924912547498315973e-02 -3.666529116178663950e-01 -3.739531500891943305e-01 -1.626450277827933832e-01 -6.705417698517781577e-01 -1.061960426325118112e-01 -8.103571809832560424e-01 1.249834586484106058e+00 -3.285248982706823195e-01 -1.687276874199964638e+00 -4.898087878701403164e-01 1.095174594020861814e-02 1.530382734370980546e-01 -2.365648791562610931e-01 -1.096390767731530991e+00 9.197094401585516055e-01 5.746351585624527303e-01 1.355695776067877834e-01 -7.990495873578065122e-01 -2.997688354664883315e-02 -1.008305183002252026e+00 -4.770995493085640748e-01 3.758503528599811960e-01 -3.212812612711908877e-01 1.231733793139843769e+00 -1.096683808419003814e+00 8.492700171655743757e-01 -5.154109928099450677e-01 -3.614353638374679933e-01 2.564322352679910821e-01 4.700494050385567446e-01 -3.421360191628322611e-01 4.077159431970273085e-01 -1.087500591892114205e-01 -3.822776369594221846e-02 -9.192009264480299757e-02 6.855690094191960182e-02 4.958133125809952579e-01 8.505047311758491269e-01 -7.716463196564748994e-01 -2.736627983658940222e-02 -5.265456629737361727e-01 3.379665491679390010e-01 -4.930375358642952732e-01 3.013888483515416161e-01 -6.125314763103787419e-01
2.880345256553956013e+00 7.289601653455745067e-01 2.421039908713080724e-01 -5.519511992940768774e-01 -7.418342471054227838e-01 1.177717418991237608e-01 -4.566758806486294064e-01 -2.476615592569464397e-01 -1.084926569415369801e+00 4.945126284630341207e-03 -4.868636487342473673e-01 -5.033608605114249235e-01 -2.296334095973567024e-01 5.513724104915211921e-01 -2.772677349348086073e-01 2.864236364962862158e-01 1.200944150018596890e-01 -3.310958266451793919e-01 3.089627057895323325e-01 4.224678224062600185e-02 -7.454610087358894965e-01 1.034615785808961630e-01 1.633403479908692724e-01 9.177372553598897587e-02 1.226845075028765303e-01 1.926809740115995040e-01 7.888071949442364283e-02 -2.640184690938386924e-01 1.749547771709249744e-01 -2.828847030724700451e-01 -1.093876978240382603e-01 -1.944319799510292324e-01 -1.569888499644780944e-01 2.027156714700651952e-01 2.514164465058297826e-01 -1.915835537178506576e-01 -2.108550566721166808e-01 7.482786067213778591e-02 2.365401992443838530e-02 7.448394025635271531e-02 1.877457141002210061e-01 1.298046975228368094e+00 -5.702455041929812563e-01 1.181069811014507476e+00 -1.187926464916383429e-01 3.266252808218066406e-01 -3.691506150605874947e-01 1.263455682904113253e-01 -1.805084214839974277e-01
2.024669264103956756e+00 -4.245377603243456477e-01 1.728285161192122388e-02 1.078136217573141487e+00 -8.737153841185096859e-01 4.533884130281299329e-01 -4.542141867270719224e-01 -9.522737652139179332e-01 8.463562918657543954e-02 3.948236133200762055e-01 4.715735724449365840e-02 1.008001561451550149e-01 -9.914865713971153793e-01 -3.454932935825705820e-01 4.755104608638879848e-02 1.883681538105891340e-02 -3.745603502596675516e-01 -4.180992966664345278e-01 3.136978615120561420e-01 -1.144164611466163550e-01 3.192974574918170938e-01 -2.003661765385509330e-01 6.343330998248264407e-01 8.057333761923849424e-01 3.094983318679897510e-01 2.205332965156958647e-03 -1.458008539248017432e-01 -2.930799540736182471e-02 5.691673710173630329e-01 2.652227353524281850e-01 2.965008815643349616e-01 3.258433604243743398e-01 2.495092377869508882e-01 1.145094598417907561e-01 -1.167807466508126168e-01 -5.814516164520078245e-01 5.324641248036081631e-01 7.441435128974541180e-02 -1.852396513394926059e-01 2.237435905359588806e-02 -3.577106407890717765e-01 9.940551392720666790e-01 -2.455201230937653634e-01 1.166563558500677833e-01 3.855959243239496237e-01 3.516906876898029388e-02 -3.292433103358342605e-01 -2.614597641132163086e-01 -3.479967272217356355e-01
2.095295614367365999e+00 -2.869873898057738182e-01 -1.046474218384422894e+00 2.587731286555641219e-01 -1.158752128251691493e+00 -2.553571625649025956e-02 -2.648619228036386275e-01 -7.185664130750157863e-01 5.350117007700153082e-02 -6.916817886008604921e-01 4.112949551903171685e-01 2.645409698262434217e-01 -1.560669398845959233e+00 -5.992278300182476425e-01 -9.499100388152534324e-02 3.443998961525621127e-02 -6.514419335124267407e-01 -1.610860023126423901e-01 1.942042764176640235e-01 1.436840053425517405e-01 3.680393744971642289e-01 -2.316330480903411038e-01 4.753577609710588625e-01 2.566875384678778127e-02 5.542462271398038709e-01 2.915005279258497395e-01 3.910202343272244918e-01 -3.281907637359372520e-01 -3.936066021193284081e-01 -7.612338716583590126e-02 1.333648142214111931e-01 1.574305395225420456e-01 -2.065731607475174147e-02 1.603494494815822791e-01 -9.280605735317748461e-02 -1.090421550140663332e-03 -5.568851568882124958e-01 -3.156336396282014012e-02 -3.290339717580764711e-02 -2.408204855557947166e-01 -6.560875144300216677e-01 2.375717594682877909e-01 -9.736468147920757099e-01 -3.660664133544282994e-01 -8.425810961032609292e-02 3.336684662658271350e-01 -5.275337838306541904e-01 -1.192344264315063351e-01 -6.394231078048457917e-01
2.842237336091379518e+00 8.549865849691450359e-01 1.097443266972697451e-01 -5.465854600811206332e-01 -2.823547162134135702e-01 -2.013769733756514690e-01 -3.798228407912117577e-01 -1.979667999675897849e-01 -8.026042299005157199e-01 -4.964472926517891072e-01 -1.617070878916566923e-01 -3.713825815442434730e-01 -1.660008890796426662e-01 4.208067472551407229e-01 -4.586638131542148944e-01 2.807576364269960267e-01 1.360787016539177219e-01 -3.028528927586402464e-01 -2.496376101814666015e-01 3.010241522493976030e-01 -9.067512387532894458e-03 5.671813134135053058e-01 -3.292192460331994086e-04 8.656890500581770898e-02 1.395073870309643804e-01 5.276495998782921859e-01 -4.416872342808673274e-02 -3.498524120817023686e-01 -1.351033192704106933e-01 -4.854142109627473389e-01 -8.411897800650400270e-02 -1.225022286280195161e-01 -1.839175604458538615e-01 2.036125808785499425e-01 4.651398603344258365e-01 -2.778928063560118789e-01 -1.558227145016115311e-01 1.607709674566335234e-01 8.024798731962964893e-02 2.829491391767897657e-01 3.588566314444910921e-01 1.437931238122672983e+00 -4.591366961653475798e-01 -5.514972957833857992e-02 -6.753170606610365834e-01 2.096054915825790177e-01 -1.817787739653293211e-01 3.917881291682832057e-01 -1.678374437093146099e-01
2.876731299213256321e+00 8.061647812205096075e-01 3.007142321888836012e-01 -5.047618850066455387e-01 -8.054284598336181045e-01 2.894423244715571553e-02 -2.122297876271538319e-01 9.105776098546430886e-02 -8.566331850811709225e-01 -3.064989446794197381e-01 -1.161229801390580574e-01 -7.498794950825050654e-01 4.251998427176522100e-01 2.216853746484795107e-01 -1.096152901827830706e-01 3.508399396924860580e-01 2.355459197829166407e-01 -4.479315952413260860e-01 2.925365412066273096e-01 1.210169766462091678e-01 -5.800509763338832503e-01 3.660606242475492045e-01 2.633259077227757539e-01 -2.621825741594943082e-01 -4.292537223913484024e-03 6.815269072548596485e-02 -2.054791795802656806e-01 -3.042665304116508596e-01 1.884970706928119077e-01 -2.937878814730214283e-01 1.584169667053847430e-02 -1.859648502664391634e-01 -1.352196317718181717e-01 -1.818740603232633091e-01 4.392683089465582724e-01 -2.182589820276493453e-01 -1.423642621449067724e-01 2.914788576002659282e-01 -7.477401487309348616e-02 3.589118675848008699e-01 -8.199869489192282423e-02 9.393279103052942780e-01 -2.461575425618565127e-01 5.764489242770272082e-01 -3.582948670434077387e-01 1.782265335945374396e-01 -8.483927072702240890e-02 1.895291125532987953e-01 2.336147299206239314e-01
2.891743976922583670e+00 8.970278766691325290e-01 2.562406702559685279e-01 -4.897148807295894635e-01 -8.389841884417388318e-01 1.007973941225002168e-01 -5.047049989635102873e-01 -6.706330446061467554e-02 -1.030141786288901740e+00 -5.159111342793014643e-01 -4.266952561759387308e-01 -7.413207476746200841e-01 3.658120007852337929e-01 2.282061867431265934e-01 8.121432705009136166e-01 -2.554141042523569993e-01 2.453241129276242105e-01 1.724555858987633361e-01 3.817244193562296939e-02 2.818290310236013507e-01 -4.829896010389374550e-01 9.697489981873813614e-02 3.626673340832700099e-01 -1.050338045077756632e-01 -2.071689444246347933e-01 2.339000009659237267e-01 -1.806551638240824209e-01 6.493225861470358629e-02 3.518047271603272907e-01 -3.981661608198429070e-01 -1.583623241041150209e-01 1.461007690554054772e-01 -2.220290572750818203e-01 1.172469208630655402e-02 1.613755335864359153e-01 1.447754211747193098e-01 -3.446911002726704004e-02 -5.681181719271398423e-02 -2.754392451081117965e-01 3.899015699596044549e-01 -2.342985128143047213e-01 1.295403978957402114e+00 2.018082499939510832e-01 7.933450636008083645e-01 -2.788637055070071757e-01 4.434750148719276974e-02 -3.953835716600351269e-03 1.820065816189589403e-01 3.540346658827002169e-01
2.883815729606157952e+00 6.021527811410872788e-01 3.896768972284185839e-01 -2.754171312850499653e-01 -9.662633712067597580e-01 1.441341777344993247e-01 -8.315564547594005429e-01 1.309739247633411319e-01 -1.081071504651394566e+00 -2.004728111179435723e-01 1.664322395156320189e-03 -1.035908367318714163e+00 5.161584817695898941e-01 1.403979660793821527e-01 -1.491685506820986384e-01 6.066334794448031698e-01 -2.549199350001620235e-01 -3.410917931088593980e-01 4.085317084039858937e-01 -8.238286340108777472e-02 -3.990704333374021640e-01 -5.524622767290712777e-02 -1.457544978942044989e-02 8.009599693817751054e-02 3.872931426232367746e-02 6.997939093393651389e-02 -6.660735975931553199e-02 2.053798558553605186e-03 6.857221461916551686e-02 4.859320672212116138e-03 4.771998119192923105e-02 -1.078586496062912126e-01 1.200559445658182511e-01 -1.013562203418139074e-03 1.349478173246269619e-01 1.126421364254960727e-01 -1.000479278828443619e-01 2.318729639856631497e-03 -7.038471134147966657e-02 8.831552672927137082e-02 5.900012605800572518e-02 8.355799753215227277e-01 -3.325444168918578747e-01 6.146896703055174660e-01 -3.314958917414260742e-01 1.497815890811669548e-01 -2.359600053000480702e-01 2.119532928771362679e-01 1.885061190167806044e-01
2.889888280353056338e+00 7.253836375188821295e-01 2.145043588496682307e-01 -4.534566646149944535e-01 -4.599800658099520989e-01 -4.694830455397056013e-02 -3.893878073239188664e-01 -5.357611230492380638e-01 -1.398313070155857485e+00 4.782003977038747355e-01 -1.517323584660958125e-01 -4.891288883720422143e-01 -1.079587237207629835e+00 1.239311672671807862e+00 -3.773327811849420677e-01 4.392355376907178810e-01 1.365638250022719047e-01 -5.189088205445999691e-01 -2.740689458358147590e-02 4.234321129268352468e-01 -3.997451060532769551e-01 2.744015208113069204e-01 -2.227274432332843890e-01 9.149825034034561599e-02 -1.968463317961976489e-01 3.685320768495820576e-01 3.380622521362723620e-02 -3.809069920221335726e-01 2.923726818291889629e-01 -4.715185233895573536e-01 -1.416012233339769832e-01 -1.506727579236287751e-01 -3.322715543002775496e-01 -1.713374517289502075e-01 1.275294876406767863e-01 -1.531141544091557949e-01 -2.986268935495832721e-01 6.507976161707215712e-02 -2.197631038627548827e-01 8.232405720121230286e-02 -2.063726225186562624e-01 1.339366734856779484e+00 -5.319650207901887029e-01 3.342854279143797624e-02 -7.055099658658553485e-01 2.093565273318821474e-01 -1.824188438711631943e-01 4.476961280812855604e-01 -1.997626147513404393e-01
2.924565538579947166e+00 5.897713318075320510e-01 4.398177472386988196e-01 -3.747766937746179750e-01 -1.271905538965615978e+00 5.424831761638110317e-01 -8.473892842879351406e-01 -2.234139802253584106e-01 -9.497016070200443583e-01 1.161758827726122323e-01 -1.061750129894675432e+00 -8.025378276920758225e-01 2.067678141964286731e-01 4.984346123931387429e-01 1.207582414003006921e+00 -2.434293009852638578e-01 -8.334157745733821177e-01 -1.046817085322738206e-01 -1.323939734260757006e-01 2.474950313128193580e-02 -2.945223044556271597e-01 1.053469984323165964e-02 9.684247853754417157e-02 1.712869195079214923e-01 -2.480991023827586184e-01 -1.876712238589862136e-01 2.517412890135546366e-01 6.563100246006339789e-02 -2.229614999379186946e-02 1.292616096070127105e-02 1.084574036641521022e-02 -1.648622358579808767e-01 3.221254465640923659e-01 3.569278497472523903e-01 1.616837679904174485e-01 -2.467533613710340135e-01 -2.496325989622417141e-01 3.487173719409963901e-02 8.820582724725153922e-02 1.561326353471498007e-01 -3.132334398735814318e-01 1.560838471856501375e+00 1.875117902107898971e-01 9.390493474415289032e-01 -3.495435561396327273e-01 2.720442343803480822e-02 6.078197258204470765e-02 4.266168537078442458e-01 3.812149828854778932e-01
2.871928712690897889e+00 8.013200444763938224e-01 2.146946505362061774e-01 -4.878899580175322104e-01 -7.426375255041615109e-01 -1.560547797029676609e-02 -5.209348062777261479e-01 -5.436832708209971693e-02 -9.535541229376373051e-01 -4.496567105376736428e-01 -1.959753581477501616e-01 -7.783170214013955812e-01 4.176315529418267447e-01 2.658243729062796934e-01 -1.044167055102667441e-01 4.198036635829002217e-01 8.926073983968028924e-02 -4.181981629088426522e-01 6.499461880086997434e-01 1.498487270990674081e-01 -6.357825665590512987e-01 2.441145476784222779e-01 6.540548017453808038e-02 7.551558752276199549e-03 -1.981044191212555372e-02 3.956722260125461466e-02 -7.586900442746241646e-02 -9.835051126217542183e-02 3.429545798441668847e-01 -3.871681953984825175e-01 -1.300409107295973088e-01 -2.599692405569793419e-01 -2.481240875963306725e-01 -1.823577833659328906e-03 2.178023260771957959e-01 1.482452071300376095e-02 -3.157722967283090737e-02 2.725837079557136278e-01 2.021625574176696971e-02 2.393713732236323610e-01 1.148275029711737227e-01 1.474843450053417104e+00 -4.631745152818007583e-01 1.423393918709406236e+00 -3.766083250134040772e-01 3.673615994443696353e-01 -2.792376784009170110e-01 2.155124913362599370e-01 -3.145200535813634235e-01
2.043285205786140146e+00 -1.145834709007605978e-01 -7.815166532223636331e-01 2.407836815325090640e-01 -4.557916906135106583e-01 7.860693001145409031e-01 8.103657328100738466e-02 -9.061664651122754988e-01 8.563609063471074867e-01 -5.218277425296931060e-01 -2.117198190000681157e-01 5.733190761991987516e-01 -8.457811949984659350e-01 -5.510617101803967355e-01 5.224035582192705363e-01 -4.647700303982352787e-01 -5.208505466311859067e-01 -3.704289575367600285e-01 7.528575266099694074e-01 1.547855608770794811e-01 1.551268448708645331e-01 -4.146546518102987022e-01 4.702064452417249463e-01 -1.061098683987398428e-01 7.294374817652835574e-01 1.034450442284639560e-01 4.020191313285789714e-01 -1.322015883263783831e+00 2.947791070381040601e-01 -1.885327589400303816e-01 -3.611385941920075560e-01 1.039704186856964530e+00 -2.844703608254575689e-01 -7.027486702084770887e-01 -6.153813275691660811e-01 6.651663415779743849e-01 4.160572507743703907e-01 5.101347252849409708e-01 -5.953593656001590073e-01 1.950061547124041506e-01 2.945424402882848014e-01 2.792885401363380815e-01 -7.579575260739580544e-01 5.449468186764184763e-01 -3.843237045681069386e-02 1.830166218710913006e-01 -4.162296180594943773e-01 -6.292352707910490173e-01 -4.395182754260787417e-01
2.711498189257499192e+00 8.135407744946031583e-01 1.823753659210562983e-01 -6.117423936784598393e-01 -4.646490641776721553e-01 -7.325410327708542502e-02 -1.706707315652060408e-01 -3.912884368379427324e-01 -5.072944080634156361e-01 -6.101444560491644520e-01 -6.127719252914237691e-01 1.863304084582992348e-01 -3.481628997154643246e-01 -5.694863984760989428e-02 -4.013645156024995275e-01 1.738835082154749079e-01 2.515212437570342741e-01 2.492696103389821227e-01 -1.567330432168213550e-01 -4.790989534897841517e-01 -5.503294814115748945e-01 -2.989325573682001247e-01 -5.698856730886203703e-01 -4.390802911666635139e-02 6.356365133134261880e-01 -5.665926693912332057e-01 3.471289567664084252e-01 1.374411641405120232e-01 -4.798493157871079884e-01 -7.968815597507798998e-01 -4.548178075311403168e-01 -1.717673529740122440e-01 5.199234904277810765e-01 -9.599754188936288068e-02 3.571527658154826645e-01 -1.856587590914912933e-01 2.571513528087068443e-02 1.094989373011075462e-01 1.556425084729390895e-01 1.231567493035098659e-01 7.262680632265050562e-02 5.163543601090485602e-01 -6.680684528681966050e-01 8.938144091890740661e-01 -7.361827425434819272e-02 2.350489073236717852e-01 -3.115385315761498020e-01 1.206987700269781527e-01 1.150777651297220233e-01
2.956836696948423437e+00 9.373569949366330478e-01 1.723159798830697920e-01 -4.050447202946789726e-01 -3.034229632706181290e-01 -6.972954241378714890e-02 -3.203600873053217835e-01 2.018529326979469629e-01 -7.867535373468096394e-01 -2.063394951121012011e-01 2.520966815577528886e-01 -7.717350078084387333e-01 4.397867743671876051e-01 2.546248028825316423e-01 1.023673860631144628e-01 3.656881345324302091e-01 4.305961267959217825e-02 -4.978381986118656788e-01 7.347841221551137947e-01 1.956793939294601270e-01 -7.313394355482063514e-01 -2.713398644465342402e-02 -3.607418763015150798e-02 -5.440130837896269833e-01 -1.124185492995285474e-01 3.267714036554018597e-01 6.738905700803962673e-02 4.058849107684435464e-02 3.490095738433297012e-01 -5.156994132609576953e-01 -3.231997867619796905e-01 -1.808680162055934515e-01 -1.505250362708570877e-01 7.658427375847336460e-01 1.273126916508063866e-01 1.807486489260117235e-01 2.250281286490399546e-01 1.242919803370083898e-01 8.235137502190470471e-02 2.165708683132647194e-02 2.938761584827651041e-01 1.519848022143321931e+00 -4.274246966618691079e-01 1.219401076719647703e+00 -5.714182509021088485e-01 3.334705721816418333e-01 -1.558595979159511091e-01 7.164835693513654791e-01 8.696747400698393027e-02
2.776563055454514206e+00 4.616221958351619525e-01 6.867739505648688958e-01 -3.257534578704939232e-01 3.182543578328590472e-01 1.495298421627390684e-01 -1.800259336943666466e-01 -4.117746958031425208e-01 3.340883227051445470e-01 -1.916890337145725765e-01 -9.999322104507318842e-01 3.236710206060998685e-01 7.814424571429370858e-02 2.644186236751453478e-01 -8.130134348658937249e-01 -1.042577722593564238e-02 -4.651235297724490986e-02 2.071469636618279986e-01 7.315805505860650815e-02 -3.333996302200664674e-01 5.781600461335345553e-02 1.222914522592685738e-01 -9.914562104489441086e-02 -3.323273816145202453e-01 2.230508126777576705e-01 -6.484224021328222065e-02 -7.585927212249005125e-02 -3.523017970403141130e-01 -2.809924425654917735e-01 5.241994321222504666e-02 5.914775232731980803e-02 2.178189024362103821e-01 2.563289416398961684e-02 -2.667113256075835381e-01 -5.287423631508116895e-01 1.716182035855106092e-01 3.578651311695274506e-01 3.578565924358684258e-01 1.393657951282098739e-01 -1.372730334242844297e-02 3.301139232529752277e-01 1.720665829390278123e+00 4.186058907438665599e-01 4.093630356612705246e-01 1.171537636003874283e-01 -1.200293895471781225e-01 3.159085917906866992e-01 -3.050271225652340101e-01 -4.238506817269088178e-01
2.898187430244116847e+00 5.694221112605523105e-01 4.109342983534907123e-01 -2.587181519812091768e-01 -1.010438116498902694e+00 1.356580985928680372e-01 -8.871498059337030728e-01 4.095782410642562904e-02 -1.116550633231165213e+00 -3.032174063314415635e-01 -7.967617539258481374e-03 -1.062434049465637687e+00 6.325599297825614808e-01 1.357718438976952546e-01 -1.223257519707143526e-01 6.737043994405886860e-01 -3.118160217065241713e-01 -3.319804381860717579e-01 4.531814749897276062e-01 -9.264920558480133073e-03 -2.638796551047982719e-01 1.718346874847895278e-01 -7.533863989517511350e-02 3.019308377180992542e-01 -4.691853910152554707e-02 -5.953321244340969987e-02 1.292277005598767292e-02 -2.184623693171555137e-01 2.946701438106047455e-01 5.739960187700087618e-02 -3.065633756087812190e-01 -3.078552567817771091e-01 -7.778281895979935467e-02 1.603263837756369325e-01 7.026230550471462832e-02 8.402833080962322787e-02 -2.680500056803546971e-01 -1.715139728079363990e-01 4.659488502425676582e-02 1.198372628896555991e-01 -1.365282079235008161e-01 1.578803865135163687e+00 -3.772915823162041882e-01 1.376080018694774809e+00 -3.748360173456228295e-01 3.821163511587399864e-01 -2.866067632847612567e-01 1.962736223154226689e-01 -3.207203896521388931e-01
2.892421850042914855e+00 5.506055538849429221e-01 4.102782384153138562e-01 -2.359447297584911230e-01 -1.093195151532701859e+00 1.726467311725329856e-01 -9.323536370890594949e-01 1.107685086738738056e-01 -1.030101161011260258e+00 -3.458971229866916741e-01 1.254825209940726438e-01 -1.284628756113180392e+00 7.434464818083807991e-01 3.027778883254201858e-01 -1.418980395393245886e-01 6.817755371464221392e-01 -1.785197083248607763e-01 -7.193191608014609661e-01 5.869420171683733534e-01 -8.354075783552883383e-02 -4.080341641277330234e-01 -4.589253814204816706e-01 -2.301556827964096608e-01 2.220567498147211494e-01 -2.873618746121403555e-02 4.207375628341363805e-01 -6.850770865592990810e-02 6.945432137885991786e-01 -9.777426295510707743e-02 2.988615478170597028e-01 2.038468566988042852e-02 2.263305093766709852e-02 -3.574540686361138420e-02 2.422747828949323168e-02 -1.633545380492872345e-01 -1.401571973435183083e-01 2.656432891900099014e-01 -1.740341747603879052e-01 -4.742190359423266166e-01 4.928355138782922751e-01 3.347571474061678543e-01 1.673894894875399775e+00 -2.955568014948137812e-01 1.224282196870796868e+00 -3.581729887706297522e-01 3.156693378519826454e-01 -1.767331658271356631e-01 1.471174802918313596e-01 -2.510747796199379045e-01
2.818546528360520220e+00 5.124486559581973300e-01 7.648201114975539117e-01 8.443243147737256038e-03 -6.748704944720418375e-01 3.517349562155458464e-01 -8.486046953579193808e-01 3.229458797255658348e-02 -4.011001392231361429e-01 2.307013894888386707e-01 -3.516325717834917208e-01 -1.039730153207989227e+00 7.508153434539887039e-01 1.908769484646172798e-01 -8.790233515732484570e-02 5.145447402866176745e-01 -2.746101603569788274e-01 -4.025109611775920526e-01 5.925985797141596345e-01 -3.713734851648359259e-02 -7.819906713510380025e-02 -6.208140820069885102e-02 -3.530984393924833098e-01 7.118188747053558751e-01 1.638943952859893693e-01 -6.582690137331437263e-02 8.268007678580190090e-02 -4.993768308812526757e-03 4.238530325369961327e-01 -7.823785351405516952e-02 2.218361760807630034e-02 2.814190187106707652e-01 1.127805716421258486e-01 -1.159401638600560114e-02 -2.857811341053412280e-01 -2.076530039028186281e-01 4.370608925437322601e-01 -4.589646318580913320e-01 -1.336265039000534838e-01 4.376912891407258588e-01 -7.377345236570738152e-01 2.320622136426905957e+00 4.959223672397428118e-01 1.053726973503412045e+00 -3.286183066184126256e-01 8.218832245013124593e-02 2.561488206051303895e-01 3.070979944924987493e-01 -7.856710730879779003e-02
2.823268356513921162e+00 5.153597729391266036e-01 7.579376726131352715e-01 2.762537364599371159e-02 -7.401146195991581411e-01 3.745296830225054441e-01 -9.067015793589772166e-01 1.118247212441035310e-01 -3.489348848956065341e-01 1.659541613358294643e-01 -2.289681471359885367e-01 -1.281391399124821362e+00 8.753483423775372252e-01 3.360273364005169627e-01 -1.345856328273023206e-01 5.547377673361266748e-01 -1.768481668231923487e-01 -7.727421164357715089e-01 7.079783890555734205e-01 -8.872364546822858467e-02 -5.707495497891801328e-02 -7.004184560178532415e-01 -5.561536477245002663e-01 6.466983874211922334e-01 1.397182882040303720e-01 3.111043468982288007e-01 -1.915658490910390060e-02 8.104441684527479151e-01 4.615365022554761276e-02 2.282669896983224866e-01 2.290924401068995531e-01 5.894214922717438965e-01 2.138864532693187104e-01 -1.616631524523753360e-01 -5.025032415899792770e-01 -5.759908899317147668e-01 8.278210632687373893e-01 -5.058749136979847627e-01 -5.476830697167718309e-01 6.770171658130954562e-01 -2.533173793083804970e-01 2.397232290167859770e+00 6.099663060215285704e-01 8.882830609076166617e-01 -3.416331736185561074e-01 2.830385870331519893e-03 3.477777732399140453e-01 2.779507881784978873e-01 -2.772436186956219947e-02
2.908467556833657319e+00 7.056767770281356933e-01 4.362427655209060173e-01 -3.504594379445951091e-01 -1.141890116060990223e+00 8.050214966376068038e-02 -8.938168424584409522e-01 -8.394182221031339097e-03 -1.557150801004271168e+00 -4.460755664941699061e-01 9.922850805803293261e-02 -9.168230749002458380e-01 7.109044827610483397e-01 -8.499721856532310715e-02 3.598443330616776237e-01 2.472861018981754311e-01 4.479033216187048305e-01 1.969171070026600745e-01 -2.867359042590889029e-02 7.063273169611852809e-02 -1.291628587869368683e-01 2.982775856876396237e-02 2.244986305933664439e-01 4.835902322375467133e-01 -1.606423708345651735e-01 1.359503692372585060e-01 1.581650415520904351e-01 -1.849496925422810731e-02 2.863077380696384955e-01 2.043834932093144818e-01 -9.645701735713116398e-02 6.093341089516568498e-02 3.975295907186893185e-02 -1.108401118390215934e-01 -1.331529226260457222e-01 2.332383432301011195e-01 5.806781294143317090e-02 -1.575811971858203653e-01 -3.906131355268711580e-01 2.882361874724903572e-01 -5.201242258358805826e-01 2.415233016888528983e+00 6.632819643758969264e-01 9.441806547976447916e-01 -3.538075687693712501e-01 1.469862563965726454e-02 2.655172793643094664e-01 2.623351368432073061e-01 -1.016037354794590841e-01
2.916700174179391425e+00 6.960622216768040937e-01 7.595620526911883719e-01 -1.224660797615768626e-01 -5.977118402520394946e-01 4.977287230189423317e-01 -6.645130016726190636e-01 -2.688645005716137071e-01 1.448214005593490283e-01 6.345938107153903385e-01 -1.278039278812260537e+00 -6.186093379826675953e-01 3.855413729950750712e-01 3.565972051661626119e-01 1.081367443278827833e+00 -4.539231683339362000e-01 -6.999116766732587092e-01 4.142016388181955777e-02 -3.057867076455376698e-01 -1.855752617397518067e-01 4.750868791027572091e-01 -3.733040084531413783e-01 -4.369392453871200344e-01 6.746292270168288141e-01 -2.211706769574126041e-01 -3.564346783779539507e-01 4.498744670676900204e-01 5.966861928456974606e-01 -4.515000768987506019e-01 2.935116598163203250e-01 7.053301138665846182e-01 5.287539862914946154e-01 6.483495812831030491e-01 1.269688497758835466e-01 -4.979072148673066023e-01 -8.697436327099903330e-01 4.394713549174852352e-01 -2.774893656214352244e-01 -8.140154306076907709e-02 3.702707158180307268e-01 -8.785239228992357541e-01 2.204922377922887033e+00 4.057305050670869662e-01 8.323930660115008706e-01 -1.549552469599722593e-01 4.170223957156490857e-02 4.000056461004382058e-01 -2.530619471417093203e-01 -3.473337043642568678e-01
2.925944014193117226e+00 7.358450242073658609e-01 4.218394383302388473e-01 -3.156485657210228446e-01 -1.136383477230958672e+00 5.640014380348312706e-02 -9.725533070490046672e-01 6.265322589229999073e-02 -1.526587520416954558e+00 -5.386126722672675005e-01 2.976425357851428810e-01 -1.179330239325325325e+00 7.364194870104301405e-01 5.183766100450037939e-02 3.363866205534193909e-01 2.931663545969002138e-01 5.266448323449576252e-01 -2.189147125258064930e-01 6.298521764275999413e-02 5.831490907386763234e-02 -5.618859159728695207e-02 -6.511098154962049467e-01 4.785217411549529121e-02 3.178981123294841726e-01 -2.825323561626570945e-01 4.379890803059369175e-01 -5.107843518673050448e-02 8.397716456886028524e-01 -1.082789095831367399e-01 6.385175999815024817e-01 -1.278798949556140541e-01 3.255895811923158467e-01 2.137272125805509404e-01 -3.314779393756883130e-01 -3.648720848641380243e-01 -1.762710899428156230e-01 3.398348009877555920e-01 -1.920757772526918705e-01 -7.470423390376388362e-01 4.223406967952934021e-01 5.072297681457857421e-02 2.496983268240140053e+00 7.765995074847555912e-01 7.772513088830181882e-01 -3.688572128178320142e-01 -6.299258352908412850e-02 3.571802634546947797e-01 2.336891379694078785e-01 -5.235495839956291753e-02
2.915638754682380096e+00 7.510191013683035210e-01 5.256583641941878771e-01 -2.748937692759243490e-01 -1.213801315776182443e+00 1.371265919220361340e-01 -7.688348441297698788e-01 -2.864932389243645128e-01 -1.172059567259971402e+00 -2.544058275160732685e-01 -3.523213205803041870e-01 -8.296859581025290975e-01 6.272382474601169156e-01 -9.414932810088461057e-02 1.582797228203935536e+00 -8.379235247077467807e-01 -5.131006089852577917e-02 5.447138409742088294e-01 -8.664669430940279415e-01 1.422314920794835180e-01 5.177784876004980497e-01 -1.376994509325620009e-01 5.634003838575764311e-02 4.051370945941012991e-01 -5.138482554273333669e-01 1.326101044799414264e-01 3.888995109500312242e-01 6.066616464705593126e-01 -3.221635448136181412e-01 4.610169035064013987e-01 4.003457379815137385e-01 2.887803151540023761e-01 4.084172146219783306e-01 -8.403147046109593621e-02 -8.268148996585844568e-02 -3.720649423914060838e-01 4.680265982615921527e-01 -1.206928882572991524e-01 -2.248141948729551198e-01 6.742016195998659644e-02 -6.096379643227922696e-01 2.316317426646779420e+00 5.897367399292010592e-01 7.388184971085163255e-01 -1.768903870586286398e-01 -2.417004068431266584e-02 3.823832664253135061e-01 -3.026633228801521858e-01 -3.572732229106544422e-01
2.722936467351020795e+00 9.583487183626205885e-01 5.066853614666368966e-01 -4.615259387116790180e-01 7.759805400301417189e-02 7.197529742264952013e-02 -2.198351547500765335e-02 -4.003234289586980466e-01 3.407984674821344928e-01 -1.223587360879536678e-01 -1.013286742572232502e+00 2.640963409959208863e-01 8.886044197062567540e-02 8.727007034050482392e-02 -5.743022388701827241e-01 4.042869510991389803e-02 6.236349420474852634e-01 3.163242345895050586e-03 2.397870557533529068e-01 -5.979057385594335194e-01 2.434990495555562351e-01 -9.511761927898676472e-01 -9.827744554997701609e-01 5.921263241151094592e-01 7.697169558629488595e-01 -7.500683038937148162e-01 5.045773171324394735e-01 4.705803119561016712e-01 -6.223665404759399777e-01 -8.066497232207112678e-01 -7.252542562088826195e-02 2.592840452227745951e-01 9.885430235873003957e-01 -2.894924950574146449e-01 -3.882569404046537498e-01 -5.704449714643944347e-01 4.392754905509657082e-01 -7.231793889135839093e-01 4.774169786732190834e-02 5.881631107982893125e-01 -5.921051185648971149e-01 1.979809334844872648e+00 4.849972992511297765e-01 3.657315274479696621e-01 1.127507523519393207e-01 -7.207752522596888589e-02 5.118362376925766899e-01 -3.558691813060413378e-01 -4.382174549106758188e-01
2.973569787434326983e+00 1.338352218466153598e+00 1.069692513934272782e-01 -3.337457091376272444e-02 1.741887887731840889e+00 8.831572166920986788e-02 -6.725701126118059925e-01 -2.377151184080145141e-02 6.838221032021070123e-01 -1.341889108290037491e-01 7.589700834828724818e-02 -1.136508335588076873e-01 3.081072528060081472e-01 -2.450637907281308370e-01 7.193913087202931100e-01 -3.511316500339489721e-01 -5.774445766313296424e-01 1.451992516228212682e-01 1.362988908270846844e-01 -6.425389004225598444e-02 2.838354793916475494e-04 -3.492067315669501459e-01 2.472292820043348327e-01 -5.041291394066838016e-01 5.594434358970818977e-01 6.801974414263339819e-02 2.921120242038070525e-01 -1.324566987864313150e+00 2.935086142463416703e-01 -1.851269427641021592e-01 -6.397744667165378152e-01 1.171510484422430221e+00 -1.917292150388273109e-01 -3.755548200649157509e-01 -5.570610322011174675e-01 8.092384837165699230e-01 4.731319538264804336e-01 6.542678424448021834e-01 -5.051389706044097094e-01 1.446760828220793049e-01 3.090655608240396868e-01 1.938022389378407428e+00 3.217694884424389112e-01 6.413881105543155492e-01 -3.555974566303562456e-01 -2.428413339791246628e-02 -6.565555826355540248e-03 1.105249262049837755e-01 -3.470321818295961092e-01
2.763449325277040458e+00 7.331143787005244272e-01 4.850135573131260092e-01 -3.744878346386351087e-01 -1.520786512132308588e-01 5.480355473973067548e-01 -3.745372296944740054e-01 -6.180285981002440199e-01 3.700722249666572594e-01 -4.518007336145188346e-02 -1.862951425045594078e+00 4.041754205949765755e-02 9.653200039369258523e-03 1.448759681314493175e-01 -1.803859224398296490e-02 -1.655163459577568830e-01 -5.977648987577682815e-01 1.152163291635446007e-01 -6.173244082452722381e-02 7.592425620713463830e-02 -1.331015216676071089e-01 2.454655001040701445e-01 -9.268277721522807933e-02 -5.333926134525485141e-01 -2.910567214245096679e-02 5.212315699387279899e-01 -5.313800694440069528e-01 -2.921593793138001494e-01 3.908001123839505153e-02 -1.078918625236159057e-01 -3.130902463107746447e-01 1.529838685969057144e-01 -4.271706345241744751e-01 -5.453035993199195630e-01 -3.221501742214596953e-01 9.584616190610331099e-01 -7.040476921573518565e-02 -3.626776818367372091e-03 -3.233726165237714723e-01 -6.287917439008355869e-02 3.677008661092407982e-01 1.707974072943209354e+00 1.106383244026698520e-02 1.342085078156404876e+00 -3.246099848698286161e-01 1.872426437407373467e-01 -1.169099567491311276e-01 5.564402631103859687e-02 -1.382308981861203601e-01
2.929724324280907233e+00 8.979929489185370928e-01 6.514023919477665014e-01 -3.234052089565084831e-01 -3.300246457287642210e-01 4.988097662264031618e-01 1.439045676483594050e-01 -2.703212490420924263e-01 3.650075497316281892e-01 8.015536425387966846e-01 -1.352887279855099711e+00 -5.836235137465516087e-02 2.201133685153665864e-01 7.711153369096128696e-01 1.272502291986167711e+00 -1.094964960234203311e+00 4.682828460158907080e-01 -3.561442986272664313e-01 7.809102001066933196e-01 1.145377299472274679e-01 6.623457298743389288e-01 -4.804615047037132380e-01 4.163705239245997225e-01 1.111726218826798451e-01 -2.788451294527451441e-01 -4.637696240488800581e-01 3.356274597670200199e-01 3.723888244903843930e-02 -4.140170251400164814e-01 -9.054708102463535080e-02 2.070586108585800167e-01 -1.946044730353001517e-01 3.121952220063582972e-01 2.730577764013271680e-01 -6.570278733767037638e-02 -1.776002603734242735e-01 -6.165121768203519342e-02 2.028910399323513303e-01 4.311014504975483330e-01 -1.644757144273551464e-01 -1.636123070531817214e-01 1.360838313890169626e+00 4.204964020827359761e-01 2.292642133108334090e-01 -1.157524803748778419e-01 -1.353498423529644334e-01 3.378413407144525982e-01 -1.507515734713027467e-01 7.904058538584157745e-02
2.829881631885405646e+00 7.496548460209701004e-01 5.908520463539985723e-01 -1.969913055326455442e-02 4.200586354962387858e-02 -1.076045722794404524e-01 -3.790998033791931898e-01 -2.619391494628522943e-01 3.151059301395732204e-01 -2.648839759250374848e-01 -1.001446997627793545e+00 -1.492608418303997264e-01 5.914563738867638643e-01 -3.726551398052741493e-01 -9.323545093050715771e-01 3.687908821901833001e-01 -2.630806877649512487e-01 3.450279586624388495e-01 6.240747122751577614e-02 6.017702313782594126e-02 1.308037962450301128e+00 1.613814000577696306e-01 -4.772078789396003717e-01 -4.283133505937131158e-01 9.427434432993597735e-03 1.563000433985841098e-01 -5.510588690881840224e-01 -1.445006381020674524e-01 -5.194529408503362200e-02 3.099516339389554176e-01 8.466296247116096574e-02 -1.969936658965102394e-01 -3.175133539368316660e-01 -1.516048281603597503e-01 -1.690057715658676019e-01 3.201758890734117124e-01 -3.277193742840894819e-01 -2.338791078955291813e-01 1.231782134145738838e-01 -4.328244736146500404e-01 -8.180855136209072564e-02 1.435347415133117810e+00 3.215912292743048351e-01 5.756099439399411377e-01 -5.232742672237322701e-01 -4.853433599503505225e-02 -4.976224660162303914e-02 6.884453389957894132e-01 5.046523342015085678e-01
2.953558697357542506e+00 8.206477165915578853e-01 7.091969698586495507e-01 -1.481228622785912830e-01 -2.816535010757332813e-01 1.765344061745250936e-01 2.911912989558779197e-02 1.576708536512443914e-01 -1.029505787605962813e-01 3.799530769267165375e-01 -2.988465168417303586e-01 -5.122573238149286112e-01 7.775065123910637199e-01 3.021740065498842998e-01 -1.996950622468552650e-01 5.197868934245403194e-02 6.720483453229435522e-01 -4.770338411086033625e-01 1.330178300737085983e+00 9.486672554093036891e-02 1.490636367633087600e+00 -5.598572274090254375e-01 2.074045461863553153e-01 2.752784700678836405e-01 1.761360436346797731e-01 -4.931289520006931770e-01 1.433039935979789070e-01 -6.999690572399837052e-01 2.267741471036693879e-02 1.012903565375605636e-01 3.281940679579051223e-02 -3.434110635152332058e-01 8.604060832100113299e-02 1.940940119588498991e-01 -1.406177324582079669e-01 9.641247133632163679e-02 -4.035563110006600840e-01 -2.476329837066756911e-01 3.740734964317333766e-01 -5.586008444907049064e-01 -1.610719911600679566e-01 1.524439361468264753e+00 4.404754077194004136e-01 5.141911631962965412e-01 -4.590469847498575007e-01 -4.906103280629740826e-02 9.163798764097880190e-02 6.599419061054737634e-01 5.678362713225600933e-01
2.855350475156831713e+00 8.375906762222385948e-01 1.081940955485061195e-01 -3.679523242047864073e-01 -4.520769077563298044e-01 3.624230348266589408e-01 -5.213106484886220748e-01 -9.671818999522893701e-02 -1.049861782424666101e+00 -1.814701923521555571e-02 -6.606573038322951508e-01 -5.494346678057443478e-01 -4.024075650657213954e-01 8.407646247319400246e-01 2.336176562545433377e-01 5.268834013669412841e-02 -1.831457618658855757e-01 -3.142687335160077589e-01 1.176317772124058081e-02 3.491190853445376163e-01 -8.839818080069576922e-01 2.701922909928290428e-01 -9.008218115205574028e-02 -9.194269016693858154e-02 1.355284619319319095e-02 1.401484067747324480e-01 1.686245416461097379e-01 -7.965918904167429426e-01 2.138409028063773532e-01 -4.375571822355215357e-01 -4.294582972413866218e-01 3.286488112256967797e-01 -4.830436637903420261e-01 -5.110915828821682716e-01 -1.162059842256071840e-01 1.705802101519065528e-01 -1.429181460936229386e-01 3.705707069947621335e-01 1.525136157442399387e-01 -3.876449756243210976e-03 2.476564111445419269e-01 1.683445414468140111e+00 -2.414125273996381438e-01 1.285028294636375579e+00 -3.878297112073577635e-01 2.290473517419152616e-01 -1.822787192718457461e-01 1.739506159443301447e-01 -1.195065292947278951e-01
2.938815845966584739e+00 1.412346501631248863e+00 2.471480614760728223e-01 1.256630734840742392e-01 1.868219332044966263e+00 -2.433934848158050557e-01 -6.736759581087123916e-01 8.655695882769218197e-02 5.449883900989700436e-01 -4.979228364632104498e-03 1.753809980303905336e-01 -3.066164025920143921e-01 -4.713071987234791760e-02 2.277478205610262707e-01 5.536219751655639953e-01 -1.612805209526702865e-01 -3.326549604569154495e-01 -9.711278181188280623e-02 -3.188893146249938138e-01 3.108091898068603420e-01 -1.285095560928894431e-01 8.388433393429206575e-04 -6.137829157221957876e-02 -2.537344566451588124e-01 -1.465949118638703585e-01 9.980381746691874278e-02 6.074770011743814424e-03 -5.758303038977984345e-01 3.604221601244927964e-02 -6.286761827680151238e-02 -1.103044362578276427e+00 4.820915252440675092e-01 -1.175539275157448105e-01 -3.241864468336713156e-01 -1.712483467498796263e-01 -5.086861899076544624e-02 2.572729348140926839e-02 2.573293214622510705e-01 9.984821017007666777e-02 -1.739215419982649280e-01 3.529112960819675848e-01 1.889153317580614111e+00 1.204938662336889621e-01 6.130723916223528303e-01 -4.149378972752519878e-01 4.831236837935065642e-02 -1.062682631524996535e-01 1.869236865743549858e-01 -3.350770144969298925e-01
2.899678738247451371e+00 4.854415553720733412e-01 4.404276512085549822e-01 -3.277232864690158287e-01 -1.029911611677639893e+00 2.906995521711865926e-01 -8.058147893521270255e-01 -1.616663186541947295e-01 -1.204591743499566103e+00 1.834666766900453494e-01 -3.019062625532460409e-01 -7.761664598177442365e-01 -9.901131860572384702e-03 4.496923703493915236e-01 -2.684159597579071077e-01 5.162062449892060867e-01 -2.426188268506314916e-01 -2.288401896460554030e-01 1.010849724288558349e-01 -1.372206761859478263e-01 -5.291113029405072332e-01 6.283824951839023232e-02 4.683979686794528807e-02 4.039968638799715794e-01 1.497041644140372774e-01 1.631756406982009522e-01 2.256394154887615966e-01 -3.388772169769965203e-01 1.037209788868276028e-01 6.281242878330273172e-02 -1.766191892785047568e-01 -2.067294184851888872e-01 -2.667880951820134072e-02 3.731011907473301692e-01 6.532561666802721989e-02 -3.316441043831391822e-02 -3.341994664350219080e-01 -3.009323763911314620e-01 -2.925990746415474408e-02 1.061202401115330651e-01 -9.839115189041866549e-02 1.391005097731411677e+00 -4.692924354450288549e-01 1.121845029424786810e+00 -1.253701981031136725e-01 3.214815702052295499e-01 -3.831907478158892988e-01 1.272561000769517614e-01 -2.009624196311119992e-01
2.170929997202876827e+00 -1.021798348876106211e-01 -1.255797614459774225e+00 4.791225482170364813e-01 -6.426776948269741219e-01 -4.391387086350317936e-01 -4.062112928965561087e-01 -6.075641755776874930e-01 -9.417603712084943179e-04 -8.578759963077359219e-01 1.459807436887542220e+00 -3.991517069085774860e-01 -1.623774222705410164e+00 -5.451184576274599181e-01 2.510198962983042348e-01 4.759135400113709835e-01 -4.651533828843349427e-01 -1.321032151202953919e+00 9.091086167594694123e-01 5.570521560310687237e-01 5.865810405634483971e-01 -1.212322681941605307e+00 -1.587175116246667961e-01 -5.791792104724120538e-01 4.637946277333776512e-02 4.515425546134743118e-01 5.820928033090595755e-02 1.197975336775365607e+00 -1.436153733483836348e+00 1.097159932467131949e+00 1.857774989221281647e-01 -2.061206453877019174e-01 -1.003233504121459063e-03 4.163240023833090775e-01 -9.986213074170673387e-01 2.708087019691999275e-01 -4.835633936839427161e-02 -3.369844300324902064e-02 -1.213849893176836003e+00 4.235488063070315112e-01 -2.817245626839920414e-01 1.300094411718613951e+00 -6.377900595151544394e-01 1.149084788895302078e-01 -3.140643658897210866e-01 3.850312837801161958e-01 -4.941788205630988640e-01 -1.045733079768235152e-01 -9.227948979550537612e-01
2.162157669472870580e+00 -1.607555742329317416e-01 -1.231134960384711707e+00 3.676902501904528719e-01 -5.568451167329896423e-01 -2.614513134024946672e-01 -2.786453335953773536e-01 -8.725096716551627996e-01 -1.320887359622426038e-01 -4.065444707337200203e-01 1.046646013653342866e+00 3.415722906759698085e-02 -2.447354152457867027e+00 -3.882460740372371544e-01 7.478025771132867927e-02 2.978373094572323021e-01 -5.039556312509388958e-01 -7.951549176860838175e-01 5.554856335704886350e-01 4.450153007195064570e-01 4.549380318567777803e-01 -7.286413151143047440e-01 9.692549125936721077e-02 -4.212130296288922882e-01 1.436687836518100725e-01 2.827140309380827277e-01 4.108961997308449576e-01 2.622501625029162731e-01 -1.137357079964791851e+00 1.013461488581578029e+00 1.332971688020870293e-02 -4.807516668451822794e-01 7.798200612311367852e-02 7.972916913699970021e-01 -7.978048549284940671e-01 3.622034445622293042e-01 -7.005260673691532380e-01 -2.153215779169382893e-01 -7.642116703272874290e-01 6.654643484978359225e-02 -5.984833550226640320e-01 1.031893642549776668e+00 -8.162718373534654237e-01 4.010514940495052416e-02 -8.671997635456557552e-02 4.070971497818862694e-01 -6.929880254761717762e-01 -1.669298599985225562e-01 -8.616564286576067211e-01
1.870741868629267834e+00 -1.445448406007910247e+00 -1.719691889030454668e-01 1.637821351218283539e+00 -5.397499882372450708e-01 4.451802444276187209e-01 -4.525484070657465052e-01 -1.018269529607466861e+00 9.478197283429455888e-01 -1.724444049213785246e-01 3.438171016513714706e-01 -7.362947926133570631e-01 4.690279945449334909e-01 -4.840927740472489305e-02 -2.826869175963557801e-01 1.272101461865861316e-01 1.031980889356394426e+00 -5.513830424762191651e-01 4.316598592299470960e-01 2.630620556192090342e-01 -2.097676772388259447e-01 -4.868858804911074256e-01 -2.468241363853862780e-01 -3.566712696929581483e-01 -1.085081246007425504e-01 4.675030946282499600e-01 -4.654753456411030998e-01 9.920491913498954428e-01 -5.067575018169984125e-02 -1.837165632936281212e-01 1.801407458044335108e-02 8.733344616283278405e-03 -3.326068941170111093e-01 -2.876715144373103716e-01 2.746419679484025100e-01 -3.742210767537029747e-01 8.145333376368366629e-01 3.807015725581208709e-02 -3.693383932384589619e-01 3.415144464305290839e-01 8.479570538085378084e-01 9.269089681526954116e-01 -3.187428358993145139e-01 2.517505184014215969e-01 -4.509174619205347234e-02 1.045761897020711650e-01 -1.284392884889821729e-01 -3.986122743893560361e-01 -2.685612965711864919e-01
2.083158156382562964e+00 -2.302919500447525025e-01 -1.075717309923548637e+00 2.299409773817857605e-01 -1.294816689006042409e+00 9.341675463840903859e-04 -3.472448394685269668e-01 -6.499120792981201156e-01 2.522331124584722417e-01 -7.997804905298717681e-01 1.038054254168488677e-01 1.254532461266544552e-01 -1.471954046776443592e+00 -7.784743885724145773e-01 3.767317941669566794e-01 -1.273793996425529040e-01 -7.634324408304432596e-01 -2.131894582728993126e-01 3.632856665822632447e-01 -1.740061026232203600e-02 1.529631087396863265e-01 -2.867639726712790660e-01 3.549401944201071579e-01 -5.246663702596396361e-03 7.322697790877252810e-01 -1.000290520413771311e-01 1.742455764960147979e-01 1.570739964699671004e-02 -2.521639462573184720e-01 4.461667657971371548e-02 3.309294460242474534e-01 6.067995351920755231e-01 -4.678281902051839580e-02 1.074976259587488436e-01 -3.777359557758183661e-01 8.680148333502558933e-02 -7.334216227301212365e-01 -5.278822151390699657e-02 1.363968767879094324e-01 -3.600147883149503736e-01 -1.011732923839764320e+00 2.478206682141279593e-01 -9.026204379512382525e-01 -2.910236861359172256e-02 8.503547841447489652e-02 3.900088563321832957e-01 -7.312310066789271534e-01 -2.657855428914743801e-01 -5.360067001541871656e-01
2.101901144129225685e+00 -2.921795095624072913e-01 -1.186179936032693671e+00 3.565990848277114100e-01 -1.087553192641522060e+00 -1.316214600374885912e-01 -1.877173109294360265e-01 -8.033140521129864542e-01 -9.360828613260060993e-02 -4.691175247924780356e-01 5.248068916949691909e-01 1.705471049397925543e-01 -2.105012724395304069e+00 -5.690432831271465819e-01 -4.876573908653022982e-02 2.477311934879533328e-01 -6.063027976808440522e-01 -4.478500991097421613e-01 5.596545713562005586e-01 2.260204929997482182e-01 5.319584857839401160e-01 -5.245048715964373276e-01 4.303371328148034580e-01 -1.816199185913043856e-01 4.112820609078393641e-01 2.292229718447907905e-02 1.513492816386926565e-01 9.250973208620799637e-02 -6.888016424009071326e-01 4.904822528454812480e-01 -4.767392673827788863e-02 -2.702381578475749890e-01 1.693547669396214816e-01 2.669454417978282534e-01 -6.147828961792567437e-01 3.880495359332006844e-01 -5.154334726789341348e-01 7.369010860033095578e-02 -7.081344023549247524e-01 -2.896080039207089007e-01 -1.165891473801537792e+00 2.358279146338042587e-01 -9.723136661521503132e-01 -3.388409168136130023e-01 -5.777129965595595440e-02 3.515418140585243600e-01 -5.369697758954861122e-01 -1.414723267517171146e-01 -5.925635474106053513e-01
2.878319306772791464e+00 5.908067382112195398e-01 3.236535977952497145e-01 -1.685593237026279390e-01 -9.343871907577122604e-01 1.401231773527280011e-01 -6.481667297794274640e-01 1.005058494158112825e-01 -1.206278704779975453e+00 -1.707190420578920675e-01 -1.653109203371024016e-01 -8.818447381287636277e-01 5.346088338501843173e-01 2.372238531012810792e-01 -4.616756398474952672e-02 7.954296788534939155e-01 -2.966359145388134388e-01 -1.419628123141372378e-01 3.586347514310239681e-01 -9.987610213244058066e-02 -3.209829194541907738e-01 7.083479986141213991e-02 7.026702780832712325e-02 9.973698848859591237e-02 5.926168667403330925e-02 -3.603268920100055617e-02 9.445259679890490034e-02 -2.088939380745370444e-01 2.103140691412021812e-01 -7.308465216835710598e-02 -5.035638571665068675e-02 -9.807121686670561278e-02 5.300455731449671415e-02 1.614694620430241478e-01 6.098474284670279966e-02 1.127509239851377659e-01 -1.933993365115228014e-01 -1.815677739516222133e-02 1.344015512423736292e-01 2.002984467426885129e-01 -1.679418565365838056e-01 1.101603725368826669e+00 -4.186400592570564960e-01 6.368101722421828370e-01 -3.947477612976100225e-01 1.962538868949569304e-01 -3.061344562585627815e-01 1.449135174322878639e-01 4.597562640097610509e-01
2.803494152556363694e+00 8.886150512695430992e-01 1.410209628355774125e-01 -4.913606742841718500e-01 -4.940163844198108833e-01 -1.077971431970723148e-01 -4.463428024243193404e-01 2.933456577142818517e-02 -6.579880079631194034e-01 -6.180257773851663972e-01 -3.007433121812266297e-01 -3.354812961149621908e-01 2.485654581634092752e-01 -3.823907631395234707e-02 -2.915798737794121909e-01 2.867173230465664968e-01 7.362725323630198160e-02 -2.244982996476096448e-01 5.791405442770503065e-02 -2.055878051658119321e-02 -1.940349796217844536e-01 3.210362200411028266e-01 6.346221870953065725e-02 -3.193416226001429825e-01 3.615825209842826737e-02 7.954227092288274070e-02 -2.293265122876634310e-01 -1.772231300224995088e-01 -5.955004868569702126e-02 -2.580136964105417263e-01 -5.731485355956775218e-02 -2.476797432012302069e-01 -4.963917748025001297e-02 9.365609330735658045e-03 4.566522365723099663e-01 -5.079924237485328176e-02 -2.120524874212101687e-02 1.364545772538235391e-01 -6.684165425446142450e-02 2.266824137757587343e-01 2.092009632532650654e-01 8.384083863527558300e-01 -3.178633986290478886e-01 6.420519513195955819e-01 -3.518838929477146049e-01 1.545334363169505454e-01 -2.131247753686274504e-01 2.077637177542022151e-01 1.759642026725097286e-01
2.888544581780497111e+00 7.879464301549351513e-01 6.410467116837537116e-01 -4.712898044276399023e-01 -5.255982104845046132e-01 5.142147856140671935e-01 2.992162114868047174e-01 4.093139091232823185e-02 -1.322099203033479942e-01 6.535035571017748790e-01 -6.461212517534686839e-01 -2.365483300702553304e-01 2.578756637243816430e-01 6.443758005246992271e-01 -2.071078741845069904e-02 -8.467801169092675773e-02 7.797689975554512598e-01 -6.932289501675429344e-01 1.297480850308731171e+00 -2.094050985292333911e-02 -2.499179790257412270e-01 -4.329542614783033483e-01 4.711957499006026451e-01 2.960639398508183584e-01 1.901374073934310460e-01 -1.756439826257386039e-01 1.544946827430410119e-01 -5.468711650963000714e-01 1.027998733899868067e-01 -1.072804126004690134e-01 -1.685860689506959165e-01 -4.033532980663242506e-01 2.932975185251374128e-02 1.299427580626771883e-02 -7.051436060798343952e-02 1.879824855219672519e-01 -3.245953367819102708e-01 -2.274579612125605665e-01 -2.963634787449725971e-02 -2.098032186671839050e-01 6.997556306761520961e-02 9.469746153026590285e-01 -5.077095638224937701e-02 6.515971493587195962e-01 -1.753555785346699869e-01 1.382866035487313461e-01 -1.027612238508665565e-01 -6.585132366417134619e-02 1.358086809747130475e-01
2.608259746747476626e+00 3.854631142567297442e-01 8.958841726911082048e-03 -6.413216137950339402e-02 -7.189284718466724122e-01 1.014363332023429098e-01 2.506015605859896467e-01 -1.522530618909966049e-03 2.102247482117561295e-02 -4.188690776754642187e-01 3.182611733280012456e-01 -1.200683079833895078e-01 7.924639488819304467e-02 -5.028680645643130998e-01 -1.821214428840645383e-01 3.175658209134241128e-01 -3.793806778764213239e-01 4.991562763017108606e-02 2.622870869769408086e-01 1.826548362877504494e-01 1.227647242223548263e+00 1.620826814836234808e-02 -4.229370508185381627e-01 -2.170138093364615550e-01 4.238377060951677988e-01 1.442399869899796405e-02 -2.178747223140504174e-01 -1.363062478899947916e-01 5.048258684146218478e-01 6.800618880480631401e-02 -1.053480182459748116e-01 -3.478031677534627053e-01 2.234081327754199320e-01 3.846425062114074978e-01 3.177279783454008411e-01 -1.240553129601129900e-01 2.231873794891431340e-01 -2.971048299142168281e-01 1.911796390793812084e-01 -9.150275795542790469e-01 2.842861618249578615e-02 7.713842438976263871e-01 -3.872752690757870209e-01 7.814174551767945065e-01 -4.351847904095962893e-01 1.670464403723765368e-01 -4.814585524800562566e-01 5.493161674976712039e-01 2.874723610737144330e-01
2.787900154205552816e+00 6.633054469699245503e-01 2.955411130830796207e-01 -3.926892661991563394e-01 -6.301820906189153915e-01 1.967235514878095115e-01 9.703817327942615423e-02 9.223654485885629528e-02 -1.604138828845932951e-01 -3.034088366552586402e-01 5.382373155314813806e-02 -2.378640069257169642e-01 3.294817230439841538e-01 -1.710014598298897348e-01 -3.486602721193746701e-01 5.461915381213017229e-01 -4.792878008243923182e-01 9.619925538244109009e-02 2.945914816056816043e-02 1.119179915828564520e-01 3.079634253373358943e-01 2.458004108837041346e-01 -4.302043281477077041e-01 -2.879670553156543633e-01 2.219044983963509299e-01 1.524294980094386687e-01 -1.055284212819985190e-01 4.312716433445045600e-02 5.857734624917447785e-01 -1.088414332503660764e-01 -2.480624629979515106e-02 -9.571846002527351072e-02 1.239984674636320783e-01 5.090160312029140544e-01 2.275325891534378253e-01 8.142237097919126365e-02 1.934094586660804471e-01 -3.421414684225813213e-02 -3.137834661524872004e-01 -1.668983246497169892e-01 7.327529324538459288e-02 7.672058026318961943e-01 -4.064629459604993666e-01 7.875313409074340409e-01 -4.550306664782545751e-01 1.911520629964317264e-01 -4.770777979092136190e-01 5.435342973522374610e-01 2.844593674651083037e-01
2.617879134949179232e+00 2.491323111812511204e-01 -1.716323001382566993e-01 -2.262158065196850920e-02 -8.890208935559227310e-01 -9.837064339001480584e-02 -3.428448547698024207e-01 -2.937656334186433127e-01 -5.979315433454420736e-01 -9.204887915634106799e-01 3.776411536289102644e-01 -3.423124543137313069e-01 8.233589608406868821e-02 -7.717855603782231011e-01 1.196369503740372930e-01 1.580937498562098587e-01 1.896603429781425210e-01 4.639677099173928898e-01 -3.347443909897626080e-01 2.195727339693337166e-01 1.058577130105623931e+00 -1.406476969917150877e-01 -4.836176257813952495e-02 -9.213741035077373243e-02 2.532570238761095993e-01 9.886268672571474347e-03 -2.046741819796983330e-01 -4.852921685055660433e-02 2.102058134181640503e-01 2.163205676625341023e-01 -1.408845070403626776e-01 -2.377580531249919860e-01 1.089144915740022923e-01 6.469950771593252492e-02 4.293642747093399659e-01 -1.814538169078706853e-01 1.591435240413946184e-01 -1.313275126673686677e-01 1.105268957790198625e-01 -5.537997928521243285e-01 -3.622975161872513117e-02 8.910234729587647173e-01 -2.331824323410305322e-01 6.926452086902088467e-01 -5.016356888371382716e-01 1.287897947266971044e-01 -4.750836980043401936e-01 5.137293025533019586e-01 2.607456019630199351e-01
2.801057090955295870e+00 5.376224561402802582e-01 1.199465984366061555e-01 -3.589323256559067143e-01 -7.973183480115556554e-01 2.114295005845412412e-02 -3.934329766831401454e-01 -1.397267544776890358e-01 -7.623709447473965284e-01 -7.590791803637583213e-01 1.423078659290264170e-01 -4.316813981473205386e-01 3.547333946803259419e-01 -4.225774307788477402e-01 -7.304507214282221494e-02 3.037688815281716082e-01 2.498949978049222753e-01 3.309330293277314428e-01 -3.159793313794154734e-01 7.404196835497270368e-02 2.761958941593801176e-01 -1.150856258895624484e-02 7.269492163130931994e-02 3.261313999820192322e-02 9.424593724113461413e-02 1.054083457744323105e-01 -1.625512782745698881e-01 1.131379293660112265e-02 2.298232893646163788e-01 -1.023437246966974086e-02 -8.093661661126086426e-02 -1.181738216297113508e-01 -1.841051340893817834e-02 6.676922688750813739e-02 2.869585136964997729e-01 2.434438409724678509e-01 1.469319131915520771e-01 -8.396841018546448432e-02 -1.741017394799829199e-01 -1.306429887975424364e-01 6.347544974758762004e-02 8.910041454579613607e-01 -2.646261256129204265e-01 7.205934928977441034e-01 -5.179238599215199024e-01 1.661444122135076196e-01 -4.377391221936580146e-01 5.333861478109622745e-01 2.809682443335225766e-01
2.998967638135449754e+00 8.545798555170641686e-01 3.338260482919233052e-01 -9.340038038469145043e-02 -1.231071628669740126e-01 -5.130530880779604619e-02 -9.269232990197286970e-01 2.234890818474566665e-01 -9.042491312583171847e-01 -2.922123070532878231e-02 2.540343592748386392e-01 -9.384385912661877827e-01 6.042324046478455557e-01 1.085302483277837959e-01 3.492636148340036439e-02 4.610607945554662246e-01 -2.354889636458436797e-01 -2.550701938089166010e-01 4.395920798014428810e-01 -3.695253617768867738e-02 -2.878168564567508136e-01 -1.050193573617958231e-01 2.279956734380321481e-02 -6.234875874430303999e-02 4.144282699279211446e-02 -2.595722055434290798e-03 3.790746311233080812e-01 -2.233881985682224791e-01 -6.301952470825902819e-02 -1.913520472260966943e-01 2.101894767742222003e-01 -8.169697623016558552e-02 -1.947538154359307327e-02 6.943357602901005787e-01 -7.130284412864285049e-03 4.087650660086995513e-01 -3.011392411362435739e-01 -7.620544455165217945e-03 1.841584991469547572e-01 2.122856888287127652e-01 -2.430269518679631091e-01 1.160362681503397386e+00 -2.790374127941007698e-01 7.954436264068458495e-01 -5.413778458150930728e-01 2.070360126151138958e-01 -3.622846164497589005e-01 7.683352473064680721e-01 3.866695144793951822e-01
2.868668679447351266e+00 7.895074900020265796e-01 1.769189442966945247e-01 -5.674466796689776604e-01 -8.460676280586536535e-01 1.020604973468132171e-01 -4.983641951618407728e-01 -2.650677803667405574e-01 -9.156361716435974518e-01 -3.826993030943973140e-02 -7.450020523084722734e-01 -5.799292917561773564e-01 -2.545325328489432826e-01 5.219060642333742672e-01 2.654344395302625781e-01 1.348168163289767685e-01 -3.275453441223487999e-02 -3.263435612649860373e-01 3.605393116779082030e-01 6.521610490051121811e-03 -9.424072233633791207e-01 1.247198212443871301e-01 -8.407526110657137508e-02 -9.132546846244993244e-02 2.477504843146091096e-01 -1.333333797339086857e-01 -7.491853458632435903e-02 -1.012889474833166825e-01 4.486670443834266386e-01 -3.514225856699640382e-01 1.822459776696874756e-01 3.090963204253150964e-01 -3.708855656174323001e-01 -1.953207354307588406e-01 -1.054556312971231535e-01 -3.188169641041174729e-02 -4.662522560352145851e-01 1.243880507840874894e-02 1.680994180333522103e-01 -1.676439819278967569e-01 -4.415553372997964576e-01 1.342710179482255572e+00 -2.916079198220553614e-01 7.540258807625593862e-01 -4.089930816379511169e-01 3.426993707394355715e-01 -4.777215447548343596e-01 2.809685026732577362e-01 -1.196006069411162248e-01
2.050793948792744459e+00 -2.393793058417532371e-01 -7.172384319189324398e-01 4.064471971391476757e-01 -6.325925883500000957e-01 8.759025081615801067e-01 -1.527326196091138844e-01 -9.328203384695104017e-01 7.944439214966382279e-01 -5.597482031407994274e-01 -1.090564561833149149e-01 4.050841893447565401e-01 -1.189617725138016890e+00 -8.520883593916317444e-01 3.984530262362451780e-01 -3.071217365953215483e-01 -1.066093595655013049e+00 -2.363624859975654025e-01 5.089147661227543251e-01 3.117011772268976633e-02 5.381659850356368402e-01 -5.780389160252474845e-01 5.740733090110866632e-01 -6.740658772147074818e-02 1.226922217069520205e+00 6.407298991019388934e-02 3.520156343890160078e-01 -1.238750339338653195e+00 3.447724660062758684e-01 3.728289947486990857e-02 -1.446609558043406851e-01 1.477418704123012905e+00 -6.120706734781128366e-02 -5.228582147051246132e-01 -8.300997281637731984e-01 8.274053781474914881e-01 1.299865760562316508e-01 4.238504637470241754e-01 -8.808842382281505401e-01 -3.708829382158643218e-02 -1.362153665715489514e-01 6.450435798107876373e-01 -6.094234667860958243e-01 5.796539745450097758e-01 1.586067777255245614e-01 2.334524043765405232e-01 -3.969945404116346777e-01 -4.818749284476036010e-01 -5.048987216948815915e-01
2.835000886562588640e+00 7.650353140729820867e-01 4.086243648422971386e-01 -4.904671027269564831e-01 -3.178561103729108384e-01 9.034471761973934534e-01 -3.684816939599502295e-01 -3.553295076020319132e-01 -1.608138835692931590e-01 1.795549279825884303e-01 -8.918989499699260248e-01 -2.633691857070882825e-01 3.213191818098981578e-02 4.686927151355263499e-01 2.779144622565247191e-01 -1.716216499775464477e-01 -2.266360699538132739e-01 -4.871085939573341350e-01 9.126753090421443337e-01 -4.422311989440014246e-03 -3.575540473219338544e-01 -4.329673865059328608e-01 4.737417077317527259e-01 -9.866739077800190660e-02 5.999267466952108441e-01 4.585280504890615338e-02 2.900316476972755741e-01 -1.402228091092914797e+00 4.255460669092317461e-01 -2.520890788676452554e-01 -5.021931476687232498e-01 9.297631989805682506e-01 -2.279817622196527171e-01 -5.369040829913209745e-01 -7.139940635264478974e-01 8.919574415764289776e-01 2.292317643640593983e-01 4.974848713144607304e-01 -8.347167961812551606e-01 9.397704741171516996e-02 4.484945877290961724e-01 1.728554392896938463e+00 -3.898080628332012409e-02 1.340135241885606510e+00 -3.316479056153698868e-01 1.931437938989775116e-01 -1.041431919891245284e-01 6.393717150582467479e-02 -1.084556585141982499e-01
2.880178984486456706e+00 7.425849711251059082e-01 2.323325027704665757e-01 -4.282179006202779803e-01 -7.264513935437473258e-01 4.278965409715490553e-02 -5.292128393120509866e-01 -1.050662943063484234e-01 -8.616460664169709460e-01 -3.728959032314665967e-01 -2.204652320807153620e-01 -8.330180241359820270e-01 4.213340999451606894e-01 2.418772326068691081e-01 -1.639060104937800355e-01 4.214700045383729110e-01 2.161655858051561296e-01 -3.381881507852024793e-01 5.052547527041569841e-01 1.529381898023031428e-01 -6.862501078695992796e-01 1.052206155477170557e-01 1.451911527682934744e-01 -1.373930423066782314e-01 2.129170508540886853e-02 9.914106410904827138e-02 -2.291233547913898438e-01 -8.967343593862014961e-02 4.501071568440662141e-01 -4.755818234745784467e-01 6.242648992832136590e-02 -2.585957542145780330e-01 -2.246322119758973057e-01 1.210270484659460299e-01 5.096381269466765396e-01 -1.375235628857575942e-01 -6.658373278600170087e-02 9.004913534327835256e-02 9.418141519633690950e-02 -3.144195484899497961e-03 2.106832624601047976e-01 1.383963330808873682e+00 -5.044509269302294152e-01 1.253211046731287137e+00 -3.601490547789265584e-01 3.090282944517103725e-01 -1.811797917521475454e-01 6.753004729475319268e-01 -4.431074059079560812e-02
2.877734653535238607e+00 8.632074006931315102e-01 4.446319264475373512e-01 -2.730443813474132675e-01 -7.502317047604967204e-02 -8.567651820663449436e-02 -2.566327784547582924e-01 3.872201562774841427e-02 2.699706919148207040e-01 -7.723172988300056052e-02 -5.253062119455026435e-01 -3.889780639327152234e-01 7.756340183381419395e-01 -1.911579238384544244e-01 -5.557674076935810170e-01 2.417931849101817299e-01 1.648503252447092449e-01 -7.346745738886924226e-02 4.358784332847379650e-01 -9.536270150268139068e-02 1.781204387901785147e+00 -5.911673644913210124e-01 -5.568159250166594409e-01 6.041658761521113696e-01 3.522911574760321241e-01 -2.390716316942025910e-01 1.138327545572107441e-01 3.870987054429624041e-02 -1.279065434113328403e-01 1.914993641834984023e-02 5.490731796241050677e-01 3.340274005118933909e-01 6.360514650091612099e-01 -9.490747496646273484e-02 -5.654399488473236257e-01 -4.239856537685162685e-01 3.519565188828618352e-01 -8.163900559257328826e-01 2.188718175253955567e-01 1.383675404266308806e-01 -6.573831822767119970e-01 2.126853863415230972e+00 6.468377512581853228e-01 2.617349906904899992e-01 -1.168456942226421824e-01 -1.020640174957034851e-01 6.355507115642293758e-01 -3.073853798780597502e-01 -2.942588778014451623e-01
2.842573213330523707e+00 8.641098598143513998e-01 5.079457015812358645e-01 -2.792660736024974444e-01 -3.455637079921360932e-01 -8.513103130592516998e-02 -1.683730483265996891e-01 -1.937784844609087842e-01 -5.258606336262771075e-01 -4.081483217784224182e-01 -7.954444441843147584e-02 -2.574064201318267964e-01 7.898806923603373109e-01 -6.004444025618738134e-01 -2.007156458639648700e-01 -2.209813666327280490e-01 8.592673083120496713e-01 4.614335561203438130e-01 -1.625561099117656116e-02 1.137544502197750662e-01 1.698160809292828421e+00 -4.543121916464009646e-01 -7.721177774584700448e-02 5.726218911361151687e-01 1.606315810980030179e-01 1.862893754849139216e-01 1.067656974653466290e-01 -6.926506100599030824e-02 4.036510272950843969e-02 3.987046151430708729e-01 2.450280036358973568e-01 2.554528549618172439e-01 4.837582667464235264e-01 -3.409562141878794139e-01 -2.987245700740086551e-01 -7.628343920608654516e-03 5.946244515449239376e-01 -9.143228195821946347e-01 -2.216334674211505873e-01 -2.989488285499028453e-01 -4.069206430136036445e-01 2.235131215981108976e+00 8.307092363292651882e-01 1.722099216444487879e-01 -1.319135010949469833e-01 -1.620876982795289023e-01 6.044506010193457790e-01 -3.581160585382970329e-01 -2.999591229463471342e-01
2.131550189331991696e+00 -3.421961226445291437e-02 -8.525817823042108889e-01 6.499252348116097977e-01 1.266963125314489180e-01 6.052275656435019968e-01 -2.664738044559203378e-01 -6.032901442023870242e-01 8.463201221066584123e-01 -8.032223632588496587e-01 6.272509763331378663e-01 1.259935430663195743e-01 -6.122349521491931013e-01 -1.031121138598116271e+00 7.744389815391675702e-01 -1.751500036914367953e-01 -1.143501641625935372e+00 -3.399358167175575152e-01 7.216160016418168288e-01 3.938018714858285696e-01 7.693253925932879156e-01 -7.044426487838599815e-01 2.400899298833100715e-01 -4.137219415177835202e-01 9.723360315492648454e-01 3.636984427399842512e-01 5.725921833819603846e-01 -1.460787289398640443e+00 1.438224204260408479e-01 -4.371049677717648435e-02 -2.394266645674417160e-02 1.259981417762496836e+00 -1.879985847414771538e-01 2.490946249806141877e-02 -7.947307937040928305e-01 1.087935931330056061e+00 3.279436228195393710e-01 3.566649591926793761e-01 -8.222290678996437840e-01 1.269218673001962505e-01 3.557307428493991508e-02 8.081208225255873678e-01 -5.229207743824354493e-01 5.863309686551003708e-01 -2.477276551412165295e-01 2.531062052412276220e-01 -5.250087242237242435e-01 -6.258487384847299939e-02 -2.649272938365653807e-01
2.761595124277399727e+00 7.142146621745758539e-01 3.488713791358544203e-01 -4.721277245682129475e-01 -3.624003020773793882e-01 3.740383925055973391e-01 -3.492522328085942984e-01 -5.473461597116727750e-01 7.795692440299631376e-02 -3.082734425246684284e-01 -1.598679093487841874e+00 -7.660077210600552133e-02 -3.019368737678948533e-02 6.363781308799110192e-05 -1.659353072393745798e-01 5.253405061245697283e-02 -4.019140415817907819e-01 -1.195094932200927579e-01 -1.720558196113020355e-01 2.905029725901961402e-02 -3.831442282729872750e-01 5.208637568339169466e-01 -3.861623579489222025e-02 -7.082227150670119542e-01 1.179794658636964672e-01 5.937550793815633554e-01 -5.020091283983277863e-01 -5.920496447303013055e-01 -1.919800222582289662e-01 -8.235250935494760338e-02 -3.444475765334222839e-01 1.815355133434358725e-01 -3.656836517022771238e-01 -4.255266647918596878e-01 -3.503787216315180086e-01 9.734999963535083678e-01 -2.065441491527321149e-01 6.358540520776884142e-02 -3.676029498319564048e-01 -1.122069551721038422e-01 3.024489025024502675e-01 1.632636883750802514e+00 -9.491067708729694630e-02 1.432255516763066172e+00 -3.231824986535202227e-01 2.133317981596389301e-01 -1.395606711497883734e-01 5.119372251110054783e-02 -1.161580416556771966e-01
2.206021132194884160e+00 -1.914645810749106003e-01 -6.870511329617938756e-01 4.265592547718259908e-01 -1.284201267213619158e+00 4.298111445281245224e-01 -2.796285005223931308e-01 -9.069929035003849727e-01 -9.731393581357358769e-02 -2.493496317098138348e-01 -6.026247304515985892e-01 5.084421274473460012e-02 -8.379418501834631217e-01 -2.503696350154281380e-01 1.644448787327483341e+00 -8.596547838791133156e-01 -6.697537238301787266e-01 -1.166214625069297711e-01 1.573425095659242157e-01 4.382544202618439133e-01 6.693800977418548626e-02 -1.663197911441866017e-01 3.482064319536649633e-01 -2.277071302229559668e-01 7.626394967457583718e-02 -1.903318196394026551e-01 -4.785787009573979484e-02 1.274929411989124128e-01 2.869323366475666215e-01 -2.340601688014371240e-01 6.027001446535367180e-01 -1.663381851862738570e-01 2.069366126126329086e-01 2.016505386233882202e-01 7.608718300139718504e-01 -1.299883088842296086e+00 -7.774752173831379898e-02 7.244588314717543831e-01 1.284016327614874442e-01 2.420196715377865015e-01 -4.181204597212415108e-02 3.544138492435644494e-01 -5.611260794183693390e-01 3.785616523423063207e-02 -1.651352091262784372e-01 1.726090485659825813e-01 -2.990236280498434485e-01 -2.431774262256174435e-01 -9.296570577100347205e-03
2.229855505271520322e+00 -2.688098134018896412e-01 -6.292565550509101602e-01 6.018416014497436350e-01 -1.235830122560588329e+00 1.075357844762463433e-01 -3.944139382751648548e-01 -4.790008008070484324e-01 -5.652720643057980165e-01 -6.709501973218937598e-01 4.514160325617707636e-01 -4.030507596955388849e-01 -2.805487063077659604e-01 -7.193109653751568189e-01 1.722514330944604766e-01 2.872888656975439714e-01 -4.659882245231260489e-01 -2.375110049882668273e-01 7.066106101963166575e-01 4.185834158555464812e-01 8.952286475329342963e-01 -2.457155138494988011e-01 1.392404542154207503e-01 -6.360128203775210209e-02 5.312451227620007543e-01 -2.196911475912158296e-01 -2.401813362647808314e-01 -6.097149984901095721e-01 7.236267764979498196e-01 -4.222273123924125821e-02 4.284609405907472413e-01 -3.151447756662069666e-01 -1.921800107272425562e-02 1.226867741809109791e-01 6.859568848934343155e-01 -1.025870357132550259e+00 -4.196526150569386271e-01 2.739348078327275005e-01 7.137367869567248779e-02 -1.521054585255632585e-01 -3.927173007901038626e-02 5.219959988315636679e-01 -5.032197875949758759e-01 3.161463034497269953e-01 -5.446627655084259612e-01 2.539288070423204591e-01 -5.520818277536867491e-01 5.922276510697243035e-01 5.020500690794121867e-01
2.876932513548918990e+00 7.963974663099954165e-01 2.076925842005037381e-01 -4.569748821030308328e-01 -8.066636307319469124e-01 -4.464305351726982618e-03 -5.767580915587680046e-01 1.839542496148858369e-02 -8.974280671080981930e-01 -5.233176318530454729e-01 -5.621940448700205040e-02 -1.010362291345207497e+00 5.108686134715402227e-01 4.118477135503038622e-01 -1.523145689538917547e-01 4.564393710685269445e-01 2.060946358088428243e-01 -8.083889921501568043e-01 7.740283845053871348e-01 1.141423829435851689e-01 -6.323050985376428290e-01 -4.045735023119422236e-01 -1.118299012752242694e-01 -1.091861187368697167e-01 -4.971814801664148353e-02 4.523842755364140822e-01 -2.259671834974370519e-01 7.519525970333866827e-01 -3.011459326522517022e-02 -7.493845765081244559e-02 7.741994678084025694e-02 3.614446243373037326e-02 -1.940465313298014027e-01 -1.237992215566667831e-01 3.574054237972773551e-02 -3.037477095102780744e-01 3.592752164268063764e-01 2.354283118246020823e-01 -4.079334312947910934e-01 4.623963703571385420e-01 6.554572826807913977e-01 1.576643267939080051e+00 -3.807939342317590015e-01 1.270319287632606153e+00 -3.609228055020279324e-01 3.019932714756239922e-01 -1.699413155630076777e-01 1.655708777498856588e-01 -2.463247867730747609e-01
2.869371159208551347e+00 8.698118018917041505e-01 4.446082920457821164e-01 -2.805932358051050901e-01 9.952193044113766263e-03 2.832551888758882974e-02 -4.439534299810335982e-01 -3.748795920194687020e-02 -2.866159424364402020e-02 -3.003276323383499147e-01 -5.781659327492223444e-01 -4.803026189805476021e-01 6.795353589637257441e-01 -2.003596225403245779e-01 -6.067458815895834245e-01 5.041318550062491299e-01 -2.419408550709068739e-01 -1.324847851311933104e-02 1.757764430410306833e-01 4.333833953068766398e-02 1.253620548374130728e+00 -2.428640149548973448e-01 -4.417921175834479408e-01 3.085604872300171664e-01 1.590307306325718373e-01 -3.218912078631139817e-01 -9.808319819203811796e-02 -2.904359872337303750e-01 2.399529799285423093e-01 1.094496166889981636e-01 1.467115610368178169e-01 1.456464196317407422e-01 1.369234499457462340e-01 1.520451761285182002e-01 -9.451456911117206428e-03 -2.182606877845781057e-01 -1.135393143911087865e-01 -4.242296643257175148e-01 4.342629708282941259e-02 -1.213796506521936241e-01 -1.760449002904098392e-01 1.876628740332626943e+00 3.103873725025665387e-01 8.963836351686766957e-01 -5.234810951577359983e-01 5.109005369378571970e-02 2.949858388714041713e-01 6.414444827415918260e-01 2.663385046945569434e-01
2.190655287857154576e+00 -1.777479086877501446e-01 -6.604940433850896575e-01 4.148321674529811265e-01 -1.269678072569733196e+00 4.068348141627970982e-01 -2.115210458346775124e-01 -8.301005801766527803e-01 -1.217554191577626121e-01 -2.267904255158134097e-01 -6.456855654040202230e-01 -4.556473837811979982e-02 -7.287574772400119416e-01 -1.031384096513017767e-01 1.686093778450729941e+00 -9.026141456794490869e-01 -4.865776796641415602e-01 -1.927898914247258844e-01 -1.282582064097531616e-02 4.334017746321483511e-01 -1.169665505316283549e-02 6.025286249389688598e-02 2.445848116490475510e-01 -3.817123403358012590e-01 -3.876914491742866620e-02 -1.412957412665274970e-01 4.272278735814107054e-02 1.708646863566528062e-01 -1.299322213265237114e-01 -1.136793362844794320e-01 4.212015277366064625e-01 -1.144328346360620197e-01 2.968686280902519403e-01 1.449933640950345215e-01 4.952470097093958912e-01 -9.258362002998636875e-01 -3.505930863030147504e-02 6.608561244044659500e-01 1.983026244587126063e-01 2.462403940887875897e-01 -1.652555767155080846e-01 4.747313686492584672e-01 -4.623557309720396358e-01 4.500506403641383324e-01 1.811827754489866438e-01 1.705200457694251992e-01 -4.794493898579821889e-01 -4.283156582470556417e-01 -1.165858933741404091e-01
2.689180118413007747e+00 7.099752361889876129e-01 7.951589123043401042e-01 9.961076608369423546e-02 -1.415934914747213114e+00 5.832195743299918300e-01 -1.697904185180701297e+00 8.941549527799041996e-01 -1.419924183532276230e+00 6.014886902873070040e-01 -1.539316933654282515e-01 6.873704455664146895e-01 2.201539387684887938e-01 -3.301932083240912141e-01 -2.178242049495275057e-01 4.782039945707408091e-01 -3.957904868273301457e-01 -3.775266106959279111e-01 1.706300036988563917e-01 -5.722826277161885411e-01 -5.031719289688671992e-01 -1.807299843894721869e-01 1.713700195911379565e-01 9.235003382952702844e-02 -7.682512906560085009e-02 1.907207528635390670e-02 -8.716775615541827449e-02 -3.055581474769674677e-01 -6.184202375156555576e-02 -1.516997556762453847e-01 -2.544094658704596501e-01 -2.020661751945331819e-01 -1.938985944704660902e-01 2.819061019728614781e-01 1.670775539507462493e-01 -4.354975307158853726e-02 -5.710071110830470253e-01 -2.486929812607610035e-01 -2.321385017898669467e-02 3.712260018656947658e-01 9.864396099237011939e-02 9.529224263172664244e-01 -2.878614380368249570e-02 5.788168614757975838e-01 9.256197935404486543e-02 1.540434080741525102e+00 -2.018608371769549659e-01 1.669159035799663293e-01 3.641195452846147096e-01
2.669497716714311686e+00 8.508748195656729019e-01 6.195650150268356970e-01 -2.302440267074756797e-01 2.494081209965218759e-01 3.073866968517129372e-01 -2.317482409244568942e-01 -6.611882644311848356e-01 4.310303443716014815e-01 -1.597554865414708702e-01 -1.265954465036135623e+00 4.387061354099251465e-01 4.212588218178123234e-02 -3.728234816934578033e-02 -9.645035107495947280e-01 4.792929675947052437e-02 1.565790618181834293e-01 3.423677635483272086e-01 8.151265115037437115e-02 -3.979373854100412000e-01 -9.781891646481848113e-02 3.073564609256945745e-02 -6.326499572249136838e-01 -3.819200551888485284e-01 3.029841055347249346e-01 -1.899461957344016905e-01 -1.086987352619490643e-01 -1.603683912932297312e-02 -6.386107103226508208e-01 -2.848704195988059906e-01 -1.037163840392656133e-01 1.073336702285820898e-03 -1.514822742944504086e-01 -5.664754233936220018e-01 -3.676733649288419503e-01 2.712318860902322992e-01 -6.338266008616183500e-02 4.672009383884637712e-01 2.113437779536636585e-02 -1.468884157737791463e-01 -6.426239138963232844e-02 1.595475658706361433e+00 1.618896743029134555e-01 9.385961576888595115e-01 -9.646741318543616828e-02 3.351471927782434523e-02 1.610185082000099022e-01 2.478109892243794410e-01 -3.689890089055233163e-03
2.705535724875932857e+00 9.327451896972166479e-01 4.910233455573431716e-01 -4.318915488506698264e-01 1.615308517866500537e-01 1.095310924899117744e-02 -9.651404901278257120e-02 -4.218550032504184144e-01 2.637019150988914040e-01 -1.694155693543085150e-01 -1.015789140757383135e+00 2.827539319222676095e-01 -7.534509694199374719e-02 -4.587867478593815607e-02 -5.999578489405694715e-01 1.074796314493423055e-01 3.938994320717901232e-01 1.976211849240487872e-01 3.188717414037145481e-04 -5.468058894867914299e-01 -8.241006694260974430e-02 -5.835568189528297367e-01 -8.486637007272088695e-01 2.855631573246921739e-01 6.631502328324662132e-01 -7.298053107738309286e-01 3.590646264156607814e-01 2.401989204452670001e-01 -4.580831744601330247e-01 -7.979990519929860415e-01 -2.539868912537225354e-01 2.307553457978642752e-01 6.147825652467359125e-01 -9.049051708613370382e-02 9.725771339697664164e-02 -3.488329228583127994e-01 2.090896396192510887e-01 -9.189671490411975563e-02 5.157029761028736337e-02 4.007160661089047560e-01 -2.079014898979430759e-01 1.710811705385478998e+00 2.309595801299972884e-01 8.976206343012842481e-01 -9.480326119688076147e-02 2.793142069916931813e-02 3.919505052024644942e-01 2.300293441748691992e-01 6.385349701951471835e-02
2.709890593780826862e+00 9.701176970060191307e-01 7.683941972546419752e-01 -1.218148782796024676e-02 -6.947064240077488462e-02 3.713693435255940312e-01 -5.555860285733129622e-01 1.389168865135120556e-01 3.493447515391592262e-01 4.690473534075419448e-01 -1.110003564512477059e+00 1.608298636993816810e+00 3.262615840479226037e-01 -1.775830856556127602e-01 -1.169708706500940831e+00 -1.444712764860106580e-03 1.302853130401419590e-01 1.163816333981489010e-01 -9.308264767591223343e-02 6.482749215762370620e-02 -1.379423121797369867e-02 1.377400778721958874e-01 -3.390094768944845738e-01 -7.122515298496714387e-01 -2.646930430429853542e-01 4.315955113389812747e-01 -6.277431146631320402e-01 4.644434769310301081e-01 -3.763382399869825701e-01 -7.792263131100814200e-02 7.809372251110199836e-02 -1.224967258309695994e-01 -4.772902793273581801e-01 2.602566649638927143e-01 -2.480743262968131413e-01 1.976288461039552857e-01 -3.966972619830572144e-01 5.833592100125789548e-02 -3.926944873647295609e-01 -3.907918042535561964e-01 -2.226948834686589274e-01 1.277408518488682088e+00 8.108909400771593390e-01 -1.839572041258522028e-01 3.235196964591156021e-01 1.128530462166234205e+00 3.848623923638533895e-01 -2.881614561607183655e-01 2.054176225100399489e-01
2.407376621355492574e+00 9.806547619511951641e-02 -4.172220240355242193e-01 1.240836370723186199e-01 -1.240772034415682956e+00 3.669254649796639400e-01 -2.453798797833933454e-01 -7.105161031162795515e-01 -2.313223013302046771e-01 -1.813116418284312359e-01 -6.705504786227226566e-01 -1.444991335471429439e-01 -6.597571225153500141e-01 4.093463415120679461e-03 1.597890489831123473e+00 -7.897504331547381407e-01 -4.939728360487167791e-01 -2.877943307266205009e-02 4.087971901346065806e-02 3.883632699505800145e-01 -1.223015749048829565e-01 -1.073237394563366365e-01 1.605789869073181997e-01 -3.514785563418805214e-01 -1.097731576196428471e-01 -7.536495153600258901e-02 1.966720647320445436e-03 3.894653337874869337e-01 -7.426888909366380354e-03 -8.531354451814533724e-02 1.862741298513678478e-01 -1.972720438113279018e-01 1.858088492278104353e-01 1.760156885173822794e-01 5.882343437125991947e-01 -7.320467864747506326e-01 9.677827902292326923e-02 5.609381078726232150e-01 3.606060615249266910e-01 5.087938436632041816e-02 1.132810374061930664e-01 6.356363366738615461e-01 -5.832739293905522260e-01 5.137855641630768577e-01 -9.714257970583206614e-02 1.728706672512284603e-01 -2.334524529099261669e-01 -2.704087242339666686e-01 -1.017558714449350171e-01
2.696307423091241162e+00 9.718756710567449941e-01 7.243075312804603261e-01 -1.098211417606849150e-01 2.366529703170966448e-02 5.245161715153702220e-01 -4.327217402322990347e-01 6.473870135850362528e-02 4.738961365232298162e-01 3.422042739020646485e-01 -1.188638863122724265e+00 1.569058627706168441e+00 3.026364633051196185e-01 -1.448542629085270428e-01 -1.320678829658884057e+00 7.119980383280388736e-02 2.393840659477899924e-01 3.265333810922962376e-01 -4.030462761685227324e-02 2.112791413596643297e-01 -1.524857052652043021e-01 1.377037126593520511e-01 -4.238545757759055732e-01 -7.704334354773431093e-01 -3.934110831015744103e-01 5.891264258700954493e-01 -3.803292776184015178e-01 4.010220667426528940e-01 -9.689358625682709114e-03 3.562923570675180507e-01 2.594275537791917441e-01 -1.036911229471177975e-01 -2.705223873886579145e-01 4.294629805187065164e-01 -3.357026737702121788e-01 4.243430294662189906e-02 -4.756655409990629968e-01 1.870182531728245834e-01 -2.190605773653634403e-01 -1.356014695006232673e-01 -2.974764328918264589e-01 1.394371889219908400e+00 1.001771599423798786e+00 -3.639273782191532747e-01 3.201149897038157999e-01 1.065288336736361030e+00 4.157873800920452445e-01 -2.705361085539457200e-01 2.005412354782520334e-01
2.190472114279276461e+00 -4.031264094572015733e-01 -7.712683318380508801e-01 4.372858930551237755e-01 -9.307331083451907405e-01 -9.427773313226622820e-02 -3.518050472685596564e-01 -4.665304462358418336e-01 -1.938709977554805841e-01 -9.369107703690838784e-01 4.139024233526275021e-01 1.211826311766037584e-01 -4.993410831961486718e-01 -1.142071044061972129e+00 1.240031303482257985e-01 1.673110229111280656e-01 -6.371829555617825047e-01 -6.987157486184575328e-02 5.458183355833708950e-01 3.302649356472969755e-01 1.120603969711635228e+00 -3.330930958049037605e-01 1.848918383525987863e-01 -9.281936617942063150e-02 7.362637653938226556e-01 3.987607840218249100e-02 -2.201047403385917312e-01 -7.906110264371644103e-01 6.408667360315112305e-01 -1.367802425841850300e-01 7.223335117133501404e-01 -9.200411419867682294e-02 -3.720913172865464302e-02 1.192241881879955168e-01 5.720912855586286483e-01 -1.145737568120245742e+00 -2.747290771491790462e-01 2.952961707752008724e-01 -1.643325616736451278e-01 5.815311884425891642e-02 3.414011289279743622e-01 1.674488157885072326e-01 -4.515795178115085129e-01 -4.177792687276550843e-01 -1.002601189872691090e-01 5.106292013278609931e-02 -2.151735858711135152e-01 -2.974193889836277416e-01 8.270205343551798038e-02
2.799151987162212585e+00 7.560121014374449055e-01 6.443762176381209184e-01 -4.007742309674378056e-02 9.031133122413026459e-02 2.498319394054955289e-01 -4.197162210244410052e-01 -4.005744670967837928e-01 4.450383310970973394e-01 -2.238766873854554640e-01 -1.013250153411800580e+00 -9.246525375813623160e-02 5.223195609821440488e-01 -1.695754268773078111e-01 -7.009891913069582481e-01 1.423693634079194748e-01 -3.025365210485808642e-01 3.278901286497869494e-01 8.372467948185524644e-03 -5.955484495968710323e-02 7.597258774110444701e-01 2.310586128548197116e-01 -4.206742861697042590e-01 -4.056396542854204812e-01 4.361287941085983944e-02 1.000532456254623059e-01 -4.009605445550191716e-01 -1.367378683165050568e-01 -3.932922955154751765e-01 1.609960161866045847e-01 3.639491927691671652e-02 6.151514161357507504e-02 -2.544867847916226777e-01 -2.297654532273125105e-01 -4.830945337460469391e-01 4.890891456855757102e-01 -7.061774117136435103e-02 4.691695270848121879e-01 1.605500808508511790e-01 -4.416755574682976193e-02 -1.256456524750690640e-01 1.767323706529898342e+00 2.081731973285712023e-01 9.669319667676401497e-01 -5.144436111273948953e-01 8.763713205806977768e-02 7.661676013289570042e-02 6.455017173287390664e-01 2.120746209355752476e-01
2.001747366837859587e+00 -2.719847927498781903e-01 -6.442040357437581743e-01 3.517929517654942995e-01 -1.002187643210199486e+00 4.560203509832072566e-01 -4.217828160528594439e-01 -7.688408617763613506e-01 -1.862253715033907187e-01 -6.267963590692106068e-01 1.314307837818892710e-02 4.702702234292444050e-01 -9.095283377610607900e-01 -9.528809233051509509e-01 -1.265590612972098128e-01 1.232020869060019008e-01 -3.498828009247783033e-01 1.761089242066481153e-01 2.042830373183673887e-01 -8.653125487977403330e-02 1.339297972588046615e-01 -5.645382411233345055e-01 -5.127749035054197657e-01 -3.776205847506296231e-02 1.152338456995313010e+00 -5.694340710365368707e-01 3.744461278579647168e-01 -5.288089016705002088e-01 -5.250188734349534592e-01 -4.921262410217857042e-01 -3.650973692948421556e-01 2.790337766907383665e-01 7.219701966213917244e-01 -3.178205158073127978e-01 -1.522263895115910648e-02 -2.092007494942362544e-01 -2.639721878597398041e-01 7.327858970964097329e-01 1.368619058485246454e-01 3.507008180182126234e-01 -5.851064322123186723e-02 4.964782767238760108e-01 -6.622628632225944223e-01 9.116688632895935118e-01 -2.656184645133474742e-02 2.866403945831854094e-01 -3.747676473919540618e-01 9.449748581502503963e-02 7.912772733192657837e-02
2.326418963385760819e+00 6.011473343715501017e-02 -4.609694095441108086e-01 1.036129789766166986e-01 -9.986221473481483590e-01 3.200433904052989442e-01 -1.050276087699900385e-01 -4.923031682172783197e-01 -2.744232051316989884e-01 -3.431751392727683814e-01 -7.569028705318586736e-02 -3.420990945898249452e-02 -8.232497471079236462e-01 -1.985285425263458303e-01 3.259704897870070728e-02 -6.411931588043699726e-02 2.219636306241488943e-01 1.886286757629258848e-01 5.212455074958888268e-01 2.512289790346230456e-01 -5.886254230894698569e-01 -1.760399831108230562e-01 7.494293538303213598e-02 -4.317455843874541399e-01 9.978123743658784406e-02 2.040007385802317663e-01 2.070426990431216696e-01 -4.434726841058598407e-02 6.045949840172017975e-01 5.136283069107736576e-01 2.269369295009300846e-01 -2.655876478223510029e-01 7.327258120944479813e-02 3.876999545255715995e-02 5.022976922324504656e-01 -5.195396813454206120e-01 -1.085931817661545951e-01 4.051916539293169972e-01 4.489002318272445891e-01 1.615054812953257979e-01 3.200679958214103227e-01 5.536413370952066870e-01 -3.635215414539965106e-01 -1.057546031977550927e-01 -9.894452117217195086e-02 -3.608761495129056418e-02 -8.758699422453913863e-02 -2.731394474678817130e-01 -1.190265762362404389e-01
2.049395008907270110e+00 3.848580912628227768e-01 -6.225235437120404391e-01 1.243412238685123405e+00 6.645642709738415199e-01 1.376932576131206787e-01 -9.795784943793928168e-01 4.187335028519182378e-01 7.632211895455882633e-01 -1.840337772391604787e-01 1.232598611793470189e+00 1.729735913011301696e+00 -6.400891392980777583e-01 -1.826959296592640891e+00 7.128061713921947096e-01 -6.480370616324794553e-02 -6.490196567697519292e-01 -5.335578261960582935e-01 6.291914176607408260e-01 8.419102612126361240e-03 -3.411497881019582290e-01 -7.087131224280349695e-01 5.967816679161737081e-01 -8.090976176488900995e-02 5.148468254880023132e-01 6.466014724706248273e-01 -1.616544457130606460e-01 -8.546989850267149302e-01 5.402372482369718343e-01 -6.586120984604209028e-01 7.408882388525703799e-01 -2.350527736658394318e-01 -3.662158236783163989e-01 2.998367622919628772e-01 6.107031256971326982e-01 -1.132265152804673436e+00 -3.708292255339378785e-01 -2.992719340874679113e-02 -3.588326779406950662e-01 5.896711079925326393e-01 3.602918034920434276e-01 5.504819179396611695e-01 2.129471830821441092e-01 -7.910829907062224553e-01 4.522480511412081405e-01 1.437594334825708975e+00 -4.797661799247276426e-01 -5.498405186803041467e-01 -1.357962326746564863e-01
1.877912094090935291e+00 3.058127913220309857e-02 -3.867247015042549751e-01 8.326292425662926711e-01 -7.253298905853580170e-01 5.960790099371504613e-01 -6.854471652086528977e-01 -2.191856124234544123e-01 5.331656948441402255e-01 -1.271936510024181954e-01 8.484959015313481290e-02 2.298693179289891475e+00 -1.307230661692452278e+00 -1.679570320381874815e+00 -1.434478407090098717e-01 5.484437068373820834e-02 -5.355963482499633832e-01 -9.021647077263899028e-01 4.551196954010617857e-01 -5.458376110529127301e-01 9.038011435038878494e-02 -6.779257698456260250e-01 1.364007348224016702e+00 6.735937627441478392e-01 9.173068848238552508e-02 2.472233003748325886e-01 -7.895810413883540546e-01 -3.161061725648406928e-01 1.121208755484117470e+00 -7.260340112267599233e-01 8.195899523650499452e-01 1.190379429867413075e-01 -1.689480353734817974e-02 1.490057108360776927e-01 1.540468609002497713e-01 -1.294810267591993691e+00 1.987162872411840295e-02 4.088223211476226249e-01 -1.896899433177767769e-01 2.556737677155997979e-01 6.763617704345384896e-01 4.394909661415047353e-01 5.120549279246744412e-02 -7.178405574950981194e-01 6.812075490193409966e-01 1.459081886710603015e+00 -4.686814433764058818e-01 -6.303934235352106619e-01 -3.142336547406005542e-01
2.062792778592557497e+00 -3.406434245791398752e-01 -6.595157708700580823e-01 4.057682123445869316e-01 -4.617608431434384042e-01 2.767242271019602073e-01 1.466864574366497087e-01 -7.851059040464665184e-01 6.918790229092749433e-01 -6.272383787742179528e-01 2.131105671695468495e-02 8.405194995532686564e-01 -1.056977995349960064e+00 -8.191597202635982899e-01 6.470730408243913212e-02 -1.089444571344290041e-01 -3.947469998406908931e-01 -3.567404643556708610e-01 6.190007755331577988e-01 8.408750955985894171e-03 1.907677953789713166e-02 -5.809229652608596250e-01 5.632865969663524153e-01 -8.018945751837799896e-02 7.144120194224299336e-01 2.565869235615514943e-01 -5.051394247567430468e-02 -5.605298756452063991e-01 7.243398121588173755e-01 -3.931420262567687507e-01 6.314737415884311700e-01 -2.433989767454070030e-02 -6.031353045679654912e-02 -5.013051931223244662e-02 2.034729767221485353e-01 -1.313208478248479416e+00 2.773853756097681075e-02 2.147977441412581012e-02 -4.593209087056353557e-01 3.598313801947647939e-01 4.596576410372208432e-01 3.959113581120465852e-02 -6.040516698247246907e-01 -4.602529458697723341e-01 5.655606688096834755e-01 2.057424852056655151e-02 -4.702881989226231352e-01 -5.467911069047932671e-01 -4.244196471798337700e-01
2.779919719133169487e+00 1.013687177402029516e+00 5.083501428960512936e-01 2.346657649967642811e-02 8.436536007061119502e-01 -1.133614920077551103e-01 -2.480493720583311357e-01 -1.726344640840135336e-01 5.976478557459931062e-01 -3.358106529375193272e-01 -4.799020697614467812e-01 -4.999188399523213366e-02 4.360790882760635645e-01 -1.154699231271389404e-01 -6.020356015607336575e-01 2.061801071704536803e-01 2.101319962163175348e-01 2.375409419900697816e-01 2.785148495601315055e-01 5.521151070433386043e-02 9.319278361935254273e-02 -2.173573372451068075e-02 -3.173376211574192585e-01 -5.294861355592654917e-01 -2.647491903344934561e-01 3.606442672941360672e-01 2.781232848002702096e-01 4.425193979480710610e-02 3.310705340085788317e-01 3.316256316892861045e-01 1.489074828840044051e-01 1.589393872113840089e-01 -1.680611332227733845e-01 7.638418509340311191e-01 -1.642394059870269096e-01 -7.130966974232694211e-02 1.496742897779317905e-01 4.396192105875742495e-01 6.335042494023195303e-01 5.900961208585476792e-01 -7.144399516485419599e-02 1.938416696312427856e+00 4.871501350293883092e-01 3.172727307567687616e-01 -3.471590081746500633e-01 -1.144403381459715430e-01 3.201224031821139904e-01 2.865523709957851217e-01 -1.251451396003136207e-01
2.718497855447747469e+00 8.715935567038289866e-01 5.995104033686999845e-01 -7.322217328123037383e-02 3.043090696453241151e-01 1.193091410848284850e-02 -1.930984376279223091e-01 -3.018399092976155051e-01 5.714722603425386183e-01 -4.434742771996279531e-01 -8.363842116442364860e-01 -6.836453484469053044e-02 4.091931887897176656e-01 -7.507755304685892472e-02 -8.274290686996463862e-01 2.366152111026544047e-01 3.820943242806281726e-01 1.308240935348545519e-01 1.340276964332890453e-01 6.465747581889694229e-02 1.912033271028184545e-01 1.632827821504367338e-01 -2.820596147872921344e-01 -3.995698106077929523e-01 -1.548896519413394679e-01 2.635071127319820738e-01 -5.533486318049774672e-02 -7.861738539054152070e-03 3.436310481529778471e-01 4.143543948324333592e-01 3.898538851919142179e-01 7.403863169405489053e-02 -7.838210439131712559e-02 4.429400903090905395e-01 5.626346682039312652e-02 -2.407062795973991254e-01 1.653770255784561272e-01 4.355159097829996995e-01 5.213520255596764130e-01 6.531245601406088230e-01 -1.055047194807475497e-01 1.813166757137663954e+00 4.173303761452666905e-01 3.658577873655529666e-01 -1.262276600942809912e-01 -1.486793528229802264e-01 2.877755045246611632e-01 2.320955042949406355e-01 -2.583557863786227204e-01
2.999959228005740997e+00 1.071262935856455822e+00 5.895411159333463491e-01 -1.727579683747157979e-01 2.983039958876978481e-01 4.750982200492581686e-02 2.911991811518012674e-01 2.859258456869649967e-01 2.143589027566819849e-01 6.365345907034738460e-01 6.889077453703497389e-02 -3.854409034244070664e-01 6.996214840662294820e-01 5.223089456301275302e-01 1.811249190707571455e-01 -2.078725580880370627e-01 1.009011023541597440e+00 -7.942423483873083390e-01 1.736419503248201046e+00 1.525402637112663051e-01 3.072502964706294581e-01 -6.074117069019679960e-01 2.540146204027128318e-01 -3.081591116645536754e-01 -6.719283105901319164e-02 1.490125797017077813e-02 3.033545167689012945e-01 -1.532293870429662641e-01 -3.487227213325305719e-02 -4.415919521854371199e-01 -2.162892607060896422e-01 -2.712166667412306831e-01 -3.494726265925363062e-02 8.609210282886279320e-01 -2.467411594918662021e-01 3.830198590322404506e-01 2.339271815806178434e-01 6.710993882095611651e-02 3.613862599727931668e-01 -2.139343208339900271e-01 1.624581290397708044e-01 2.323547801189203010e+00 5.618754019185807635e-01 8.361247011338943658e-01 -5.483190614210726732e-01 6.603571981908151756e-02 3.621385097927236618e-01 8.349781687786498319e-01 3.365777317346985154e-01
2.943808953014286800e+00 8.696939050457742626e-01 6.450632422043709457e-01 -1.210170821936329411e-01 7.198442949774230826e-03 3.013492784382055811e-01 1.226220474102008295e-01 2.977569596137456531e-01 -2.470856204857090066e-02 6.528511818142953560e-01 1.190520132703478950e-01 -6.496413142571518806e-01 7.259998634554373220e-01 6.377543550188191634e-01 2.521155596433782287e-01 -6.965701666752663335e-02 8.880401187259733264e-01 -9.862544787902014498e-01 1.870491201316298646e+00 2.903843529636250809e-01 -5.494911427517906732e-02 -5.595322913406093335e-01 2.486477105020647727e-01 -2.616569787938637370e-01 1.532463680611267920e-02 1.862086502963598567e-01 2.310672209995162096e-01 -2.361677029252196580e-01 2.518998994289084470e-01 -5.084953636189912807e-01 -4.214599185161707062e-01 -3.407755645783601683e-01 -1.467668101910074574e-01 7.554149452178198221e-01 -1.225432312975957561e-01 4.252433494916233458e-01 3.611349262354680567e-01 -2.506216156695738606e-01 1.835657555587692502e-01 -2.651141791569732731e-01 2.575284691748386257e-01 2.330403738671330327e+00 5.435194975590129651e-01 8.128235674652819487e-01 -5.708976776597293190e-01 7.686465996698410574e-02 3.588881475360333195e-01 8.087591432281978632e-01 3.036426951093796900e-01
2.780425115487430432e+00 7.547065562324563048e-01 5.152704550269395778e-01 -2.930384857404819687e-01 -2.905312727533019279e-01 4.428146175105147631e-01 -3.137848434310533952e-01 -6.166230585793397445e-01 4.431187263101570295e-01 7.679617108794695168e-03 -2.154969817763992879e+00 4.501133983174726572e-02 1.219449064373860081e-01 2.569632198741165774e-01 5.618847392359926918e-01 -4.866562918899590695e-01 -6.433632057165840079e-01 1.427971314098134270e-01 -1.976885680029658865e-01 2.298573802689599932e-01 2.834777403864549572e-02 2.917226878551863467e-01 -2.299272534585075356e-01 -5.228668351851137874e-01 -3.568522956868802054e-01 4.861405225416665643e-01 -5.352876668692380102e-01 2.903497085571678515e-01 -1.116665866270292184e-01 -1.190650468164325126e-01 -5.138485824849275962e-02 -3.804650329359982042e-01 -4.055644778763175529e-01 -2.089201618351781975e-01 -1.082775282413683815e-03 4.376303294842618374e-01 -3.397174928953597406e-01 -3.021118420122675952e-01 -1.207443630545998459e-01 -6.424249538781978686e-02 6.823073831996465111e-02 1.290149484355216369e+00 1.078798340967557223e-01 7.267641652687296672e-01 -2.902217592360062381e-01 8.063930569511601476e-03 -9.215316125026223881e-02 2.165484905101619506e-01 2.910996325626686310e-01
2.781588893146311747e+00 6.880458528723966127e-01 5.447780490308324897e-01 -3.565245581424232313e-01 -7.249307522432302253e-01 2.087847860657723320e-01 7.369141521225783809e-01 5.114641295497610596e-01 6.058179372213704506e-01 3.035579464650743353e-01 4.324526549900400418e-01 5.246041643706653157e-02 2.803591050298317455e-01 -5.330722341994420521e-01 -3.054939660919677724e-01 3.711580633904690840e-01 -4.502350927662499003e-01 2.248981581999675017e-01 -1.842758299500656671e-01 -1.324697807829030016e-01 5.281695969792739032e-01 2.370178572793303906e-01 -4.489854259114420820e-01 -2.773795238513621086e-03 3.923274766060815821e-01 1.486235182868478333e-02 -2.980204017393688343e-01 3.433402782539238945e-02 3.580948504973465729e-01 1.453247145051104749e-01 -1.071371585604944110e-01 -9.438417064812931745e-02 -4.468668138638878795e-02 1.714530457728231927e-01 2.830782076545630965e-01 -1.415106764691670405e-03 3.635537785270716582e-01 6.949036584518183957e-02 -2.269122644751975781e-01 2.383702762067684000e-01 1.907085183608381029e-01 8.794575830719240095e-01 1.571978604234223198e-01 3.203298501504344697e-01 -2.288069143302432495e-01 -9.520149398241092853e-02 1.132195703649698237e-01 -1.996144249561737638e-03 2.210869977166290967e-01
2.781901468309816217e+00 1.432163343199223782e+00 4.721536326117934390e-01 2.668712224887281881e-01 1.120708435090874699e+00 -2.231560175017121839e-01 -8.070346330639373011e-01 4.724537951540865865e-01 -1.449552519104676807e-01 -3.252126455322992826e-02 2.132755001399530559e-01 1.042733446271008502e+00 5.826201105430348637e-01 -6.981783418066769276e-01 2.885394273315131097e-02 -2.293158388584938534e-01 7.716739977421129826e-01 3.511436499157847280e-01 -2.553850906330998316e-01 2.125254288651406143e-01 -7.675499761007605060e-02 -1.332579348256291707e-01 2.785836089622610867e-01 -1.043393252584186026e-01 -2.179042341795786597e-01 3.312880694044815777e-01 5.937631998689298085e-02 1.407277990746762519e-01 1.668750546813191349e-02 -6.591338508301695931e-02 -2.160832824376499872e-01 4.044569621541799220e-01 -2.361209486271494684e-01 4.912687711749278430e-01 -3.557169225727820905e-01 -1.225814527060642423e-02 9.643389892578375922e-02 -1.085942827784506098e-01 -1.267200079923163081e-01 -1.016954683704542478e-01 -3.158638202058915434e-01 1.211865002989118256e+00 7.409634072229902557e-01 -2.434442379543109714e-01 4.137068109992960707e-01 1.188660542568069411e+00 -1.876409249510196942e-02 -4.548099545419548306e-01 -8.186023604049685876e-02
3.000339725419980397e+00 1.358184356743547205e+00 2.463385395984811765e-01 9.379217476321177749e-02 1.600854986074463637e+00 -3.213095832753042336e-01 -5.564160751773957747e-01 9.729319193689595080e-02 6.208988953234417796e-01 -1.270435112045170678e-02 -1.335626093666697767e-01 -1.535506377951900148e-01 4.077058170057064057e-01 -8.099677485808809418e-02 9.678198653440542865e-01 -3.972193412433583370e-01 -4.128586651963417342e-01 2.558167662532951359e-01 -1.255885834633745368e-01 -5.649804405327260581e-02 -9.330749817897170117e-02 -1.018086901777818243e-01 2.249595985758076622e-02 -4.068459782298001759e-01 -3.617030784623825879e-02 -2.202640990224641326e-02 1.374147786287961970e-01 -2.371796061335685046e-01 1.876365407399307739e-01 -1.478851633629503504e-01 -3.625320776204681295e-01 2.053125006495671867e-01 3.679291642312543242e-02 2.178852105985810972e-01 8.177102331187308115e-02 1.189892874459953787e-01 2.804894695472220922e-01 -3.001045633154911241e-02 1.008995568499257700e-01 6.170071222392689569e-02 -1.743259094598267889e-02 1.657003110635472343e+00 2.530211855119457454e-01 3.557315061924131161e-01 -2.554695088280610205e-01 -5.047889835993699115e-02 -7.195582578250375727e-02 2.238544391797319122e-01 3.690886533672502190e-02
2.789990881065008921e+00 7.792362640652809036e-01 3.695751520280163849e-01 -6.252610191667451467e-02 1.618660518270403359e-01 -3.042995091385178319e-02 -1.277070734800991592e-01 -4.237897194089281783e-01 3.841944155852534681e-01 6.816256102619658308e-02 -1.426687731684531002e+00 3.051560343373105888e-01 1.116115029830444250e-01 -1.433430044076661192e-02 -8.866029189914346187e-01 1.615009037489945065e-02 1.050272282986357414e-01 3.704126663147056520e-01 1.296982658496700358e-01 -1.874553559284592441e-01 3.538422574978594692e-02 2.617219374480825311e-01 -2.743383880801906205e-01 -5.051056632751534936e-01 -1.317688517036703644e-01 2.206587557877165984e-01 -3.799818989000543490e-01 1.316618258002136832e-01 -2.236804899383388334e-01 -4.814638555657564656e-03 1.220862819693910167e-01 -5.991710447036313614e-02 -3.938610287706341695e-01 -2.860016130728413875e-01 -4.022137458975382218e-01 3.452614433460752252e-01 -2.241379321878943578e-02 4.371020745312595435e-02 2.403045896714907925e-01 -3.193434840724648782e-02 -1.753068288765383120e-02 1.317415025430477282e+00 2.350789301017732758e-01 -2.703639037732247230e-02 -2.873895149130125115e-01 -1.888999499442274577e-01 1.438383837587794423e-01 -1.875796566121704645e-01 3.145452663866862841e-01
2.892913342354213491e+00 1.508177762344480310e+00 4.257496844664327984e-01 2.963842882473364249e-01 1.479283145902405394e+00 -2.424510690678005065e-01 -1.128163465815980260e+00 6.687277035501272282e-01 9.365446449887099289e-03 1.076536639354259695e-01 5.308147295414245015e-01 1.078982438830571100e+00 5.685553929812118268e-01 -8.705455784364355409e-01 3.683179852521875630e-01 -2.622665172463809480e-01 7.218742763278567232e-01 4.123606140604060832e-01 -4.250814100306281595e-01 -4.353782639570416557e-02 -2.439107712752313084e-01 -2.557183457450480368e-01 3.460891123029361527e-01 -2.349348332283107132e-01 -3.183267523727879023e-01 3.144305473187231637e-01 8.200402143708122871e-02 -1.697147693990606609e-01 1.551745746029616901e-01 -1.537346564825594342e-01 -3.944140048976564339e-01 3.090030156046640331e-01 -1.997601553988357093e-01 3.005068699309291214e-01 -2.643181956343976791e-01 -1.472261742397984186e-01 3.579691459945206350e-02 -2.483851350140440228e-01 -8.150713673271581250e-02 3.682862498224795389e-02 -3.748770202097719828e-01 1.411504739090811977e+00 9.282725886771143742e-01 -3.818340067968379326e-01 4.721246983214861803e-01 1.205468856704213332e+00 1.169713212841831385e-01 -4.616560143264242244e-01 1.992070234330656567e-02
2.652088008741494640e+00 1.155298293619645200e+00 6.953928799785737969e-01 -1.262070866422451143e-01 -1.106599822668175026e-02 1.186828263429037245e-01 -6.372668518312407659e-01 -6.312944629749420167e-02 -2.286565527642666629e-01 3.133197906005730227e-02 -6.524252997485826544e-01 1.327136748632181007e+00 8.492283896197327930e-04 -5.221125191279607503e-01 -4.962447206662051746e-01 -1.560043205320983950e-01 8.829237348303947686e-01 1.790380301944062835e-01 -3.716794161850174860e-01 -1.853713855642066810e-01 1.056674551395582473e-01 -1.788723599175321699e-01 6.435011363373738247e-01 2.944226824410230980e-01 -4.330673733660583280e-01 1.614777560698254510e-01 -2.859549857616789509e-02 4.005596289954388989e-01 8.167814381718857542e-02 -2.363445632720060502e-02 1.150000953006854454e-01 3.865910515809937165e-01 -7.405417371776104596e-02 1.349196437901436230e-01 -3.608214954655060147e-01 1.418245343526118585e-02 1.234926928158844861e-01 -4.031802527536270525e-02 -4.326469396980672233e-01 -2.473859334852691882e-01 -3.280125370565600829e-01 1.098963221639276622e+00 5.408437407985422496e-01 -1.267145172644771889e-01 6.101415013344924088e-01 1.222448157287683745e+00 -4.619125829749937129e-03 -5.646197321022040638e-01 -2.279303801852121669e-01
2.755449136651992426e+00 7.505593158003939225e-01 5.314492940895327866e-01 -2.791912113801060524e-01 -2.561228713510517174e-01 4.000639825318210718e-01 -2.835137708922592092e-01 -6.249192572329095308e-01 4.701967244168420157e-01 -8.497239836254880108e-02 -2.058629152383359973e+00 -6.967735990952431298e-03 1.034305323751966432e-01 1.952592444667018423e-01 5.311975632132447389e-01 -3.527093403854548725e-01 -5.293017408728979412e-01 -4.049070997007363226e-02 -2.310748552776343556e-01 1.745569113820157614e-01 -9.575782253259114418e-02 3.625434681271487158e-01 -1.485089052584985525e-01 -5.161995635683684913e-01 -2.858573412114656098e-01 5.725041862874094001e-01 -5.583933631042479195e-01 1.193899155817066959e-01 -4.363647172465806579e-02 -1.648893887152782234e-01 -1.072203016663029473e-01 -3.231854305316359532e-01 -4.085918174030079286e-01 -2.022880368063121881e-01 2.336045908119915859e-02 5.755307248258175745e-01 -2.825874256162390630e-01 -5.187629628971748286e-01 -2.021145003184394717e-01 -1.840121371115660542e-02 2.937738836882794469e-02 1.186336466504174236e+00 1.990089497380420624e-02 8.555455298253158425e-01 -2.719840770198829194e-01 7.425080526548008542e-02 -1.495495531854370008e-01 1.805211513045386629e-01 3.106284630975766348e-01
3.006230055788114086e+00 1.403978852276318801e+00 2.647158836517529146e-01 9.116949185981981785e-02 1.574382791992736230e+00 -3.672473893396813738e-01 -5.954039820730394617e-01 9.605531715759049738e-02 4.188070688901851524e-01 -1.127232721390274417e-01 -4.005016096894492561e-03 -1.230944837687313748e-01 5.091012426175683947e-01 -2.760867570609789046e-01 1.161641480483987632e+00 -6.157660628520426060e-01 1.516756306229885554e-01 5.830036845572520443e-01 -3.762961496187353094e-01 1.383221101740553238e-02 -3.126749570577798398e-02 -1.662936644292246913e-01 2.481019502895386863e-01 -3.284571422718207123e-01 -1.494336471235660491e-01 1.208889161708221471e-01 1.943311870278069398e-01 4.202095410488182470e-02 2.435064106843599641e-01 -8.774417625336933257e-02 -4.529606551546857540e-01 3.528038700815626649e-01 -6.400935992878187264e-02 1.300164549670789205e-01 6.507341101370917036e-02 2.141999566563582980e-01 1.404055769176998925e-01 -8.498997400076407915e-02 -1.916973722521503332e-01 5.858564281403341734e-02 -3.223199620612094973e-01 1.744104731635184091e+00 3.834260959069477614e-01 2.730199016873482432e-01 -2.756021108743035297e-01 -8.875456413711402259e-02 -9.268650087513446989e-02 1.844270457114084438e-01 -1.320911173905394559e-03
2.593049906828086115e+00 7.501281780634158070e-01 3.534858881670059905e-01 -7.845523660583462178e-01 -6.372291079772800515e-01 5.097035541156131888e-01 1.242508724679657783e+00 1.313986906036441749e-01 9.696777079925874565e-01 5.595727929717932148e-02 -3.294095204059341309e-02 5.194768713935599136e-01 -4.638204019341088946e-01 -4.237297567304526003e-01 -5.729339331046844341e-01 2.566481641939638569e-01 -5.587550882509123226e-03 2.902627318568909431e-01 -2.497153337327341627e-01 -3.038575945805787604e-01 -5.132635294504341861e-01 -1.054990588282846697e-01 -6.430295048878522657e-01 1.385140393693995442e-02 3.500316699486010763e-01 -2.222300730429130899e-01 2.805210547503940721e-01 1.122115312073523885e-01 2.888192979419091366e-01 -1.332731658760687998e-01 -2.766357296356818374e-01 -1.723567667621943578e-01 4.351028435363406555e-01 3.379637052091710725e-02 3.456417483730891971e-01 -1.666535922127548031e-01 2.546150293515533347e-01 1.558355276559146574e-02 -2.169543497123007092e-01 4.525406796531568077e-01 1.476401783023328917e-01 8.058989855998137664e-01 2.158589259504792857e-01 1.599767105796462141e-01 1.847731951942737094e-01 -1.730257508578640080e-01 1.553110390162733556e-01 -3.503727027174036723e-01 -2.755828466315924860e-02
2.756663179818347409e+00 7.311880571801446793e-01 6.130865641374676489e-01 -3.302000608611297405e-01 -6.495499439596992275e-01 4.389479472206230248e-01 7.866800259107502580e-01 4.839476050733912960e-01 6.588946190970826899e-01 1.297519517959861701e-01 4.266912629509517219e-01 1.472239904069014838e-01 2.636518672491595661e-01 -4.244470916502449120e-01 -4.333690622107964074e-01 4.338866637546885396e-01 -3.950804078141025300e-01 4.127411495195327795e-01 -9.274783930165131363e-02 -5.175383860901794364e-02 4.488502466745281638e-01 2.368651930962241692e-01 -5.618641258999330645e-01 -1.077746019893394691e-01 2.220119653970321072e-01 1.951968087860955214e-01 -8.733353680723388024e-02 6.412640090912902907e-03 6.473633085208642113e-01 5.528169668983716756e-01 6.734846944846938077e-02 -8.224714335063443293e-02 8.856255099627841076e-02 2.968322669595176988e-01 2.869365835719732138e-01 -1.575566797937229813e-01 1.958739981042215139e-01 5.318891910210762908e-02 -1.087426923596383488e-01 5.507963841035541375e-01 1.526797375317565097e-01 1.012452972794279926e+00 3.894750655298002684e-01 1.393528509202046628e-01 -2.456113167462503633e-01 -1.706402353301437469e-01 1.266950311640702709e-01 2.860519657033355756e-02 2.300451534576068990e-01
2.795343095617213613e+00 7.925300472643973526e-01 4.999646366669037167e-01 -1.531793390727393955e-01 2.541037703445059304e-02 4.385016471327032317e-01 -2.534282060076769039e-01 -5.944842779947920874e-01 6.753953408745482223e-01 1.353568875770058133e-01 -2.177282111311152235e+00 1.854327833448851659e-01 1.106588367291234942e-01 1.926369490695133413e-01 3.828738485128330149e-01 -6.572259238370226075e-01 -3.767287284244954515e-01 5.623182583522864375e-01 -1.945592525484420021e-01 9.601660933178637891e-02 1.037487191349898696e-01 2.390721252899486449e-01 -3.347484905551676437e-01 -4.474583002258921693e-01 -4.592318632821619784e-01 4.835639400129831400e-01 -2.393446247051117526e-01 5.589481255340689181e-01 -1.507292154726418976e-01 4.895858394924305634e-01 2.121047428190833140e-01 -2.406619517945211006e-01 2.771473098396837198e-02 7.239538810287982074e-02 -1.797418960438385005e-01 2.245920123450495520e-02 -1.947265436729680999e-01 1.406200829442931788e-01 2.097972247627057640e-01 2.167996309281136902e-01 -1.729864188698648497e-01 1.337217599428782489e+00 3.748490006775639927e-01 1.417484022664735610e-01 -1.400518793176117605e-01 -1.631951825219489782e-01 1.806470407348113594e-01 -1.153670360894376579e-01 3.691801317015754036e-02
2.790270539972009800e+00 8.010909410102634576e-01 5.234745076992288748e-01 -2.057535565059738225e-01 1.492215921985808880e-01 -4.389169174597165601e-02 -2.337145785603770565e-01 -4.972940653085139995e-01 4.243750439303259903e-01 9.314966949399766660e-02 -1.430184432876340006e+00 3.028956656418875237e-01 4.245259918429875046e-02 -4.563826812855942272e-02 -8.834029004088226333e-01 -3.455201292614923370e-03 1.730558541630935754e-01 3.222812131631639931e-01 3.090232065185594124e-02 -1.737534936020963261e-01 6.232066347744383283e-02 1.952630601106110642e-01 -1.816191387012016378e-01 -4.888775887868612724e-01 -1.276238474595670080e-02 3.535007073987017079e-01 -4.006434723911715401e-01 1.500283082043791794e-01 -2.940707065411615750e-01 1.026929794433069365e-01 6.681946453540289765e-02 -9.661670949537304320e-02 -3.954789328431096429e-01 -1.859063066549407894e-01 -2.701513621012373023e-01 2.485741033938442257e-01 -6.952536762725530783e-02 5.988692734785303062e-02 8.596582427165813667e-02 -1.380901314675387348e-01 6.711259957349394178e-02 1.547332638058776855e+00 2.959000592180074385e-01 1.382799407311439133e-01 -3.148621539151408300e-02 -2.525870541223356192e-01 -2.680942577303474517e-02 -2.311842306541290193e-01 1.377424771393750136e-01
2.624600720061932790e+00 7.468559659046573040e-01 3.445486898086882466e-01 -7.393980904225694317e-01 -6.574031510359620301e-01 3.412727486635117602e-01 1.231955221324926297e+00 9.766932680855827664e-02 8.552302429471489997e-01 1.387791059670028249e-01 1.356827829012821618e-02 4.873212063318743681e-01 -3.827833671876174071e-01 -4.174272502371590421e-01 -4.853384810463619026e-01 2.385715744035943053e-01 -8.462554217489934305e-02 1.223292273401958702e-01 -3.191090896696578971e-01 -3.873541163899203443e-01 -3.834929612760157314e-01 -5.159205948786629858e-02 -5.373817184191380658e-01 3.481488854077946504e-02 4.130496338617151708e-01 -3.583221683652455525e-01 1.334017020490908534e-01 1.435330554669155823e-01 -3.510025576411723858e-04 -4.590096519825848653e-01 -3.784185986871204666e-01 -7.984845936640427855e-02 2.851399522169435485e-01 -2.698452765539738341e-02 3.481738520276785320e-01 -4.641105537062917286e-02 3.481875872911447956e-01 -2.577084624721925898e-02 -3.270670554485446413e-01 2.096320244826127832e-01 1.759284143362940533e-01 6.893682263165943347e-01 -1.366799760879788828e-02 3.505382150854556844e-01 2.047877275355590720e-01 -9.166592947599253027e-02 1.368909907191478981e-01 -3.867556765060800594e-01 -2.108477378776179439e-02
2.657211381531009664e+00 6.525008651245732816e-01 7.105458374155613210e-01 -3.180866335580523341e-01 2.940916552377451643e-01 3.185012044273689558e-01 -1.631243983571349365e-01 -5.827016745949155085e-01 3.248785200122017436e-01 -3.108450163149729106e-01 -1.067998801799294073e+00 4.615078538875533321e-01 -5.304433950663495212e-02 2.793933646340229782e-03 -9.195853415734551728e-01 6.782052692153481277e-02 1.912165713626763075e-01 2.902358821838538772e-01 1.348753264586260991e-02 -3.386487898101807059e-01 -1.581227307639839208e-01 -2.264609527198607475e-01 -6.405980684821878102e-01 -1.312382565469603357e-01 6.621869515694968067e-01 -6.349897394366126324e-01 2.127677290782323261e-01 -1.229440724827361442e-01 -6.489435841150381634e-01 -5.227585860549912589e-01 -4.377990418005612838e-01 3.105742741659150985e-01 4.299633025280876764e-01 -3.896062351146600267e-01 -1.529946574121983649e-01 1.200482452528142674e-01 2.247916327581405138e-01 4.957629254499084093e-01 2.038762642680257420e-01 2.084414637479012067e-01 6.982755477488075679e-02 1.596265176649802608e+00 1.531642687346888021e-01 9.522018964730147861e-01 -8.839220238400324892e-02 4.390216641052741009e-02 1.567094604789585621e-01 2.325996549350001219e-01 5.096830989755222335e-03
2.726749463194256151e+00 9.547467088980613470e-01 7.320601079173381098e-01 -8.860387977284123195e-02 -3.429956390458960280e-02 3.492456585252968759e-01 -4.333879040320459675e-01 5.997616975091627639e-02 3.491370022395748896e-01 4.019043373344907133e-01 -1.106241541350806212e+00 1.472658871637615663e+00 3.224310470272087059e-01 -1.648105044093013394e-01 -1.151913137151921340e+00 2.523603591898646026e-02 1.542564605096200525e-01 5.509133072005107518e-02 -1.152455890897821078e-01 1.587534345365414212e-01 -3.786302818869320685e-02 1.463436912172412785e-01 -2.829466869285676145e-01 -6.376600576128278464e-01 -2.317027762029331139e-01 3.758194890922427756e-01 -5.370381841457242400e-01 4.670632882782065898e-01 -2.329409484937734476e-01 -1.463847907685622562e-01 1.092481992146338288e-01 -1.402625576389110451e-01 -3.227477681056197256e-01 1.766605389236850232e-01 -4.869841335010677841e-01 9.888581871133000911e-02 -3.017068482169655841e-01 -5.528103024970892898e-03 -3.033397984284045279e-01 -3.125175259128302740e-01 -1.257639002724630639e-01 1.194456281407212384e+00 7.540665454670008039e-01 -9.218140492630838567e-02 3.085711223840417183e-01 1.152271309494186990e+00 3.734147899225212508e-01 -2.313348536247532006e-01 2.816160551740622964e-01
2.722228419359050910e+00 9.232129575004554001e-01 7.872652248791223162e-01 -1.379637745548087935e-01 -4.962856533649367963e-02 2.361892893505174174e-02 6.718629381856161542e-02 -4.089751370345445225e-01 3.592248122560789403e-01 2.354845717607333133e-02 -1.255720227948495138e+00 1.134905042720181084e-01 1.387102816774969383e-01 1.786167777577613025e-01 -2.585829042880952722e-01 -1.888279560674804847e-03 -1.349014325814134885e-01 -8.603338266515171695e-02 4.652800118869321322e-02 -1.776562958794938862e-01 -1.033460425355943735e-01 2.375138770845950931e-01 -8.654109358433709209e-02 -4.809856298797463570e-01 9.129230329363052787e-03 1.900583128136978384e-01 -1.235669190153463465e-02 -1.107087483029928210e-01 5.842373372819828492e-02 -1.751334080043126518e-01 -2.451693675089085256e-02 1.015799765305183122e-01 4.130603371633007059e-02 3.865696493003960565e-01 -1.633076605663566494e-01 2.458227654796444339e-01 2.904656218256715383e-01 1.725031304920097985e-02 -1.002057013975575783e-01 -5.566598249472889948e-02 -3.092782746765268542e-02 1.406617220277450730e+00 8.934196181589419972e-01 2.129864141269112721e-01 -1.090586485213018153e-01 -3.904585034383879494e-01 2.707065404217596227e-01 -2.810465556026769951e-01 8.493889212000921285e-02
2.814074923856879629e+00 5.732018557254284774e-01 7.069402918856411144e-01 -1.200787330124994945e-01 1.739198124142737889e-01 1.023534837356816496e-01 -3.827861875212015264e-01 -2.383623294187053876e-01 2.162337289647434380e-01 -4.087119501101946772e-01 -5.727761276448364303e-01 -1.792546818192805869e-01 5.501771920810456518e-01 -2.138557412442657069e-01 -8.599960756978481946e-01 3.396456254503731342e-01 -3.475853565374189547e-01 2.509548187815328624e-01 7.863315556476896395e-02 -1.032369989846304015e-01 1.166009862733130786e+00 1.208483986368621976e-01 -3.728514207799983327e-01 -1.648410219766819063e-01 2.093233191116083414e-01 -2.631312884271675978e-01 -2.042190305591811139e-01 -4.844376046606969632e-01 -1.342921316466157977e-01 3.599548864882902710e-01 -9.716350449009128476e-02 1.824888634478559757e-01 3.766389784280155251e-02 -1.589301294404444342e-01 -3.204884385216357212e-01 1.590213799381058890e-01 1.421658102527718626e-01 1.665459662876407620e-01 2.804189057674612573e-01 -3.578037689873282967e-01 -6.291086101631307437e-02 1.772434207250170868e+00 2.172785682448206135e-01 9.518329191925212207e-01 -5.534550673334412974e-01 8.141438353095292735e-02 6.714577502172452972e-02 6.427968847961633703e-01 1.775797962149062714e-01
2.855799639942169676e+00 9.310263872392688933e-01 3.333947772504928242e-01 -2.587404848252410350e-01 1.526101169323412776e-02 3.211041171414243944e-01 -1.174961789164432613e-01 -4.558367328489396630e-01 2.221406336031027384e-01 9.537153170613762998e-02 -1.560046015024927124e+00 1.766811054665421987e-01 1.628006906760717798e-02 4.031662504698053651e-01 9.606856467193563009e-01 -4.751879102381926234e-01 -5.026390737329735625e-01 2.468450296933601129e-01 -2.827513023273340309e-01 -8.981630434557599796e-02 2.597141316059017324e-01 1.398732155279013845e-01 1.692727708547488857e-02 -1.388830139761301485e-01 -3.200996790491277832e-01 -2.532615523214452602e-01 2.400445951108217679e-01 4.469655964288096750e-01 -2.890435454742311672e-01 -3.678972244840635758e-02 2.734261312483846629e-01 1.462514791353534127e-01 4.397605633129239022e-01 2.968905963994776798e-01 -2.818078381897037854e-02 -3.245358597961247593e-01 3.860471259391057286e-01 1.332027839056107721e-01 2.678538463764280619e-01 1.723434895051406679e-02 4.833772170752795305e-02 2.036070410531539476e+00 2.594893273325580285e-01 7.292387905541222182e-01 -1.614518636705815635e-01 -1.178902110086060828e-02 4.078367766992397336e-01 -1.351338149527134824e-01 -3.341800646086636739e-01
2.041636530993850229e+00 -5.295131109234303413e-01 -2.997727666050731266e-01 8.379084259528144507e-01 -5.797178070810334871e-01 5.016133160300947358e-01 -1.104819999253659479e-01 -1.554357976793104834e+00 1.184325651978456628e+00 -1.023095898383711566e-01 -1.550594709456393439e+00 6.544421619298449455e-01 -6.140453114211984476e-01 -2.541053888156787344e-01 1.250445411690445097e+00 -2.628044889024901409e-01 -5.071498489433883261e-01 2.164579340355052006e-01 2.027366251703932587e-02 8.658225959650568404e-01 2.341375020928676554e-01 2.218676053881436516e-01 -1.289913146415819778e-01 -1.044370819457726141e+00 -1.370920915938326767e-01 6.675919805112340288e-01 -7.564259800964789893e-01 2.955081605289232027e-01 -6.210686284225538922e-02 -4.780823133825922167e-01 1.855679562643204883e-01 -5.515077635352433338e-01 -7.959617234362473814e-01 -7.166486998476115922e-01 2.772093083318122875e-01 4.595547586996066025e-01 -4.709850635672646613e-01 -4.843349917362141932e-01 -2.210494814390112639e-02 6.032542159369494450e-02 -4.380707777800588731e-01 1.275637473879427386e+00 5.301820157920569265e-01 -4.238632232386927989e-01 5.812736311825583702e-02 -7.311689084965891650e-02 -4.051947790030097640e-01 4.076942542281641879e-02 -7.668107100454102376e-02
2.066612509829287347e+00 -5.253658704913681810e-01 -3.159516056676663354e-01 8.240611515924389785e-01 -6.141262084832836976e-01 5.443639510087884270e-01 -1.407530724641600783e-01 -1.546061778139534937e+00 1.157247653871771531e+00 -9.657574367027660367e-03 -1.646935374837026789e+00 7.064212377525446174e-01 -5.955309373590093047e-01 -1.924014134082639993e-01 1.281132587713192938e+00 -3.967514404069942824e-01 -6.212113137870745039e-01 3.997457754153922460e-01 5.365994979170762846e-02 9.211230648520006836e-01 3.582430986641043091e-01 1.510468251161813935e-01 -2.104096628415909331e-01 -1.051038091074471659e+00 -2.080870460692472723e-01 5.812283167654916927e-01 -7.333202838614688579e-01 4.664679535043844139e-01 -1.301369777446265141e-01 -4.322579714837466169e-01 2.414033996821306760e-01 -6.087873659396056958e-01 -7.929343839095570612e-01 -7.232808248764777126e-01 2.527660739681993340e-01 3.216543633580508654e-01 -5.281151308463852834e-01 -2.676838708513068488e-01 5.926518911993852723e-02 1.448413991703184633e-02 -3.992174278289222222e-01 1.380016039005965478e+00 6.285270005009495620e-01 -5.430055834144311699e-01 6.615690555832964836e-02 -1.424549358556337353e-01 -3.637080076833282827e-01 6.988052925131282844e-02 -7.485530033099674352e-02
2.894730503301456537e+00 8.171290466998640811e-01 6.250857573869608164e-01 -4.190386580058302890e-01 -6.018683823802153388e-01 7.172291971146512735e-01 2.054707386967963290e-02 -2.045054558321683924e-01 -1.289407987999675875e-02 6.268678820511527361e-01 -1.430812679297669421e+00 -3.062758667508164168e-01 2.594906284893594428e-01 9.173131194380190756e-01 1.282092434331125519e+00 -7.760470047696976792e-01 2.584191065630624395e-01 -6.452857989486320278e-01 1.029256420141284600e+00 2.068029147745230889e-01 3.856245912566186318e-02 -3.948467197938917428e-01 4.678333555065293803e-01 2.007573622622197684e-01 -2.117534622716443216e-01 -2.108539840808733024e-01 1.948665290437534559e-01 -2.656150343180092022e-01 -5.314088842506115018e-03 -2.794268133216999406e-01 -1.257357983383270150e-01 -4.441125389681821467e-01 6.511742619608795746e-02 1.551017237152771400e-01 5.727164558563269114e-02 1.543753061341042732e-01 -4.012040920051108128e-01 -2.452773955287560481e-01 8.282492265370816620e-02 -1.861665341095970760e-01 3.058365180681210660e-02 1.383287995238894563e+00 2.179504263434788314e-01 6.796721717798113183e-01 -2.604496635667470361e-01 2.482825953395212393e-02 4.972539276013782095e-02 1.852499347621845982e-01 3.435186693718775275e-01
2.942399051763991302e+00 1.253052256776311602e+00 2.766262402154748834e-01 1.815497395893572730e-02 1.171034716912936480e+00 -2.285452834381042075e-01 -4.064342040041146187e-01 -7.252204478583107461e-02 5.192946960300465209e-01 -1.620311411648845401e-01 -3.406673908971692422e-01 -1.963259352920839473e-01 4.264821533906174578e-01 -7.794327436670706044e-02 7.344224514908810342e-01 -3.514779121165438891e-01 -1.084570528576733334e-01 2.692903954210376649e-02 -1.684459273704990157e-01 4.338733647198028676e-03 7.007715538302766722e-02 1.178391267317632773e-01 7.278599297500748522e-02 -3.562916053355923429e-01 -9.064783273073895309e-02 -5.098016056295506804e-03 5.757393009385276816e-02 -2.325035907027386828e-04 -2.351485261668234683e-02 -2.936445651522628375e-01 -8.494043249222302250e-02 2.850698247061039803e-01 -4.890525566293046911e-02 4.640182513284177857e-01 -1.317177088833526577e-02 1.558257211388669183e-01 2.790633069208970363e-01 -1.880878960569618008e-01 1.171739328427900961e-01 1.009412230909789432e-01 -4.376084557336576419e-02 1.325028260760283683e+00 2.546223451004583360e-01 2.963658172068413532e-01 -3.489676837150571531e-01 -4.700422687630539942e-02 -5.301739860567122875e-02 1.786409361702938625e-01 8.440310217111804403e-02
2.758793265277247997e+00 4.902217544363295376e-01 7.493139014838827716e-01 1.024604994431077554e-01 -1.392516601093934270e+00 6.647701009274721295e-01 -1.547873050542482476e+00 6.186898458509131338e-01 -1.233381404538133941e+00 6.467037194608193929e-01 -7.216047574941014675e-03 4.187754227870217894e-01 3.200758722781658072e-01 -2.953892628756271121e-01 -2.456197574844147524e-01 5.745329118927063883e-01 -4.211943300342245178e-01 -2.975854678484041171e-01 -1.296624019496325220e-01 -4.476893391277979584e-01 -8.387639429245692391e-01 -7.316376015500980490e-02 2.171508977208131130e-01 3.416497256675957717e-01 -2.159282172641015518e-01 5.253905383303431043e-02 9.056663730333823492e-02 -3.338718024037970467e-01 -4.537664586306128234e-02 -1.012667266920725118e-01 -7.771040524528183280e-02 -9.630820506362880451e-02 1.046718780926764181e-01 4.844500364605997533e-01 -2.887683249943542863e-01 6.482567610588685358e-04 -6.771057412507203166e-01 2.865501357491828660e-02 1.974872719597724202e-01 5.703231373881020860e-02 6.513467400658060069e-02 1.046727581517293171e+00 7.856154881681431945e-02 4.480147737939091379e-01 1.161534046544228094e-01 1.509453533204586639e+00 -2.078822335837881563e-01 1.676079180240434008e-01 3.059865682598323922e-01
2.680944046833053207e+00 9.332554726431013803e-01 6.907799633833440200e-01 -9.083017316004138308e-03 -3.231444422340801204e-03 2.805690401638856191e-01 -8.298413701100262330e-01 5.185341912929617575e-02 3.079924086856934418e-01 4.215963332467930202e-01 -1.383667649032720659e+00 1.458674521835089832e+00 2.468510335213320583e-01 -3.398609999719400254e-01 -1.088125115040017743e+00 2.652017387363952983e-03 2.215788952178801285e-01 1.439376063524063221e-01 1.519395324955929993e-03 1.156491915573350238e-01 -1.352329959224647660e-02 1.375233670136437047e-01 -2.525685889642027560e-01 -6.133237184780299112e-01 -3.037307668316891474e-01 3.600283442882936114e-01 -7.082268516169190065e-01 3.841005297211559366e-01 -4.877800503581263269e-01 -4.777175225564532501e-02 8.308443635416912221e-02 -1.388209627199205043e-01 -5.042286837195292248e-01 4.407346622848581918e-02 -2.958861811551244947e-01 2.605896078404918992e-01 -4.782446036270336931e-01 -4.371679149942014897e-02 -2.969842237951485497e-01 -2.346128140338112900e-01 -8.530153078297772473e-02 1.403445460477754647e+00 9.861073409903391429e-01 -4.181007911694856749e-01 3.219858507457027397e-01 1.017665943810792895e+00 4.741611681819934976e-01 -2.412931349854080532e-01 2.157982425406194116e-01
2.841699119152566233e+00 1.590763223246713487e+00 5.142131892238996915e-01 2.724889715370006904e-01 1.472669982157258417e+00 -3.479344523810002365e-01 -9.109176699822836287e-01 5.873004265410987079e-01 7.005251581567537023e-02 7.697748516006849839e-02 4.916709857064589517e-01 1.079463489400099174e+00 6.447131866197286509e-01 -6.632910010674262224e-01 3.833534660206315281e-01 -3.828884432695288664e-01 1.014934685786347490e+00 3.651386185592086497e-01 -2.697570132402934417e-01 1.309176112262589176e-01 -2.391051523761698883e-01 -4.015015979627478693e-01 5.548725481607164056e-01 -1.366005594134957479e-01 -3.910866810170494090e-01 3.501479360634534577e-01 1.347163388182071042e-01 -2.200111903562178839e-01 1.564200542600676369e-01 4.225746687773156846e-02 -4.403494632813766962e-01 3.591932521711521664e-01 -1.984281524771896454e-01 2.491446490885789733e-01 -2.357802561189148438e-01 -6.245639354227150442e-02 -3.907848135587676380e-02 -3.234928523489276619e-01 -1.138563699727606071e-01 -9.147140605481129949e-02 -6.559013695836145574e-01 1.300749554918278594e+00 8.453442125247390138e-01 -2.855492453577576639e-01 4.661630226422996959e-01 1.203738851989650582e+00 9.673631850317793157e-02 -4.574625832645150547e-01 -1.943806891020529240e-02
2.684185671418683583e+00 1.217669587959658628e+00 7.072519137728170424e-01 -1.221380694726499350e-01 1.245026498698548201e-01 9.624669249939543647e-02 -5.898107067103159906e-01 -8.726458671005926648e-02 -2.118914533848735293e-01 2.707031220467617239e-01 -5.174403522796253707e-01 1.525028005781336571e+00 -2.727655767045719104e-01 -3.016157696805404353e-01 -5.878603842487011288e-01 -1.302860539897960634e-01 1.059292799415906705e+00 -1.412411659782752404e-01 -3.982354491901373139e-01 -2.925541270473989708e-01 2.349611917240966852e-01 -2.874386588638346840e-01 1.002828274640143569e+00 6.070360567443243704e-01 -7.159347515507694659e-01 -4.408031422963309964e-02 -4.051269783914279721e-01 2.699231328017779319e-01 3.358365398486871101e-01 4.386227026164252890e-02 1.037149235197913077e-01 2.996340911492455517e-01 2.148133752940919461e-01 2.235126709973833670e-02 -4.500441140922892824e-01 -6.985521657797838513e-03 2.857309522161400328e-01 7.744193590850451114e-02 -2.361494256314349838e-01 -2.435712108816439347e-01 -4.293160788963509278e-01 1.178200326548955790e+00 6.864671468489149664e-01 -1.874909790363618600e-01 6.830275184026146640e-01 1.220306709207245044e+00 1.101622306914533667e-01 -5.334889287383940415e-01 -1.582698340865434650e-01
