434.4350000000002 0.19047619047619047 9.0 3.0 10.0 3.0 1.0 0.0 4.0 4.0 6.0 118.24 0.4241744183457176 1.9006999999999994
418.4440000000001 0.38095238095238093 6.0 2.0 7.0 2.0 0.0 0.0 2.0 3.0 8.0 89.27 0.5728694271793671 4.180900000000003
382.8470000000001 0.14285714285714285 4.0 2.0 5.0 3.0 0.0 0.0 1.0 3.0 5.0 85.44000000000001 0.6554929627688166 4.893200000000004
370.42800000000017 0.4 3.0 3.0 6.0 4.0 1.0 1.0 1.0 2.0 3.0 91.22 0.7230635014308044 2.1310400000000005
440.5070000000002 0.2 7.0 1.0 8.0 2.0 1.0 1.0 2.0 4.0 5.0 99.16 0.4667032430058404 4.2173000000000025
352.50000000000017 0.6666666666666666 4.0 0.0 5.0 0.0 2.0 2.0 0.0 1.0 4.0 49.85000000000001 0.8356642622952337 2.5802000000000005
468.59400000000034 0.5185185185185185 6.0 0.0 7.0 0.0 2.0 1.0 0.0 2.0 10.0 60.47000000000001 0.5333149482831275 3.3100000000000023
334.3790000000001 0.2631578947368421 5.0 2.0 6.0 2.0 1.0 1.0 2.0 3.0 3.0 85.17 0.768976962384502 2.639380000000001
337.43100000000004 0.5555555555555556 7.0 0.0 7.0 0.0 2.0 1.0 3.0 3.0 4.0 64.14 0.7305102452454606 2.2504
285.35100000000006 0.4 4.0 2.0 6.0 2.0 1.0 1.0 2.0 2.0 3.0 73.91 0.8451673485107614 1.9352999999999994
425.4673053340002 0.3 9.0 3.0 11.0 3.0 1.0 0.0 2.0 3.0 8.0 135.95 0.49641291938995996 1.7324
429.52400000000017 0.24 6.0 2.0 7.0 3.0 1.0 1.0 1.0 3.0 7.0 93.37 0.5423982723266364 4.354600000000003
500.36400000000015 0.0 7.0 3.0 8.0 4.0 0.0 0.0 2.0 4.0 6.0 122.99 0.3364262515664886 5.154400000000002
572.6120000000001 0.28125 6.0 3.0 8.0 4.0 1.0 0.0 2.0 5.0 4.0 123.10999999999999 0.2954746862253576 4.399020000000004
383.4190000000001 0.3 9.0 0.0 9.0 0.0 1.0 0.0 4.0 4.0 4.0 113.41 0.5349503101515823 2.5358600000000004
282.303 0.2 4.0 2.0 6.0 2.0 1.0 0.0 2.0 2.0 4.0 83.97999999999999 0.8988244233390736 2.0774
306.37300000000005 0.4117647058823529 5.0 1.0 6.0 1.0 1.0 0.0 3.0 3.0 4.0 83.17999999999999 0.7996787783250496 3.466380000000001
311.4099999999999 0.35294117647058826 5.0 0.0 4.0 0.0 1.0 1.0 1.0 2.0 1.0 58.68 0.7589668453035159 3.1851800000000017
454.4900000000002 0.2 8.0 1.0 9.0 2.0 1.0 1.0 2.0 4.0 4.0 108.27 0.4752428318869178 2.7534
456.5060000000002 0.2 8.0 1.0 9.0 2.0 1.0 1.0 2.0 4.0 5.0 108.27 0.4617792234701749 3.3062000000000014
665.7739999999997 0.4166666666666667 11.0 1.0 12.0 2.0 3.0 3.0 2.0 4.0 8.0 138.66 0.21272385975321922 4.4153800000000025
489.4820000000002 0.19230769230769232 6.0 2.0 8.0 3.0 1.0 1.0 2.0 4.0 4.0 106.23999999999998 0.42392584065443584 3.841000000000001
440.788 0.2777777777777778 6.0 0.0 7.0 0.0 1.0 1.0 2.0 3.0 2.0 76.80000000000001 0.5687121881319621 3.6281000000000034
377.4040000000001 0.15 4.0 3.0 8.0 3.0 1.0 1.0 1.0 3.0 5.0 99.35000000000001 0.636557638195846 2.8672000000000004
426.4420000000002 0.2608695652173913 4.0 1.0 5.0 2.0 1.0 1.0 1.0 3.0 3.0 72.11 0.6316351656998663 5.112000000000004
411.4690000000001 0.2608695652173913 7.0 1.0 8.0 1.0 2.0 0.0 3.0 4.0 6.0 90.52000000000001 0.5180452924743805 3.990400000000003
372.44700000000006 0.21739130434782608 3.0 1.0 4.0 1.0 1.0 1.0 2.0 4.0 4.0 44.81 0.5419235526913626 5.101100000000003
300.365 0.10526315789473684 4.0 0.0 4.0 0.0 0.0 0.0 3.0 4.0 3.0 43.6 0.5769862203120764 3.8500200000000024
416.5290000000002 0.4166666666666667 7.0 0.0 7.0 0.0 1.0 1.0 4.0 4.0 3.0 67.80000000000001 0.5121034058923827 3.392640000000002
248.71299999999997 0.3076923076923077 2.0 1.0 3.0 1.0 1.0 1.0 1.0 2.0 0.0 34.03 0.7643251701388455 2.9075200000000008
386.4590000000002 0.22727272727272727 7.0 2.0 7.0 3.0 1.0 1.0 2.0 4.0 4.0 90.88 0.5544579653212733 3.792300000000002
343.25800000000004 0.4666666666666667 5.0 0.0 5.0 0.0 0.0 0.0 1.0 2.0 6.0 43.18 0.8069874102043948 3.329620000000002
337.38300000000015 0.2777777777777778 6.0 1.0 7.0 1.0 1.0 1.0 2.0 3.0 4.0 73.97 0.7936526324593676 2.4907000000000004
387.4400000000001 0.16666666666666666 7.0 2.0 7.0 2.0 0.0 0.0 1.0 3.0 6.0 100.85000000000001 0.6700796222358171 3.6064700000000007
337.8800000000001 0.5333333333333333 6.0 1.0 5.0 1.0 1.0 1.0 2.0 2.0 4.0 53.940000000000005 0.9279571077860516 3.2174200000000015
446.6160000000002 0.3333333333333333 3.0 0.0 4.0 0.0 1.0 1.0 1.0 3.0 5.0 40.620000000000005 0.5352015525205441 5.276820000000005
588.7130000000002 0.4 10.0 1.0 10.0 1.0 2.0 2.0 3.0 4.0 7.0 104.24000000000001 0.3503963124800879 3.4324000000000012
312.377 0.5 5.0 1.0 7.0 1.0 1.0 1.0 2.0 2.0 3.0 88.91 0.9284511020269034 1.5447799999999996
420.5530000000004 0.46153846153846156 3.0 0.0 5.0 0.0 2.0 2.0 0.0 2.0 5.0 49.85000000000001 0.7398713567441708 3.7721000000000027
449.9420000000001 0.25 5.0 2.0 7.0 3.0 1.0 1.0 1.0 3.0 4.0 101.21000000000001 0.6004395337150072 4.705000000000004
449.9420000000001 0.25 5.0 2.0 7.0 3.0 1.0 1.0 1.0 3.0 4.0 101.21000000000001 0.6004395337150072 4.705000000000004
338.293 0.2857142857142857 6.0 2.0 7.0 2.0 1.0 1.0 2.0 2.0 3.0 83.04 0.88395267605883 1.5701999999999994
388.34900000000005 0.21052631578947367 4.0 1.0 6.0 1.0 1.0 1.0 2.0 3.0 2.0 66.71000000000001 0.7341499073527643 2.6664000000000003
352.369 0.21052631578947367 4.0 1.0 6.0 1.0 1.0 1.0 2.0 3.0 2.0 66.71000000000001 0.7680227480169095 2.0951199999999996
315.7600000000001 0.1875 3.0 1.0 5.0 1.0 1.0 1.0 1.0 2.0 2.0 62.300000000000004 0.9222968919232605 2.0482999999999993
323.4360000000001 0.38095238095238093 2.0 0.0 3.0 0.0 1.0 1.0 0.0 2.0 4.0 29.540000000000003 0.8552799974844062 3.844400000000003
307.43700000000007 0.42857142857142855 2.0 0.0 2.0 0.0 2.0 2.0 0.0 2.0 4.0 12.47 0.8289288715670488 4.417800000000004
438.63700000000034 0.5384615384615384 3.0 0.0 4.0 0.0 2.0 2.0 1.0 2.0 4.0 40.620000000000005 0.6553462710696227 5.234900000000005
331.3790000000001 0.10526315789473684 5.0 3.0 6.0 3.0 0.0 0.0 3.0 4.0 5.0 86.72 0.5227837700815181 3.165400000000001
441.98800000000006 0.36363636363636365 6.0 0.0 6.0 0.0 1.0 1.0 2.0 3.0 4.0 62.220000000000006 0.5699622714233435 4.995320000000005
274.19100000000003 0.5384615384615384 2.0 1.0 2.0 1.0 1.0 1.0 0.0 1.0 3.0 23.47 0.9133645489835573 3.340200000000002
358.3890000000002 0.5333333333333333 5.0 0.0 5.0 0.0 1.0 1.0 2.0 2.0 1.0 49.330000000000005 0.7863869782258444 2.995440000000002
266.3 0.0625 2.0 2.0 4.0 2.0 0.0 0.0 1.0 3.0 3.0 54.12 0.7627249171540963 3.4288000000000016
403.52600000000007 0.32 5.0 0.0 5.0 0.0 1.0 1.0 1.0 3.0 9.0 37.83 0.5351132303335624 4.208300000000003
382.479 0.43478260869565216 3.0 0.0 4.0 0.0 2.0 2.0 0.0 2.0 4.0 32.78 0.8061040687047564 3.813200000000003
445.5640000000002 0.4090909090909091 7.0 2.0 7.0 2.0 0.0 0.0 2.0 3.0 9.0 79.38000000000001 0.47688020477871773 4.351120000000003
281.39900000000006 0.3684210526315789 2.0 1.0 2.0 1.0 1.0 1.0 0.0 2.0 4.0 23.47 0.9233950881555529 3.700400000000003
405.43300000000005 0.2727272727272727 5.0 2.0 7.0 3.0 2.0 1.0 2.0 3.0 4.0 101.21 0.694015211972088 2.3686999999999996
393.49100000000016 0.4090909090909091 6.0 3.0 7.0 3.0 1.0 1.0 2.0 3.0 4.0 95.95 0.6215697085717279 3.9273000000000016
338.38800000000003 0.1111111111111111 5.0 0.0 5.0 0.0 0.0 0.0 2.0 4.0 3.0 69.13 0.5599077354538344 4.195620000000003
447.48600000000005 0.3333333333333333 6.0 1.0 6.0 2.0 1.0 1.0 2.0 3.0 3.0 85.0 0.6187949864772858 4.876920000000004
333.3470000000001 0.10526315789473684 4.0 1.0 6.0 1.0 1.0 1.0 1.0 3.0 3.0 71.53 0.7967931558540784 3.4437000000000015
406.4040000000001 0.3333333333333333 3.0 2.0 5.0 2.0 1.0 0.0 0.0 2.0 6.0 67.43 0.7647640422926232 3.898900000000003
291.37600000000003 0.35714285714285715 4.0 1.0 5.0 1.0 1.0 1.0 1.0 2.0 2.0 62.300000000000004 0.9034566339582102 1.2187999999999999
470.5330000000003 0.19230769230769232 8.0 2.0 9.0 2.0 1.0 1.0 2.0 4.0 7.0 95.75999999999999 0.377487357319337 4.635000000000003
337.27200000000005 0.5384615384615384 3.0 0.0 4.0 0.0 1.0 1.0 0.0 1.0 4.0 40.620000000000005 0.8474568157672796 2.4607
425.5140000000002 0.38095238095238093 7.0 1.0 8.0 1.0 2.0 1.0 2.0 3.0 5.0 96.67 0.6714427615145171 1.9751999999999998
520.8420000000001 0.2857142857142857 7.0 2.0 8.0 2.0 0.0 0.0 1.0 3.0 7.0 98.38 0.45790808492816215 4.059700000000002
359.9850000000001 0.6521739130434783 1.0 0.0 1.0 0.0 2.0 0.0 0.0 1.0 6.0 3.24 0.525222123463278 7.055500000000007
581.7249999999999 0.375 10.0 2.0 11.0 4.0 2.0 2.0 2.0 4.0 9.0 131.66 0.28619531650875424 3.1638
311.41400000000004 0.4375 6.0 0.0 5.0 0.0 2.0 1.0 3.0 3.0 2.0 46.84 0.7299425018110509 2.8649000000000013
371.524 0.23076923076923078 2.0 0.0 2.0 0.0 0.0 0.0 0.0 3.0 8.0 12.47 0.4505726789966775 5.9961000000000055
282.30300000000005 0.13333333333333333 5.0 1.0 6.0 1.0 0.0 0.0 2.0 3.0 3.0 69.04 0.7994715258256334 2.2291999999999996
403.5010000000002 0.28 3.0 1.0 4.0 1.0 1.0 1.0 1.0 3.0 6.0 45.230000000000004 0.6749191963025245 4.068500000000003
499.5480000000002 0.3448275862068966 2.0 1.0 3.0 1.0 1.0 1.0 0.0 3.0 6.0 40.540000000000006 0.3567296483612247 7.520900000000006
330.4530000000001 0.7222222222222222 4.0 0.0 4.0 0.0 5.0 1.0 1.0 1.0 3.0 50.27 0.7994119046564867 3.2599000000000027
378.2400000000001 0.0625 5.0 1.0 5.0 1.0 1.0 1.0 2.0 3.0 2.0 64.11 0.6592980646703684 4.656600000000002
359.43300000000005 0.19047619047619047 5.0 1.0 6.0 1.0 0.0 0.0 3.0 4.0 3.0 64.22 0.5996179630322237 4.0698000000000025
362.31500000000005 0.25 6.0 2.0 7.0 2.0 1.0 0.0 3.0 3.0 4.0 84.21000000000001 0.7454720293847439 2.9697000000000005
399.4980000000003 0.25 6.0 1.0 6.0 1.0 1.0 1.0 1.0 3.0 5.0 64.42 0.696150028309768 4.124280000000003
361.37300000000005 0.3888888888888889 5.0 2.0 7.0 3.0 1.0 1.0 1.0 2.0 6.0 103.54000000000002 0.8130535163119677 1.5837999999999999
309.30400000000003 0.125 4.0 2.0 6.0 2.0 1.0 1.0 2.0 3.0 2.0 83.56 0.7582939628846805 2.0126999999999997
445.50200000000024 0.2916666666666667 7.0 1.0 8.0 1.0 1.0 0.0 3.0 4.0 6.0 90.52 0.465217240721989 4.683920000000002
664.8110000000003 0.4594594594594595 11.0 2.0 12.0 2.0 4.0 3.0 4.0 4.0 7.0 120.99 0.3056244262184745 3.574200000000001
419.4510000000001 0.6190476190476191 6.0 1.0 6.0 2.0 4.0 2.0 2.0 2.0 5.0 69.19999999999999 0.8070704916102688 3.0001000000000015
423.4480000000002 0.13636363636363635 7.0 3.0 8.0 3.0 0.0 0.0 1.0 3.0 10.0 97.4 0.33121969762272224 4.252600000000002
507.5410000000003 0.25925925925925924 6.0 2.0 8.0 3.0 1.0 0.0 1.0 3.0 9.0 110.44 0.4138514692402624 4.465320000000002
438.4380000000002 0.22727272727272727 7.0 2.0 8.0 4.0 1.0 1.0 1.0 3.0 5.0 123.18999999999998 0.5885997566133526 3.4196800000000014
450.9520000000002 0.3157894736842105 7.0 2.0 9.0 2.0 0.0 0.0 2.0 3.0 7.0 108.69999999999999 0.5337455979362903 2.15642
344.3740000000001 0.05 4.0 2.0 6.0 2.0 0.0 0.0 2.0 4.0 3.0 79.78 0.5984728634370612 3.2745200000000017
387.8670000000001 0.3 3.0 2.0 6.0 2.0 1.0 1.0 0.0 2.0 4.0 70.67 0.8383172243572862 3.7749000000000033
417.8930000000003 0.3333333333333333 5.0 1.0 7.0 1.0 1.0 1.0 0.0 2.0 6.0 71.11000000000001 0.7818017638103434 3.034600000000001
279.4269999999999 0.4 1.0 0.0 1.0 0.0 1.0 1.0 0.0 2.0 3.0 3.24 0.7534629582993704 5.119700000000004
422.31200000000024 0.3 4.0 1.0 6.0 1.0 1.0 1.0 0.0 2.0 5.0 61.88000000000001 0.7989196692734718 3.679400000000002
357.4790000000002 0.47368421052631576 5.0 0.0 5.0 0.0 2.0 2.0 1.0 2.0 3.0 45.67000000000001 0.845723988209418 3.272800000000002
295.3860000000001 0.3333333333333333 4.0 0.0 4.0 0.0 0.0 0.0 2.0 3.0 4.0 43.85 0.7193909930717374 4.326640000000004
283.327 0.23529411764705882 4.0 0.0 4.0 0.0 0.0 0.0 1.0 3.0 4.0 44.49 0.723543830478418 4.0744000000000025
320.4080000000001 0.6111111111111112 3.0 1.0 4.0 1.0 2.0 1.0 0.0 1.0 2.0 43.78 0.9099734016227231 2.4155000000000006
239.282 0.15384615384615385 4.0 1.0 5.0 1.0 0.0 0.0 2.0 3.0 3.0 59.39 0.7628401979658359 2.3551
296.33000000000004 0.3125 6.0 1.0 6.0 1.0 1.0 1.0 1.0 2.0 4.0 80.06 0.932511127918011 2.34842
269.312 0.38461538461538464 7.0 0.0 7.0 0.0 1.0 1.0 3.0 3.0 1.0 64.66 0.6561391157235787 0.8884199999999998
223.30100000000004 0.4 5.0 0.0 4.0 0.0 0.0 0.0 2.0 2.0 4.0 42.160000000000004 0.7954368920705337 2.07152
346.77400000000006 0.1875 5.0 2.0 7.0 2.0 0.0 0.0 2.0 3.0 4.0 89.16 0.7591956584143927 2.49662
241.31199999999995 0.36363636363636365 3.0 1.0 4.0 1.0 0.0 0.0 0.0 1.0 4.0 63.24 0.8543649790184928 0.9809000000000003
201.22899999999998 0.2727272727272727 4.0 1.0 4.0 1.0 1.0 0.0 1.0 2.0 3.0 50.95 0.8274280555662448 2.3109
383.4730000000001 0.35 5.0 1.0 6.0 1.0 1.0 1.0 2.0 3.0 3.0 75.43 0.7535907749399688 3.2018200000000023
421.49700000000007 0.25 5.0 3.0 7.0 3.0 0.0 0.0 0.0 3.0 8.0 90.9 0.36667418670337965 4.549300000000003
314.35999999999996 0.3333333333333333 3.0 1.0 4.0 1.0 1.0 1.0 1.0 2.0 4.0 51.22 0.9438188297649815 2.698900000000001
431.49500000000006 0.15789473684210525 8.0 2.0 8.0 2.0 0.0 0.0 1.0 3.0 8.0 110.64 0.520142474957733 3.6513000000000018
386.26000000000005 0.26666666666666666 5.0 2.0 6.0 2.0 1.0 0.0 1.0 2.0 6.0 84.22 0.734732584604127 3.953800000000003
329.4190000000001 0.47368421052631576 3.0 1.0 4.0 1.0 1.0 1.0 1.0 2.0 4.0 45.230000000000004 0.9371313473385992 3.144020000000002
262.35299999999995 0.5333333333333333 3.0 1.0 4.0 1.0 1.0 1.0 0.0 1.0 4.0 41.57 0.8927126634059642 1.4496999999999998
371.4660000000002 0.4444444444444444 7.0 1.0 7.0 1.0 1.0 0.0 3.0 3.0 6.0 85.84 0.7188743055512512 3.227260000000002
394.4770000000001 0.05 7.0 2.0 5.0 2.0 0.0 0.0 2.0 4.0 5.0 83.31 0.3755720480293218 4.744500000000002
314.3890000000001 0.47058823529411764 4.0 1.0 6.0 1.0 1.0 1.0 1.0 1.0 4.0 65.54 0.8113201760326665 0.2873200000000007
312.37299999999993 0.29411764705882354 4.0 1.0 6.0 1.0 1.0 1.0 1.0 2.0 3.0 57.7 0.9442853111321476 2.2561999999999998
274.295 0.13333333333333333 2.0 3.0 4.0 3.0 0.0 0.0 0.0 2.0 4.0 61.36 0.8022981806336132 2.6397000000000013
341.40700000000004 0.35 4.0 0.0 5.0 0.0 1.0 1.0 0.0 2.0 7.0 48.0 0.7744714674578643 3.387400000000002
349.3940000000001 0.21052631578947367 6.0 1.0 7.0 1.0 1.0 1.0 2.0 3.0 3.0 74.49000000000001 0.7820922092645892 1.9352999999999998
337.4190000000001 0.23809523809523808 4.0 1.0 4.0 1.0 0.0 0.0 1.0 3.0 8.0 43.629999999999995 0.6226276072929161 4.296100000000004
330.51900000000023 0.8666666666666667 4.0 0.0 4.0 0.0 2.0 1.0 0.0 0.0 4.0 40.620000000000005 0.7912921951743387 2.0861
228.295 0.2857142857142857 2.0 1.0 3.0 1.0 0.0 0.0 1.0 2.0 4.0 41.99 0.8174719103623714 2.7647000000000013
406.48600000000016 0.30434782608695654 7.0 0.0 7.0 0.0 0.0 0.0 2.0 4.0 7.0 63.21 0.4406683634758997 3.526620000000001
376.43200000000024 0.5263157894736842 3.0 1.0 7.0 1.0 2.0 2.0 0.0 1.0 3.0 72.96 0.8622988008504288 1.2239199999999997
348.3740000000001 0.3333333333333333 4.0 1.0 6.0 1.0 0.0 0.0 1.0 2.0 5.0 71.63000000000001 0.8436412128892227 2.8380400000000012
280.36799999999994 0.7333333333333333 4.0 0.0 5.0 0.0 1.0 0.0 1.0 1.0 4.0 55.57 0.850582499468667 2.9331200000000015
280.42199999999997 0.4166666666666667 6.0 1.0 4.0 1.0 0.0 0.0 2.0 2.0 6.0 50.7 0.8228276563712419 3.2933000000000012
329.415 0.4 3.0 1.0 3.0 1.0 1.0 1.0 0.0 2.0 4.0 32.7 0.9296955389133734 3.6263200000000024
330.38700000000006 0.14285714285714285 3.0 1.0 4.0 1.0 0.0 0.0 1.0 3.0 2.0 55.120000000000005 0.7252208534164306 3.8955600000000024
394.5230000000002 0.5454545454545454 6.0 1.0 7.0 1.0 2.0 2.0 2.0 2.0 5.0 74.25 0.8402455601798384 3.0338400000000014
286.33500000000004 0.4 4.0 1.0 6.0 1.0 1.0 1.0 1.0 2.0 3.0 67.23 0.896109199687119 0.5570999999999999
258.32099999999997 0.5333333333333333 3.0 1.0 4.0 1.0 3.0 2.0 0.0 1.0 2.0 41.57 0.8802032671760288 1.8703999999999998
305.353 0.375 5.0 0.0 5.0 0.0 0.0 0.0 1.0 2.0 8.0 51.39 0.7503586627492947 2.8904000000000014
216.23999999999998 0.16666666666666666 3.0 2.0 4.0 2.0 0.0 0.0 1.0 2.0 1.0 62.22 0.7677621044852718 2.2072199999999995
335.4510000000001 0.38095238095238093 2.0 1.0 4.0 1.0 2.0 2.0 0.0 2.0 3.0 35.580000000000005 0.9342238633549358 3.280800000000002
247.34199999999998 0.5714285714285714 3.0 1.0 4.0 1.0 1.0 1.0 1.0 1.0 4.0 45.230000000000004 0.8776035140809315 1.5432999999999995
274.37200000000007 0.6428571428571429 6.0 0.0 6.0 0.0 1.0 1.0 2.0 2.0 3.0 50.080000000000005 0.8437515393886652 1.2837999999999998
257.33699999999993 0.4666666666666667 3.0 0.0 4.0 0.0 1.0 1.0 0.0 1.0 4.0 47.34 0.7737005237764113 1.8779800000000002
448.57100000000025 0.44 5.0 2.0 8.0 3.0 1.0 1.0 2.0 3.0 5.0 108.21000000000001 0.6231247774126831 3.197540000000001
315.37300000000016 0.47058823529411764 4.0 2.0 6.0 2.0 2.0 2.0 1.0 2.0 2.0 68.8 0.8552874252986452 0.6853999999999998
317.3640000000001 0.4117647058823529 4.0 1.0 5.0 1.0 1.0 1.0 1.0 2.0 4.0 58.370000000000005 0.940808615712575 2.4387
310.397 0.3157894736842105 3.0 1.0 4.0 1.0 1.0 1.0 0.0 2.0 4.0 41.57 0.9436798557326694 3.000420000000002
219.28399999999993 0.46153846153846156 2.0 0.0 3.0 0.0 1.0 1.0 0.0 1.0 4.0 29.54 0.7755686446914525 2.0779
305.38500000000005 0.2777777777777778 4.0 1.0 5.0 1.0 1.0 1.0 2.0 3.0 3.0 57.7 0.8067433644454179 3.250700000000002
440.29700000000014 0.14285714285714285 6.0 0.0 6.0 0.0 0.0 0.0 2.0 4.0 3.0 58.16 0.49049980966468903 3.466000000000002
298.28900000000004 0.42857142857142855 3.0 1.0 5.0 1.0 1.0 1.0 0.0 1.0 4.0 58.64 0.9271120678543852 2.2374
333.4070000000001 0.5555555555555556 5.0 0.0 5.0 0.0 1.0 1.0 1.0 2.0 5.0 51.39 0.8345171764975173 3.7203000000000026
327.4130000000001 0.375 6.0 1.0 6.0 1.0 1.0 1.0 2.0 2.0 3.0 81.91 0.9324964934745917 2.0234199999999998
230.271 0.4166666666666667 4.0 1.0 5.0 1.0 1.0 1.0 1.0 1.0 3.0 69.02000000000001 0.8218025868353187 0.5255799999999997
321.38000000000005 0.2631578947368421 5.0 1.0 5.0 1.0 1.0 1.0 1.0 3.0 4.0 62.39000000000001 0.8000515332685401 3.044500000000002
434.5440000000002 0.4166666666666667 5.0 1.0 8.0 1.0 1.0 1.0 2.0 3.0 7.0 87.12 0.6180659041109158 3.308200000000002
326.425 0.35294117647058826 6.0 0.0 5.0 0.0 1.0 0.0 2.0 3.0 5.0 52.83 0.7170047401447844 3.7120000000000024
309.163 0.23076923076923078 3.0 0.0 4.0 0.0 0.0 0.0 1.0 2.0 3.0 46.34 0.875340784055282 3.0177200000000015
204.2729999999999 0.4166666666666667 2.0 1.0 3.0 2.0 1.0 1.0 0.0 1.0 2.0 46.330000000000005 0.7907408003036805 1.3813000000000002
327.45700000000005 0.4117647058823529 5.0 1.0 5.0 1.0 1.0 1.0 2.0 3.0 3.0 48.050000000000004 0.8031337551104587 3.040120000000001
292.34200000000004 0.11764705882352941 4.0 1.0 5.0 1.0 0.0 0.0 2.0 3.0 4.0 59.81 0.8034671113395077 2.50572
255.321 0.3333333333333333 3.0 1.0 4.0 1.0 1.0 0.0 1.0 2.0 4.0 46.92 0.9107809208135974 2.2885999999999997
205.26099999999994 0.45454545454545453 3.0 1.0 4.0 1.0 1.0 1.0 1.0 1.0 2.0 45.230000000000004 0.7843258863505251 1.0414
234.303 0.5833333333333334 4.0 1.0 5.0 1.0 1.0 0.0 1.0 1.0 4.0 58.120000000000005 0.8372008485619987 0.8082399999999998
253.26100000000002 0.07142857142857142 4.0 1.0 5.0 1.0 0.0 0.0 2.0 3.0 2.0 68.02000000000001 0.7620774828652895 2.783520000000001
275.356 0.6428571428571429 6.0 1.0 6.0 1.0 1.0 0.0 2.0 2.0 4.0 67.07000000000001 0.9174460669146026 1.5875
443.5290000000002 0.42857142857142855 8.0 3.0 9.0 4.0 2.0 0.0 2.0 3.0 6.0 132.35999999999999 0.5310901734315111 2.0627999999999997
330.8190000000001 0.29411764705882354 4.0 1.0 5.0 1.0 1.0 1.0 1.0 2.0 3.0 48.47 0.9397864228588095 2.7391000000000005
249.314 0.5384615384615384 5.0 0.0 5.0 0.0 0.0 0.0 2.0 2.0 3.0 53.080000000000005 0.8386168585201218 2.59302
249.70099999999996 0.3333333333333333 4.0 1.0 4.0 1.0 1.0 0.0 1.0 2.0 4.0 50.95 0.9040425206191918 3.2125000000000012
347.3780000000001 0.15789473684210525 7.0 1.0 7.0 1.0 0.0 0.0 4.0 4.0 5.0 89.87 0.5829718718834078 4.015540000000002
373.413 0.29411764705882354 7.0 0.0 7.0 0.0 1.0 1.0 2.0 3.0 4.0 73.02000000000001 0.7005668736097126 1.9344
264.35400000000004 0.4166666666666667 6.0 0.0 5.0 0.0 0.0 0.0 2.0 2.0 4.0 51.14000000000001 0.84698554045659 2.19494
340.38300000000015 0.5 5.0 1.0 7.0 1.0 3.0 2.0 1.0 2.0 3.0 80.34 0.9280635562847919 2.4306
261.328 0.17647058823529413 3.0 0.0 3.0 0.0 0.0 0.0 0.0 2.0 4.0 50.82 0.8495155880040759 3.061960000000002
320.3960000000001 0.2631578947368421 5.0 0.0 5.0 0.0 1.0 1.0 1.0 3.0 4.0 45.400000000000006 0.7389235067621949 3.1168000000000013
336.43500000000006 0.38095238095238093 3.0 1.0 4.0 1.0 2.0 1.0 0.0 2.0 6.0 41.57 0.8762065238475308 3.600900000000003
377.87500000000006 0.22727272727272727 3.0 0.0 4.0 0.0 1.0 1.0 2.0 3.0 3.0 46.09 0.6571383964237024 4.816800000000004
220.27599999999995 0.5454545454545454 4.0 1.0 5.0 1.0 1.0 0.0 1.0 1.0 3.0 58.120000000000005 0.8191738484412976 0.8249
227.271 0.25 5.0 1.0 5.0 1.0 0.0 0.0 1.0 2.0 3.0 55.63 0.805326792475499 1.4059199999999998
214.2719999999999 0.3333333333333333 4.0 1.0 4.0 2.0 1.0 1.0 1.0 2.0 1.0 55.04 0.7862349457078179 1.8122
205.261 0.36363636363636365 4.0 1.0 4.0 2.0 0.0 0.0 1.0 2.0 2.0 52.95 0.7538200284348717 1.4249999999999996
344.84600000000006 0.3888888888888889 4.0 1.0 5.0 1.0 1.0 1.0 1.0 2.0 4.0 58.120000000000005 0.9235542758686249 3.3587200000000017
340.4270000000002 0.42105263157894735 5.0 1.0 6.0 1.0 1.0 1.0 1.0 2.0 5.0 67.35 0.9063399887169488 2.7139200000000008
265.313 0.25 4.0 1.0 4.0 1.0 0.0 0.0 1.0 2.0 4.0 54.88 0.9232892064941267 2.4208000000000007
396.3880000000001 0.3684210526315789 4.0 1.0 5.0 1.0 1.0 1.0 1.0 2.0 4.0 48.470000000000006 0.8053442640527205 3.3903000000000016
392.42500000000007 0.4 4.0 1.0 5.0 1.0 1.0 1.0 1.0 2.0 4.0 48.470000000000006 0.8645292747562189 3.5596200000000024
350.875 0.375 5.0 1.0 5.0 1.0 1.0 1.0 1.0 2.0 4.0 48.470000000000006 0.920620064533386 2.947300000000001
360.48300000000006 0.4444444444444444 6.0 1.0 6.0 1.0 1.0 1.0 1.0 2.0 5.0 57.7 0.8882107357755843 2.610920000000001
283.335 0.26666666666666666 3.0 3.0 6.0 3.0 0.0 0.0 2.0 3.0 2.0 86.46 0.675564420716174 2.8358
402.50200000000007 0.2608695652173913 7.0 2.0 7.0 3.0 0.0 0.0 2.0 4.0 8.0 90.88 0.43371135980386627 3.9546400000000013
402.498 0.2916666666666667 5.0 1.0 6.0 1.0 1.0 1.0 2.0 3.0 6.0 67.35 0.6757477408737484 3.9703000000000017
329.3810000000001 0.3125 5.0 1.0 6.0 1.0 1.0 1.0 2.0 3.0 4.0 79.2 0.7970092667978911 2.4095000000000004
317.36400000000003 0.4117647058823529 4.0 0.0 5.0 0.0 1.0 1.0 1.0 2.0 2.0 49.580000000000005 0.8544475998844189 2.7830400000000015
279.3650000000001 0.5384615384615384 6.0 0.0 5.0 0.0 1.0 1.0 2.0 2.0 4.0 51.39 0.8608904200678161 2.6609000000000007
227.263 0.07142857142857142 2.0 1.0 3.0 2.0 0.0 0.0 0.0 2.0 4.0 52.32000000000001 0.8702274740118084 2.2177
312.348 0.23529411764705882 5.0 1.0 5.0 1.0 0.0 0.0 2.0 3.0 4.0 63.84 0.7934110306932723 3.808060000000002
217.243 0.15384615384615385 2.0 0.0 2.0 0.0 0.0 0.0 1.0 2.0 2.0 22.0 0.7564044189243808 2.34412
342.4430000000001 0.5789473684210527 4.0 1.0 6.0 1.0 2.0 2.0 1.0 2.0 3.0 61.34 0.9277040979289517 1.9773999999999992
421.93200000000024 0.34782608695652173 5.0 1.0 6.0 1.0 2.0 2.0 2.0 3.0 3.0 63.050000000000004 0.6960242281418261 3.9090000000000016
350.4700000000001 0.45 5.0 1.0 6.0 1.0 1.0 1.0 2.0 3.0 5.0 62.63 0.7674761760614011 3.1972400000000016
257.68 0.0 4.0 0.0 4.0 0.0 0.0 0.0 2.0 3.0 2.0 47.900000000000006 0.7052536098240866 3.470500000000002
224.32899999999998 0.6363636363636364 3.0 1.0 3.0 1.0 1.0 0.0 1.0 1.0 2.0 41.99 0.8389498851093264 2.7891000000000004
232.30800000000002 0.16666666666666666 3.0 1.0 3.0 1.0 0.0 0.0 2.0 2.0 2.0 41.99 0.8644002263262006 3.012240000000001
311.38200000000006 0.8 4.0 0.0 7.0 0.0 2.0 2.0 0.0 0.0 3.0 70.16 0.762856373531731 0.545600000000001
378.51600000000025 0.5 3.0 0.0 4.0 0.0 2.0 1.0 1.0 2.0 5.0 42.43 0.7648884305182897 4.577200000000004
368.90800000000024 0.4090909090909091 2.0 0.0 3.0 0.0 2.0 2.0 0.0 2.0 3.0 23.550000000000004 0.812546799584639 4.136900000000003
352.4380000000003 0.4 5.0 1.0 6.0 1.0 1.0 1.0 2.0 3.0 6.0 58.75000000000001 0.6890813995176139 1.8563
357.4130000000001 0.13636363636363635 4.0 1.0 5.0 1.0 0.0 0.0 1.0 4.0 6.0 68.02 0.5354315157509136 4.851200000000003
296.37399999999997 0.47058823529411764 4.0 1.0 5.0 1.0 1.0 0.0 0.0 1.0 4.0 79.92 0.9244363678573376 2.33716
282.347 0.4375 5.0 1.0 5.0 1.0 1.0 0.0 1.0 2.0 4.0 74.74000000000001 0.9328950061428267 2.8088000000000015
236.315 0.6923076923076923 3.0 0.0 4.0 0.0 1.0 0.0 1.0 1.0 4.0 46.34 0.8071152635602946 2.7170000000000014
440.54700000000014 0.18518518518518517 4.0 2.0 6.0 2.0 1.0 1.0 0.0 3.0 6.0 64.68 0.5585157628265266 4.382500000000003
380.5400000000003 0.45454545454545453 6.0 3.0 6.0 4.0 0.0 0.0 2.0 3.0 11.0 80.27 0.42979243148748136 4.395800000000003
556.6410000000004 0.4444444444444444 10.0 0.0 11.0 0.0 2.0 2.0 2.0 3.0 9.0 119.75 0.39181427422343046 2.872200000000001
209.21999999999994 0.36363636363636365 2.0 1.0 3.0 1.0 1.0 1.0 0.0 1.0 2.0 40.54 0.8106342519405524 2.1241000000000003
224.263 0.14285714285714285 3.0 0.0 3.0 0.0 0.0 0.0 1.0 2.0 2.0 45.91 0.7852533765159109 3.362420000000002
226.30099999999996 0.6 4.0 1.0 4.0 1.0 1.0 1.0 1.0 1.0 2.0 51.22 0.8364582257228053 1.81662
264.344 0.5333333333333333 2.0 2.0 3.0 2.0 1.0 1.0 0.0 1.0 5.0 41.13 0.8522342243586736 1.8740999999999994
297.3829999999999 0.3125 4.0 0.0 4.0 0.0 1.0 1.0 1.0 2.0 4.0 56.99 0.8716270312782942 2.846680000000001
337.44800000000004 0.2631578947368421 4.0 1.0 4.0 1.0 1.0 1.0 1.0 2.0 5.0 56.13 0.8526912061982876 3.1818800000000014
272.326 0.36363636363636365 4.0 1.0 6.0 1.0 0.0 0.0 0.0 1.0 4.0 75.71000000000001 0.8296294755027973 0.9999199999999999
287.3230000000001 0.5714285714285714 7.0 0.0 7.0 0.0 1.0 1.0 2.0 2.0 4.0 81.08 0.7804526332927968 1.16442
282.30300000000005 0.13333333333333333 5.0 1.0 6.0 1.0 0.0 0.0 3.0 3.0 4.0 72.95 0.7975086704211964 2.4801200000000003
219.219 0.09090909090909091 3.0 1.0 4.0 2.0 0.0 0.0 1.0 2.0 3.0 60.910000000000004 0.8419517227698173 1.1744999999999999
279.315 0.42857142857142855 3.0 1.0 5.0 1.0 1.0 1.0 0.0 1.0 4.0 52.650000000000006 0.8783921032181784 0.6103999999999996
410.4150000000001 0.4 4.0 1.0 5.0 1.0 1.0 1.0 1.0 2.0 4.0 48.470000000000006 0.7813746943951572 3.6987200000000025
302.3780000000001 0.5 5.0 1.0 6.0 1.0 1.0 1.0 1.0 2.0 4.0 61.60000000000001 0.8963138014911202 0.5596999999999992
376.7500000000001 0.17647058823529413 4.0 2.0 6.0 2.0 1.0 0.0 1.0 2.0 4.0 94.88 0.8554904277926463 3.2945800000000016
246.335 0.23076923076923078 3.0 1.0 3.0 1.0 0.0 0.0 1.0 2.0 3.0 41.99 0.9032827561107518 2.40702
392.5030000000001 0.391304347826087 5.0 1.0 6.0 1.0 1.0 1.0 0.0 2.0 6.0 68.6 0.8187377337217375 2.7838800000000017
260.33699999999993 0.4 2.0 1.0 4.0 1.0 0.0 0.0 1.0 2.0 2.0 45.33 0.8432547504512224 3.0988000000000016
462.9560000000002 0.19230769230769232 5.0 0.0 5.0 0.0 0.0 0.0 2.0 4.0 7.0 51.02 0.3592278015949425 5.585400000000004
244.32299999999998 0.4166666666666667 5.0 0.0 4.0 0.0 1.0 0.0 2.0 2.0 4.0 52.81 0.8290977754398876 2.573780000000001
361.4490000000003 0.42857142857142855 5.0 1.0 6.0 1.0 2.0 1.0 2.0 3.0 3.0 72.70000000000002 0.7784900401222002 2.8897200000000014
267.29200000000003 0.14285714285714285 6.0 0.0 6.0 0.0 0.0 0.0 2.0 3.0 4.0 65.6 0.7088428733189382 1.0666999999999995
288.347 0.375 4.0 1.0 5.0 1.0 0.0 0.0 1.0 2.0 7.0 64.36 0.7951157368859548 3.091920000000002
340.37800000000004 0.15789473684210525 4.0 1.0 5.0 2.0 0.0 0.0 1.0 3.0 5.0 61.129999999999995 0.5735876688037159 2.5923999999999996
339.35100000000017 0.2222222222222222 7.0 0.0 7.0 0.0 1.0 1.0 1.0 3.0 5.0 67.63000000000001 0.7117146541665526 2.604000000000001
322.79599999999994 0.4666666666666667 5.0 1.0 6.0 1.0 1.0 1.0 1.0 2.0 5.0 63.15 0.9054025336957207 1.4788000000000003
267.3759999999999 0.35294117647058826 3.0 1.0 3.0 2.0 1.0 1.0 1.0 2.0 3.0 42.15 0.92729660927302 3.3167000000000026
313.4050000000002 0.5882352941176471 4.0 1.0 6.0 1.0 2.0 2.0 2.0 2.0 3.0 65.12 0.9375719304762685 1.7597000000000003
303.40200000000004 0.6666666666666666 4.0 1.0 4.0 1.0 3.0 3.0 0.0 1.0 1.0 39.72 0.8657278128108298 2.921900000000001
307.8210000000001 0.6470588235294118 3.0 1.0 3.0 1.0 3.0 3.0 0.0 1.0 0.0 30.490000000000002 0.7946669260878475 3.5667000000000018
388.5150000000001 0.375 4.0 0.0 5.0 0.0 1.0 1.0 2.0 3.0 6.0 51.02 0.6156326226343926 4.687000000000004
242.326 0.5 4.0 0.0 4.0 0.0 1.0 0.0 2.0 2.0 3.0 43.6 0.8305888337462287 3.0176000000000016
352.45300000000015 0.4090909090909091 2.0 0.0 3.0 0.0 2.0 2.0 0.0 2.0 3.0 23.550000000000004 0.8422657582808966 3.622600000000003
457.4850000000003 0.45454545454545453 8.0 1.0 9.0 1.0 2.0 2.0 3.0 3.0 5.0 87.89000000000001 0.6298453780778963 2.4772000000000007
463.46400000000017 0.47619047619047616 8.0 1.0 9.0 1.0 1.0 1.0 3.0 3.0 4.0 101.97 0.6292392348330077 3.716700000000003
330.35100000000006 0.1111111111111111 7.0 0.0 7.0 0.0 0.0 0.0 2.0 4.0 4.0 81.55 0.5741856742289727 2.54558
306.31800000000015 0.4666666666666667 5.0 0.0 7.0 0.0 2.0 2.0 0.0 1.0 2.0 68.31 0.8243167055784996 1.3296000000000001
223.305 0.4444444444444444 6.0 1.0 5.0 1.0 0.0 0.0 2.0 2.0 3.0 55.63 0.8564106517473546 1.50054
294.40200000000004 0.4444444444444444 4.0 0.0 4.0 0.0 1.0 1.0 1.0 2.0 4.0 44.85 0.8698265813881576 3.1542800000000017
248.28599999999994 0.4166666666666667 5.0 1.0 6.0 1.0 0.0 0.0 2.0 2.0 4.0 72.95 0.899308060945072 2.15024
237.328 0.45454545454545453 5.0 1.0 4.0 1.0 0.0 0.0 2.0 2.0 4.0 49.25 0.8786977814623121 1.6822
254.33700000000002 0.4 4.0 0.0 4.0 0.0 1.0 1.0 2.0 2.0 3.0 41.910000000000004 0.8427475034860249 2.3307
266.34499999999997 0.6923076923076923 4.0 2.0 6.0 2.0 1.0 1.0 1.0 1.0 4.0 68.18 0.8532733215665094 0.9781399999999999
321.38399999999996 0.3333333333333333 5.0 1.0 6.0 1.0 1.0 0.0 3.0 3.0 4.0 72.7 0.8017434399439929 2.7510200000000014
277.34899999999993 0.38461538461538464 5.0 1.0 5.0 1.0 1.0 1.0 1.0 2.0 2.0 54.46000000000001 0.9129750025355114 2.0913
238.33400000000006 0.1875 2.0 1.0 2.0 1.0 0.0 0.0 1.0 2.0 5.0 24.92 0.8091307476932662 3.1930200000000015
397.8590000000001 0.5 8.0 1.0 8.0 1.0 0.0 0.0 2.0 2.0 9.0 95.70000000000002 0.646348628173468 2.0134
361.42600000000004 0.05 5.0 1.0 5.0 1.0 0.0 0.0 2.0 4.0 4.0 64.11 0.5485476523004652 5.109000000000003
262.353 0.6 3.0 1.0 4.0 1.0 1.0 1.0 1.0 1.0 5.0 51.22 0.8820595975557551 1.9470999999999998
245.32599999999996 0.5 3.0 1.0 4.0 1.0 1.0 1.0 2.0 2.0 3.0 45.06 0.9035203157040543 2.556400000000001
400.4830000000003 0.6 6.0 1.0 9.0 1.0 2.0 2.0 2.0 2.0 5.0 96.35000000000001 0.8206668522427268 1.5083999999999997
399.4690000000001 0.2 2.0 1.0 4.0 1.0 1.0 1.0 2.0 4.0 3.0 48.99 0.5021777558616235 5.388800000000004
428.5400000000001 0.4 5.0 1.0 7.0 1.0 2.0 1.0 1.0 3.0 7.0 87.13000000000001 0.5867441988589208 4.777400000000004
296.33000000000004 0.3125 6.0 1.0 6.0 1.0 1.0 0.0 2.0 3.0 3.0 72.95 0.8042283548694134 2.8509200000000012
314.747 0.058823529411764705 2.0 1.0 3.0 1.0 0.0 0.0 1.0 3.0 3.0 41.99 0.7866067074544043 4.208500000000002
350.4260000000001 0.3684210526315789 6.0 1.0 7.0 1.0 1.0 1.0 2.0 3.0 4.0 75.42 0.7825149762446546 2.5418000000000003
453.5460000000002 0.2222222222222222 6.0 2.0 7.0 2.0 1.0 0.0 2.0 4.0 7.0 86.63 0.30794495948992967 4.870600000000003
339.42400000000026 0.29411764705882354 6.0 1.0 6.0 1.0 1.0 0.0 3.0 3.0 4.0 72.7 0.7926627723930626 2.5326000000000013
319.4300000000001 0.5625 5.0 1.0 5.0 1.0 1.0 0.0 2.0 2.0 4.0 64.11 0.9400978320613635 3.1358400000000017
323.487 0.5333333333333333 5.0 1.0 4.0 1.0 0.0 0.0 2.0 2.0 3.0 54.88 0.8991039364753055 4.581220000000004
424.9280000000001 0.25 3.0 1.0 5.0 1.0 0.0 0.0 1.0 3.0 7.0 62.400000000000006 0.5229595211070548 5.304240000000005
310.31300000000005 0.125 5.0 2.0 7.0 2.0 0.0 0.0 2.0 3.0 3.0 96.59 0.7734211132929404 2.29664
251.33300000000003 0.1875 2.0 1.0 3.0 1.0 0.0 0.0 1.0 3.0 2.0 31.92 0.7542529855089163 3.6043200000000013
418.5670000000003 0.65 7.0 1.0 8.0 1.0 2.0 1.0 2.0 2.0 6.0 93.01 0.7748190335521904 2.51642
248.35100000000003 0.38461538461538464 3.0 1.0 3.0 1.0 0.0 0.0 1.0 2.0 4.0 41.99 0.9023322162939312 3.2147000000000014
279.36500000000007 0.5384615384615384 4.0 1.0 5.0 1.0 2.0 2.0 1.0 1.0 4.0 52.650000000000006 0.8381956778040505 1.0480999999999998
297.35800000000006 0.35294117647058826 4.0 1.0 5.0 1.0 1.0 1.0 1.0 2.0 4.0 66.32000000000001 0.939534178419306 2.6900000000000004
253.327 0.5454545454545454 4.0 1.0 5.0 1.0 1.0 1.0 1.0 1.0 3.0 62.300000000000004 0.8264547500152983 1.32442
400.46000000000015 0.15789473684210525 6.0 2.0 8.0 3.0 1.0 1.0 0.0 2.0 5.0 114.08999999999997 0.7484845793786464 2.4512
401.4660000000002 0.25 6.0 1.0 6.0 1.0 1.0 1.0 2.0 4.0 8.0 69.41 0.48288780881588245 3.903100000000003
391.5040000000003 0.35 8.0 1.0 7.0 1.0 1.0 0.0 4.0 4.0 4.0 81.41000000000001 0.5714531074476329 3.6811200000000017
220.29699999999997 0.18181818181818182 4.0 1.0 3.0 2.0 0.0 0.0 1.0 2.0 3.0 48.14 0.864824521973032 2.7910000000000004
391.5400000000001 0.30434782608695654 4.0 0.0 4.0 0.0 1.0 1.0 2.0 3.0 4.0 36.440000000000005 0.6348925167738994 4.895900000000005
348.45400000000006 0.4 6.0 1.0 6.0 1.0 1.0 0.0 2.0 3.0 4.0 68.52000000000001 0.7798856279440954 3.6117000000000026
213.24 0.16666666666666666 4.0 0.0 4.0 0.0 0.0 0.0 1.0 2.0 4.0 50.839999999999996 0.7781321652346489 1.83378
293.36999999999995 0.2222222222222222 4.0 1.0 4.0 1.0 0.0 0.0 1.0 3.0 6.0 50.94 0.7598917480599381 2.6450000000000005
221.304 0.5 3.0 1.0 4.0 1.0 0.0 0.0 1.0 1.0 4.0 45.230000000000004 0.8467999627954061 2.1322
278.359 0.23529411764705882 4.0 0.0 4.0 0.0 0.0 0.0 2.0 3.0 3.0 43.6 0.732327512878503 3.7611200000000027
293.33000000000004 0.1875 6.0 0.0 6.0 0.0 0.0 0.0 3.0 4.0 3.0 59.980000000000004 0.5810312784403285 2.7459000000000007
296.3740000000001 0.35294117647058826 4.0 1.0 5.0 1.0 1.0 1.0 2.0 2.0 3.0 58.120000000000005 0.9455565438115504 3.0276200000000015
348.86300000000006 0.4 6.0 1.0 6.0 1.0 1.0 1.0 2.0 3.0 3.0 60.940000000000005 0.7882548319958477 2.7801
404.4440000000002 0.2631578947368421 6.0 1.0 8.0 1.0 1.0 1.0 0.0 2.0 6.0 102.01 0.7884405450537764 1.8529
313.43000000000006 0.4375 6.0 0.0 5.0 0.0 1.0 1.0 3.0 3.0 2.0 46.84 0.7291431051371811 3.1109000000000018
317.776 0.1875 3.0 1.0 5.0 1.0 0.0 0.0 1.0 2.0 4.0 62.300000000000004 0.9428137893627933 2.7541200000000012
251.29300000000003 0.07142857142857142 5.0 1.0 5.0 1.0 0.0 0.0 2.0 3.0 4.0 55.63 0.7725051236311129 2.2744
383.8830000000001 0.35 5.0 1.0 6.0 1.0 1.0 1.0 1.0 2.0 4.0 72.26 0.8782136329536483 2.9842200000000014
248.32999999999993 0.6923076923076923 3.0 1.0 5.0 1.0 2.0 1.0 1.0 1.0 4.0 50.160000000000004 0.8229939558351316 1.6111999999999997
337.38300000000004 0.3333333333333333 7.0 0.0 7.0 0.0 1.0 1.0 2.0 3.0 4.0 77.17 0.7228587623727751 2.33422
353.401 0.3684210526315789 6.0 0.0 6.0 0.0 1.0 0.0 2.0 3.0 7.0 65.72 0.6532351738226571 2.9888000000000012
261.285 0.5 6.0 2.0 7.0 2.0 1.0 0.0 2.0 2.0 3.0 92.41 0.8452951543684321 0.636299999999999
212.22399999999996 0.3 3.0 1.0 4.0 2.0 0.0 0.0 0.0 1.0 3.0 55.56 0.7563885270979221 0.8749
270.086 0.1111111111111111 5.0 1.0 5.0 2.0 0.0 0.0 1.0 2.0 2.0 74.17 0.9038608209060324 2.0899
290.396 0.46153846153846156 7.0 1.0 6.0 1.0 0.0 0.0 3.0 3.0 5.0 60.56 0.7842431250149144 2.55682
327.457 0.4117647058823529 6.0 0.0 5.0 0.0 1.0 1.0 2.0 3.0 2.0 37.190000000000005 0.72521908658756 2.8313200000000007
273.38400000000007 0.6 4.0 1.0 5.0 1.0 1.0 1.0 2.0 2.0 3.0 49.74 0.9303469027640946 2.00532
339.46399999999994 0.2631578947368421 4.0 1.0 4.0 1.0 0.0 0.0 2.0 3.0 7.0 46.400000000000006 0.529392337748736 3.4838200000000024
424.54500000000024 0.5 5.0 1.0 7.0 1.0 1.0 1.0 1.0 2.0 5.0 84.42 0.7944265993319406 3.4757200000000026
305.40300000000013 0.4666666666666667 5.0 1.0 5.0 1.0 1.0 1.0 1.0 2.0 3.0 54.46 0.9447803828225013 3.329100000000002
285.343 0.23529411764705882 3.0 1.0 4.0 1.0 0.0 0.0 0.0 2.0 6.0 47.56 0.8851858231819094 3.337200000000001
311.3850000000001 0.4444444444444444 4.0 1.0 5.0 1.0 2.0 1.0 1.0 2.0 2.0 58.36 0.9210294901769713 1.87622
333.463 0.07142857142857142 6.0 1.0 4.0 1.0 0.0 0.0 3.0 3.0 4.0 54.88 0.7886292608669702 3.858100000000001
324.4050000000001 0.2222222222222222 4.0 0.0 4.0 0.0 1.0 1.0 2.0 3.0 2.0 46.34 0.71780318884455 3.910020000000003
357.2990000000001 0.0625 7.0 1.0 7.0 1.0 0.0 0.0 2.0 4.0 3.0 81.41000000000001 0.6054334118106828 3.3679000000000006
309.4130000000001 0.3684210526315789 3.0 1.0 4.0 1.0 1.0 1.0 1.0 2.0 4.0 45.230000000000004 0.9443731081583274 2.849100000000001
311.38500000000005 0.3888888888888889 4.0 1.0 5.0 1.0 1.0 0.0 2.0 2.0 4.0 64.11 0.9369775541608085 3.585460000000002
263.344 0.11764705882352941 3.0 1.0 3.0 1.0 0.0 0.0 1.0 3.0 4.0 29.85 0.7775137677333641 3.699200000000002
301.34599999999995 0.375 5.0 1.0 6.0 1.0 1.0 1.0 1.0 2.0 4.0 67.60000000000001 0.9342177985890227 1.92072
442.5630000000002 0.3333333333333333 6.0 1.0 6.0 2.0 2.0 2.0 2.0 3.0 5.0 73.50000000000001 0.6175479043172528 4.698220000000004
233.27499999999992 0.6363636363636364 6.0 0.0 6.0 0.0 1.0 0.0 2.0 2.0 3.0 69.63 0.7949741515602745 1.1506
346.4310000000001 0.35294117647058826 6.0 1.0 5.0 1.0 0.0 0.0 2.0 3.0 6.0 63.83 0.7434827479902493 2.838620000000001
249.697 0.15384615384615385 3.0 1.0 3.0 1.0 0.0 0.0 1.0 2.0 3.0 42.35 0.9052594485436595 3.5063000000000017
299.403 0.4 6.0 1.0 5.0 1.0 1.0 0.0 3.0 3.0 4.0 55.63 0.8028615245596259 3.296420000000002
244.29799999999997 0.46153846153846156 4.0 0.0 5.0 0.0 1.0 0.0 2.0 2.0 2.0 50.5 0.8069589895928412 1.66222
355.48600000000016 0.65 5.0 0.0 6.0 0.0 2.0 2.0 2.0 2.0 5.0 54.260000000000005 0.8273407400589969 2.6431000000000004
333.4530000000001 0.5 3.0 1.0 4.0 1.0 1.0 0.0 1.0 2.0 4.0 59.31 0.9294500031560795 3.6198000000000032
572.75 0.47058823529411764 7.0 2.0 8.0 2.0 2.0 2.0 1.0 3.0 9.0 87.16000000000001 0.3669233448042263 5.146960000000004
269.22599999999994 0.16666666666666666 3.0 1.0 4.0 1.0 0.0 0.0 1.0 2.0 2.0 46.92 0.9107115402811363 2.691200000000001
268.32399999999996 0.42857142857142855 5.0 1.0 6.0 1.0 1.0 0.0 2.0 2.0 3.0 81.49000000000001 0.9137024193197658 1.5865799999999997
297.35800000000006 0.4117647058823529 3.0 1.0 5.0 1.0 2.0 1.0 1.0 2.0 3.0 58.22 0.9466505773944138 2.494200000000001
420.4250000000002 0.18181818181818182 9.0 0.0 9.0 0.0 0.0 0.0 2.0 4.0 5.0 97.35000000000002 0.4583234613589813 2.0026
373.4090000000001 0.42105263157894735 6.0 0.0 8.0 0.0 1.0 1.0 1.0 2.0 4.0 85.11 0.8154810279538243 2.0532
296.374 0.35294117647058826 4.0 1.0 5.0 1.0 0.0 0.0 1.0 2.0 2.0 70.71000000000001 0.923130834909827 3.3789200000000026
212.29299999999995 0.8181818181818182 2.0 1.0 4.0 1.0 1.0 1.0 0.0 0.0 4.0 49.410000000000004 0.7480386458960949 0.7710999999999999
218.26 0.5454545454545454 5.0 1.0 5.0 1.0 1.0 1.0 1.0 1.0 1.0 73.03999999999999 0.7442262769275471 0.5361199999999999
476.0640000000003 0.4482758620689655 3.0 1.0 4.0 1.0 2.0 0.0 1.0 3.0 5.0 46.92 0.4400147680606693 6.8132400000000075
355.44500000000005 0.13636363636363635 5.0 1.0 5.0 1.0 0.0 0.0 2.0 4.0 6.0 55.63 0.5693496028195396 3.9275200000000012
522.9890000000001 0.25925925925925924 7.0 2.0 9.0 2.0 0.0 0.0 2.0 4.0 9.0 115.57000000000001 0.31800511036448836 4.987200000000004
326.22299999999996 0.375 3.0 1.0 3.0 1.0 1.0 1.0 1.0 2.0 5.0 34.4 0.876987020184818 4.522000000000003
394.8580000000002 0.18181818181818182 3.0 1.0 5.0 1.0 1.0 1.0 0.0 3.0 2.0 60.85000000000001 0.7188042268153354 3.7970000000000024
341.4110000000001 0.3684210526315789 4.0 1.0 6.0 1.0 1.0 1.0 0.0 2.0 3.0 64.09 0.9163639512263796 1.3914000000000004
419.95600000000013 0.28 3.0 1.0 4.0 2.0 1.0 1.0 1.0 3.0 6.0 59.220000000000006 0.6288517303407534 4.712200000000005
311.31600000000003 0.11764705882352941 3.0 1.0 5.0 1.0 0.0 0.0 0.0 2.0 4.0 73.2 0.9420516408642416 2.40808
431.3590000000001 0.3157894736842105 5.0 1.0 5.0 1.0 1.0 1.0 2.0 3.0 3.0 58.120000000000005 0.6615983515964872 4.543600000000003
260.38499999999993 0.7333333333333333 4.0 2.0 4.0 2.0 2.0 1.0 1.0 1.0 3.0 49.84 0.876851949921702 2.6065200000000006
423.4690000000002 0.2608695652173913 7.0 1.0 8.0 1.0 1.0 1.0 0.0 2.0 8.0 89.46 0.5186107189248995 3.0333000000000014
388.4710000000002 0.30434782608695654 4.0 1.0 6.0 1.0 1.0 1.0 2.0 3.0 3.0 75.19 0.7416793091642219 3.737540000000002
344.48400000000015 0.5555555555555556 5.0 0.0 5.0 0.0 2.0 2.0 2.0 2.0 3.0 41.370000000000005 0.857479454651668 2.2459000000000007
297.314 0.25 4.0 1.0 6.0 1.0 1.0 1.0 1.0 2.0 4.0 79.37 0.8713185790695094 1.7123999999999995
257.33699999999993 0.3333333333333333 3.0 1.0 4.0 1.0 0.0 0.0 1.0 2.0 4.0 46.92 0.9150378424190467 2.7010400000000008
260.724 0.14285714285714285 2.0 1.0 3.0 1.0 0.0 0.0 1.0 2.0 4.0 41.99 0.9181742701163688 2.5939000000000005
450.5680000000001 0.30434782608695654 7.0 1.0 8.0 1.0 1.0 1.0 3.0 4.0 5.0 85.05 0.49977926059350086 3.810800000000002
368.4400000000001 0.17391304347826086 4.0 1.0 5.0 1.0 1.0 1.0 1.0 4.0 4.0 59.81 0.6007278186748212 3.378000000000002
316.38199999999995 0.25 4.0 0.0 5.0 0.0 1.0 1.0 1.0 2.0 2.0 67.34 0.8518910433320788 2.2327200000000005
280.331 0.1875 4.0 1.0 5.0 1.0 0.0 0.0 2.0 3.0 4.0 59.81 0.7990735466285163 2.7685200000000005
315.323 0.17647058823529413 3.0 1.0 4.0 1.0 0.0 0.0 0.0 2.0 4.0 56.13 0.9436934401131758 2.832480000000001
330.45700000000005 0.4117647058823529 5.0 1.0 5.0 1.0 1.0 1.0 1.0 2.0 4.0 48.470000000000006 0.9362575338489878 2.6824000000000012
393.4620000000001 0.391304347826087 4.0 0.0 5.0 0.0 2.0 2.0 1.0 3.0 4.0 49.580000000000005 0.6560997373920789 4.473300000000004
345.15600000000006 0.07142857142857142 6.0 0.0 6.0 0.0 0.0 0.0 3.0 4.0 3.0 69.88 0.5684713641373615 3.490100000000001
294.35800000000006 0.23529411764705882 4.0 1.0 5.0 1.0 0.0 0.0 2.0 3.0 4.0 59.81 0.8046112792521927 2.848020000000001
327.41900000000015 0.8823529411764706 4.0 1.0 4.0 1.0 2.0 0.0 1.0 1.0 5.0 50.95 0.885391456903228 4.073300000000003
362.8130000000001 0.3333333333333333 4.0 0.0 6.0 0.0 1.0 1.0 1.0 2.0 2.0 62.99 0.8196507718744058 3.514300000000002
358.4860000000002 0.5 5.0 2.0 6.0 2.0 0.0 0.0 1.0 2.0 10.0 70.39 0.3885502094684321 3.239300000000002
319.38000000000005 0.5294117647058824 5.0 0.0 5.0 0.0 1.0 1.0 1.0 2.0 5.0 51.39 0.8478297895592943 2.9804200000000014
297.38300000000004 0.125 5.0 2.0 4.0 1.0 0.0 0.0 1.0 3.0 2.0 50.94 0.7112822362944577 3.545440000000002
260.345 0.6153846153846154 6.0 1.0 6.0 1.0 1.0 1.0 2.0 2.0 3.0 58.87 0.9000258218947411 1.2594999999999998
317.3890000000002 0.5294117647058824 3.0 1.0 6.0 1.0 2.0 1.0 0.0 1.0 4.0 61.88 0.9265814910412171 3.2971000000000013
209.29299999999998 0.6363636363636364 3.0 1.0 4.0 1.0 0.0 0.0 1.0 1.0 3.0 46.92 0.8165706895710425 1.3538199999999998
334.375 0.2 4.0 1.0 5.0 1.0 1.0 1.0 1.0 3.0 4.0 60.45 0.796745193706263 2.9785000000000013
313.492 0.7142857142857143 4.0 1.0 4.0 1.0 1.0 1.0 1.0 1.0 3.0 45.230000000000004 0.9330632060852593 2.741500000000001
268.313 0.25 4.0 1.0 4.0 1.0 0.0 0.0 1.0 2.0 4.0 59.06 0.9187226701781045 1.8303999999999996
348.40600000000006 0.15 5.0 2.0 6.0 2.0 0.0 0.0 1.0 3.0 6.0 76.14 0.7128092347142451 3.5112200000000016
383.86 0.0 3.0 2.0 5.0 2.0 0.0 0.0 1.0 4.0 4.0 74.85 0.5367081701155355 4.684100000000003
248.28900000000002 0.06666666666666667 3.0 1.0 4.0 1.0 0.0 0.0 3.0 4.0 1.0 46.5 0.5622737386881552 3.116600000000001
424.68600000000015 0.1875 6.0 2.0 7.0 2.0 0.0 0.0 1.0 3.0 7.0 84.95 0.5997138973968208 3.8153000000000015
365.7950000000001 0.0 3.0 1.0 4.0 1.0 0.0 0.0 2.0 4.0 3.0 50.68 0.5724115144961769 4.687100000000003
300.36200000000014 0.4375 4.0 1.0 6.0 1.0 1.0 1.0 1.0 2.0 3.0 71.26 0.9456091104822812 2.645500000000001
375.40000000000015 0.2777777777777778 5.0 0.0 5.0 0.0 1.0 1.0 2.0 3.0 4.0 59.230000000000004 0.6918897415472706 3.9883000000000033
280.331 0.1875 4.0 1.0 5.0 1.0 0.0 0.0 2.0 3.0 4.0 59.81 0.7942269357116777 1.9407999999999999
352.41000000000014 0.2857142857142857 4.0 0.0 5.0 0.0 1.0 1.0 1.0 3.0 4.0 40.800000000000004 0.6751545323909056 3.384800000000002
298.39 0.47058823529411764 4.0 0.0 5.0 0.0 1.0 1.0 2.0 2.0 3.0 51.02 0.8737164612169829 2.34394
251.33299999999994 0.1875 3.0 1.0 3.0 2.0 0.0 0.0 1.0 3.0 4.0 43.839999999999996 0.7731668403133649 3.2513000000000023
285.36800000000005 0.1875 3.0 1.0 3.0 1.0 0.0 0.0 2.0 3.0 4.0 42.24 0.794546508863115 3.661620000000002
321.4650000000001 0.8888888888888888 3.0 1.0 5.0 1.0 3.0 1.0 0.0 0.0 3.0 52.650000000000006 0.8617658701984615 1.7680999999999993
347.42200000000025 0.3 5.0 1.0 6.0 1.0 1.0 1.0 2.0 3.0 4.0 71.01 0.7842354703587445 3.2630000000000017
245.32999999999998 0.6153846153846154 5.0 0.0 5.0 0.0 1.0 0.0 2.0 2.0 4.0 46.84 0.8261261691897939 1.9881
402.51300000000015 0.3076923076923077 2.0 0.0 3.0 0.0 1.0 1.0 1.0 3.0 6.0 33.2 0.571244631783282 5.150300000000005
333.395 0.21052631578947367 6.0 0.0 6.0 0.0 0.0 0.0 3.0 4.0 6.0 61.67 0.5382977427625024 3.800320000000002
287.36299999999994 0.375 5.0 1.0 5.0 1.0 0.0 0.0 1.0 2.0 8.0 56.269999999999996 0.7564738785962833 2.6763000000000012
313.3800000000001 0.4117647058823529 5.0 0.0 5.0 0.0 1.0 1.0 1.0 2.0 4.0 48.09 0.862681328902916 1.7486799999999998
305.284 0.2 5.0 0.0 5.0 0.0 0.0 0.0 2.0 3.0 4.0 49.05 0.7434035028649086 2.3846999999999996
339.43600000000015 0.8235294117647058 4.0 0.0 7.0 0.0 2.0 2.0 0.0 0.0 1.0 70.16000000000001 0.7252233952003486 1.4666999999999997
239.227 0.2727272727272727 5.0 3.0 6.0 3.0 0.0 0.0 0.0 1.0 4.0 95.86 0.6604256036397602 0.3906999999999999
312.41700000000014 0.6111111111111112 4.0 0.0 5.0 0.0 2.0 1.0 1.0 1.0 3.0 60.230000000000004 0.8582764158988054 2.1998799999999994
267.33599999999996 0.4 5.0 1.0 5.0 1.0 1.0 1.0 2.0 2.0 4.0 66.53 0.9212814076820987 2.1406799999999997
292.342 0.11764705882352941 4.0 0.0 5.0 0.0 0.0 0.0 2.0 3.0 4.0 51.02 0.7422587347504827 2.5395000000000003
324.8120000000002 0.6666666666666666 5.0 0.0 6.0 0.0 2.0 2.0 1.0 1.0 3.0 58.56 0.84489099713004 1.5953
437.61700000000025 0.5652173913043478 8.0 0.0 7.0 0.0 2.0 2.0 3.0 3.0 4.0 61.28000000000001 0.6172357230755917 3.656640000000003
275.304 0.3333333333333333 3.0 1.0 5.0 1.0 0.0 0.0 1.0 2.0 4.0 70.75 0.9306160964249612 2.5963400000000005
235.29000000000002 0.06666666666666667 2.0 1.0 3.0 1.0 0.0 0.0 2.0 3.0 2.0 41.57 0.7387822874239648 3.447120000000001
207.27700000000002 0.6363636363636364 4.0 1.0 4.0 1.0 1.0 0.0 1.0 1.0 3.0 49.25 0.8092477829195852 1.2178999999999998
286.3790000000001 0.6875 4.0 1.0 5.0 1.0 3.0 1.0 1.0 1.0 4.0 58.120000000000005 0.9091121808178915 1.4149999999999994
263.30400000000003 0.13333333333333333 5.0 0.0 5.0 0.0 0.0 0.0 3.0 4.0 1.0 48.010000000000005 0.5300810423409633 2.5914200000000003
308.34100000000007 0.23529411764705882 5.0 1.0 6.0 1.0 1.0 1.0 2.0 3.0 2.0 69.04 0.7893556835973798 2.4639200000000008
291.3260000000001 0.4 3.0 2.0 5.0 2.0 1.0 1.0 1.0 2.0 2.0 59.57000000000001 0.8694235392354692 1.0538999999999996
209.63600000000002 0.1111111111111111 4.0 1.0 4.0 1.0 0.0 0.0 2.0 2.0 3.0 50.95 0.8431893300122538 2.3350999999999997
291.39500000000004 0.75 4.0 1.0 5.0 1.0 2.0 0.0 1.0 1.0 7.0 56.15 0.8395948907511446 2.5283000000000007
459.47400000000016 0.13636363636363635 5.0 2.0 7.0 2.0 0.0 0.0 2.0 4.0 6.0 93.19 0.44796761876469304 4.365700000000003
311.47 0.9411764705882353 3.0 1.0 5.0 1.0 2.0 2.0 0.0 0.0 3.0 44.81 0.8698029699640131 2.3188999999999993
300.362 0.4375 5.0 0.0 6.0 0.0 1.0 1.0 1.0 2.0 3.0 62.470000000000006 0.8706967656225244 2.395200000000001
268.27200000000005 0.13333333333333333 4.0 0.0 5.0 0.0 1.0 1.0 1.0 2.0 2.0 59.38 0.7684223355919961 1.1815
257.318 0.15384615384615385 5.0 0.0 4.0 0.0 0.0 0.0 2.0 3.0 2.0 47.78 0.7068624992942937 2.20972
262.38199999999995 0.46153846153846156 5.0 1.0 4.0 1.0 0.0 0.0 2.0 2.0 3.0 50.7 0.9228521361834044 3.1511200000000015
308.3850000000001 0.3888888888888889 5.0 0.0 5.0 0.0 1.0 1.0 2.0 3.0 4.0 55.050000000000004 0.7415292412598637 2.9171200000000015
495.20000000000005 0.11764705882352941 7.0 1.0 6.0 1.0 0.0 0.0 3.0 4.0 4.0 64.34 0.40893708284522134 5.4384200000000025
314.3930000000001 0.4375 5.0 1.0 7.0 1.0 1.0 1.0 2.0 2.0 2.0 66.29 0.9168456891949293 1.7451199999999998
357.36600000000016 0.4444444444444444 7.0 0.0 8.0 0.0 3.0 3.0 1.0 2.0 3.0 73.36000000000001 0.826169352331201 1.6100999999999999
366.47100000000006 0.1111111111111111 6.0 1.0 5.0 1.0 0.0 0.0 3.0 4.0 3.0 67.77000000000001 0.5713313995762885 4.683940000000002
316.36100000000005 0.4375 6.0 1.0 7.0 1.0 1.0 1.0 2.0 2.0 5.0 78.27 0.9153339012134327 2.2805999999999997
271.32399999999996 0.42857142857142855 6.0 1.0 6.0 1.0 1.0 1.0 2.0 2.0 2.0 75.03 0.8950646100596242 1.66462
203.245 0.2727272727272727 3.0 1.0 4.0 1.0 0.0 0.0 2.0 2.0 2.0 50.8 0.8126888463954528 2.0971399999999996
372.49800000000005 0.5555555555555556 8.0 1.0 7.0 1.0 1.0 1.0 3.0 3.0 5.0 79.96000000000001 0.7414786811733596 3.024000000000002
479.7910000000002 0.30434782608695654 3.0 0.0 5.0 0.0 2.0 2.0 0.0 2.0 4.0 49.85000000000001 0.5306464904481878 5.673600000000004
355.85400000000004 0.11764705882352941 6.0 1.0 5.0 2.0 0.0 0.0 3.0 4.0 2.0 69.62 0.5783375790032824 4.396440000000002
307.39700000000005 0.2631578947368421 3.0 1.0 4.0 2.0 0.0 0.0 1.0 3.0 5.0 60.910000000000004 0.7795333760220291 3.775800000000002
265.748 0.4166666666666667 5.0 1.0 5.0 1.0 0.0 0.0 2.0 2.0 2.0 55.63 0.8478721343828405 3.1335200000000016
331.41900000000004 0.2857142857142857 3.0 0.0 4.0 0.0 1.0 1.0 2.0 3.0 3.0 46.09 0.7343106384404694 3.7402200000000025
256.38999999999993 0.9285714285714286 3.0 1.0 4.0 2.0 1.0 1.0 0.0 0.0 5.0 55.56 0.7628542017321849 1.779
225.296 0.8 5.0 1.0 6.0 1.0 0.0 0.0 1.0 1.0 3.0 72.7 0.8124500860561764 0.49519999999999964
342.4680000000001 0.3888888888888889 6.0 0.0 5.0 0.0 0.0 0.0 2.0 3.0 6.0 52.83 0.6871724489120161 3.5615400000000026
249.245 0.16666666666666666 4.0 1.0 5.0 1.0 0.0 0.0 1.0 2.0 4.0 56.15 0.8388249051798087 1.6927
400.4420000000002 0.2727272727272727 7.0 0.0 8.0 0.0 3.0 3.0 1.0 3.0 2.0 75.72999999999999 0.6548157768304756 1.5935999999999995
267.332 0.1875 4.0 1.0 4.0 2.0 0.0 0.0 1.0 3.0 4.0 53.07 0.7902320925179843 3.0059200000000006
248.32599999999994 0.5 3.0 1.0 4.0 2.0 1.0 1.0 0.0 1.0 4.0 55.56 0.8740914619185681 1.3235199999999998
310.744 0.0625 5.0 0.0 5.0 0.0 0.0 0.0 2.0 4.0 3.0 56.74 0.5774818010271467 3.788000000000002
288.32200000000006 0.25 3.0 1.0 4.0 1.0 0.0 0.0 1.0 2.0 4.0 51.22 0.9365629617377713 3.490800000000002
312.413 0.47368421052631576 3.0 0.0 4.0 0.0 1.0 0.0 1.0 2.0 5.0 46.34 0.8477333665150453 3.5650200000000023
394.85800000000006 0.18181818181818182 3.0 0.0 5.0 0.0 1.0 1.0 1.0 3.0 3.0 53.760000000000005 0.6686387909954127 4.198200000000003
342.7600000000001 0.3076923076923077 6.0 1.0 7.0 1.0 2.0 2.0 0.0 1.0 4.0 84.94000000000001 0.8920860484159595 1.4939
298.39000000000004 0.4117647058823529 5.0 0.0 5.0 0.0 0.0 0.0 3.0 3.0 5.0 48.78 0.7230034937443756 3.5870400000000027
287.34400000000005 0.14285714285714285 6.0 1.0 5.0 1.0 0.0 0.0 2.0 3.0 4.0 56.269999999999996 0.7961388100085385 3.4521000000000015
250.30100000000002 0.125 2.0 1.0 3.0 1.0 0.0 0.0 1.0 2.0 2.0 41.99 0.8299439845560685 2.17152
264.332 0.1875 4.0 0.0 4.0 0.0 0.0 0.0 2.0 3.0 4.0 41.910000000000004 0.7262991118940457 2.7037000000000013
263.728 0.23076923076923078 3.0 1.0 4.0 2.0 0.0 0.0 1.0 2.0 3.0 60.910000000000004 0.9236524742386204 2.30054
294.35800000000006 0.29411764705882354 4.0 1.0 5.0 1.0 1.0 1.0 2.0 3.0 2.0 53.400000000000006 0.7891928972111482 2.3655
364.32300000000004 0.2222222222222222 3.0 1.0 5.0 1.0 1.0 1.0 0.0 2.0 3.0 58.64 0.9107288861782481 3.069700000000001
397.30300000000005 0.1111111111111111 4.0 2.0 5.0 2.0 0.0 0.0 1.0 3.0 4.0 67.15 0.6492428600188879 4.186300000000002
422.5730000000002 0.52 4.0 1.0 6.0 1.0 1.0 1.0 1.0 2.0 7.0 75.19 0.7350485168267653 3.8656000000000024
343.37700000000007 0.3157894736842105 3.0 1.0 4.0 1.0 1.0 1.0 1.0 3.0 5.0 41.15 0.7715072054669941 3.4411000000000023
327.35900000000015 0.3333333333333333 5.0 0.0 5.0 0.0 1.0 1.0 2.0 3.0 4.0 55.300000000000004 0.7299923350317611 3.766620000000003
307.463 0.75 4.0 0.0 4.0 0.0 2.0 1.0 1.0 1.0 5.0 38.13 0.8393489663706298 2.797500000000001
396.52000000000015 0.4 7.0 1.0 7.0 2.0 1.0 1.0 3.0 3.0 3.0 88.24000000000001 0.7322730370046284 2.928400000000001
315.398 0.3125 5.0 1.0 5.0 1.0 1.0 0.0 1.0 2.0 5.0 63.99 0.8610622719627995 2.481300000000001
270.33200000000005 0.3125 3.0 1.0 4.0 1.0 1.0 1.0 1.0 2.0 3.0 45.480000000000004 0.9301969756756547 2.25952
377.44800000000004 0.3333333333333333 6.0 1.0 7.0 1.0 0.0 0.0 3.0 4.0 4.0 85.84000000000002 0.5825773800639463 3.914480000000003
330.409 0.35294117647058826 4.0 1.0 5.0 1.0 2.0 2.0 1.0 2.0 3.0 50.800000000000004 0.9413804553607479 2.7872000000000012
494.5920000000004 0.5555555555555556 7.0 1.0 9.0 1.0 3.0 2.0 1.0 2.0 9.0 104.83 0.5329842926692017 2.1847000000000003
248.24900000000005 0.0 5.0 1.0 6.0 1.0 0.0 0.0 3.0 3.0 2.0 91.14 0.7461736235697172 1.8003799999999996
277.32300000000004 0.05555555555555555 2.0 1.0 3.0 1.0 0.0 0.0 1.0 3.0 3.0 42.24 0.7651023777913888 4.5073200000000035
367.199 0.3333333333333333 4.0 0.0 6.0 0.0 1.0 1.0 1.0 2.0 4.0 62.99 0.8338320844928715 2.719500000000001
382.4280000000001 0.5 10.0 1.0 10.0 2.0 2.0 2.0 3.0 3.0 2.0 117.1 0.6914404462909833 0.9674
357.41400000000027 0.5555555555555556 7.0 0.0 8.0 0.0 2.0 2.0 2.0 2.0 3.0 84.59 0.8299549898193674 1.9600199999999999
219.31300000000002 0.2727272727272727 4.0 1.0 3.0 2.0 0.0 0.0 1.0 2.0 3.0 51.8 0.861202147365623 2.4651000000000005
437.5650000000003 0.375 5.0 2.0 6.0 2.0 1.0 0.0 2.0 3.0 7.0 80.32000000000001 0.5825706569093273 4.124900000000003
345.39300000000014 0.47368421052631576 2.0 1.0 4.0 1.0 2.0 1.0 1.0 2.0 3.0 48.99 0.918190293179759 3.8610000000000024
245.286 0.3333333333333333 5.0 1.0 6.0 1.0 0.0 0.0 2.0 2.0 4.0 72.7 0.8811962492064844 1.3158999999999998
247.323 0.25 4.0 1.0 4.0 1.0 0.0 0.0 2.0 2.0 4.0 54.88 0.9023164339326624 2.4178200000000007
282.368 0.125 4.0 0.0 3.0 0.0 0.0 0.0 1.0 3.0 3.0 38.92 0.6659293061750969 4.433920000000003
355.82500000000005 0.2631578947368421 4.0 0.0 5.0 0.0 1.0 1.0 2.0 3.0 3.0 51.27 0.7044416968039353 4.273800000000003
237.30600000000004 0.13333333333333333 2.0 2.0 3.0 3.0 0.0 0.0 1.0 3.0 3.0 54.7 0.6880361929376534 2.9303000000000017
348.4500000000001 0.3333333333333333 4.0 0.0 5.0 0.0 0.0 0.0 2.0 3.0 3.0 58.980000000000004 0.7138135658878387 4.133840000000004
362.47300000000007 0.34782608695652173 4.0 1.0 4.0 1.0 1.0 1.0 1.0 3.0 4.0 45.59 0.7609331027816694 4.035420000000003
272.32700000000006 0.3333333333333333 4.0 0.0 4.0 0.0 1.0 1.0 1.0 2.0 3.0 32.260000000000005 0.8544819351928411 1.9379
308.341 0.11764705882352941 5.0 1.0 6.0 1.0 0.0 0.0 2.0 3.0 4.0 71.25 0.8021792881490537 2.2451
313.36100000000005 0.5 6.0 0.0 7.0 0.0 2.0 1.0 2.0 2.0 2.0 75.36000000000001 0.8318323230797402 1.3058
280.32699999999994 0.23529411764705882 4.0 0.0 4.0 0.0 1.0 1.0 0.0 2.0 4.0 45.49 0.8635359339694695 2.9189800000000012
283.4119999999999 1.0 4.0 2.0 4.0 2.0 3.0 3.0 0.0 0.0 1.0 50.72 0.7709999089318589 1.8537000000000003
277.75500000000005 0.42857142857142855 3.0 1.0 4.0 1.0 1.0 1.0 0.0 1.0 3.0 56.13 0.860843299231099 2.07738
336.23299999999995 0.4666666666666667 3.0 1.0 4.0 1.0 1.0 1.0 0.0 1.0 3.0 56.13 0.8630630821968537 2.4753000000000007
300.18899999999996 0.38461538461538464 4.0 1.0 4.0 1.0 0.0 0.0 1.0 2.0 3.0 50.94 0.9455995142121162 3.3312200000000023
332.45400000000006 0.4 6.0 0.0 5.0 0.0 1.0 0.0 3.0 3.0 3.0 51.02 0.7372375807384657 3.5173400000000026
264.2809999999999 0.38461538461538464 4.0 1.0 6.0 1.0 1.0 1.0 0.0 1.0 2.0 67.87 0.8780707136699893 1.4759999999999998
241.269 0.14285714285714285 3.0 1.0 3.0 1.0 0.0 0.0 1.0 2.0 3.0 48.71 0.8981290756208489 3.012900000000001
337.379 0.21052631578947367 6.0 1.0 6.0 1.0 0.0 0.0 2.0 3.0 6.0 77.24000000000001 0.6951676749276839 3.6231000000000027
308.382 0.6666666666666666 5.0 1.0 7.0 1.0 1.0 1.0 1.0 1.0 2.0 76.46000000000001 0.9079291794412464 2.1482
314.29499999999996 0.125 3.0 1.0 5.0 1.0 1.0 1.0 1.0 3.0 1.0 50.160000000000004 0.7485160315706294 3.366600000000002
339.3700000000002 0.2631578947368421 4.0 0.0 5.0 0.0 1.0 1.0 1.0 3.0 3.0 47.36 0.7370737446040144 2.701200000000001
261.207 0.4444444444444444 5.0 3.0 6.0 3.0 0.0 0.0 2.0 2.0 3.0 86.72 0.7715230025919816 1.1643999999999997
344.3610000000001 0.2631578947368421 2.0 0.0 4.0 0.0 1.0 1.0 0.0 2.0 2.0 40.620000000000005 0.8404349597652149 2.9361000000000015
303.365 0.15789473684210525 4.0 1.0 4.0 1.0 0.0 0.0 1.0 3.0 5.0 57.94 0.777171150767707 3.8649800000000027
263.37 0.4166666666666667 6.0 0.0 5.0 0.0 0.0 0.0 2.0 2.0 4.0 45.150000000000006 0.8433083330777874 1.9439199999999996
317.39599999999996 0.3157894736842105 5.0 0.0 5.0 0.0 1.0 0.0 2.0 3.0 5.0 59.43 0.7253678324597443 3.275380000000002
219.19999999999993 0.2 6.0 1.0 6.0 2.0 1.0 1.0 1.0 2.0 1.0 83.4 0.7724305288125332 1.0899999999999999
255.32500000000002 0.5 5.0 0.0 5.0 0.0 1.0 1.0 1.0 1.0 4.0 66.95 0.7602870034185938 1.37906
363.4170000000001 0.23809523809523808 5.0 1.0 6.0 1.0 1.0 1.0 1.0 3.0 6.0 65.38000000000001 0.7219736024644658 3.8700000000000028
264.329 0.6153846153846154 5.0 1.0 6.0 1.0 0.0 0.0 2.0 2.0 4.0 72.68 0.9014094875510021 1.1982999999999995
361.4450000000001 0.2727272727272727 3.0 0.0 5.0 0.0 1.0 1.0 1.0 3.0 3.0 45.550000000000004 0.7171524716482502 3.4586200000000025
305.34100000000007 0.11764705882352941 6.0 1.0 6.0 1.0 0.0 0.0 2.0 4.0 4.0 68.77000000000001 0.6266300730227585 3.235400000000002
334.44900000000007 0.5333333333333333 7.0 1.0 7.0 1.0 1.0 1.0 2.0 2.0 4.0 66.29 0.9115913330713549 1.2541399999999994
201.27300000000002 0.25 3.0 1.0 3.0 2.0 0.0 0.0 1.0 2.0 2.0 43.839999999999996 0.809966261214023 2.3253200000000005
380.87900000000013 0.2857142857142857 4.0 0.0 5.0 0.0 1.0 1.0 2.0 3.0 3.0 51.02 0.6852609144190227 4.155300000000003
419.52200000000016 0.38095238095238093 4.0 1.0 6.0 1.0 1.0 1.0 0.0 2.0 8.0 69.72 0.7139898321193844 2.535100000000001
221.23499999999999 0.2727272727272727 3.0 1.0 4.0 1.0 0.0 0.0 0.0 1.0 3.0 56.13 0.8238891057033396 0.8795799999999996
315.44200000000023 0.47058823529411764 4.0 1.0 4.0 1.0 1.0 0.0 2.0 2.0 4.0 54.88 0.8773316777803576 3.5866000000000016
351.4060000000001 0.25 3.0 1.0 6.0 1.0 1.0 1.0 0.0 2.0 4.0 69.72 0.8611827238007147 2.9647000000000014
304.7370000000001 0.21428571428571427 5.0 1.0 6.0 1.0 1.0 1.0 1.0 2.0 2.0 67.35000000000001 0.8636274726490957 2.5372199999999996
210.258 0.2222222222222222 5.0 1.0 4.0 2.0 0.0 0.0 1.0 2.0 2.0 57.370000000000005 0.8219989204907019 1.8957
438.4990000000003 0.36 6.0 1.0 6.0 1.0 1.0 1.0 1.0 3.0 7.0 75.8 0.5446782891901102 4.574300000000005
315.39200000000005 0.4444444444444444 4.0 0.0 4.0 0.0 1.0 1.0 1.0 2.0 4.0 38.25 0.8674192706145697 3.3123200000000024
302.8050000000001 0.29411764705882354 3.0 1.0 3.0 1.0 1.0 1.0 0.0 2.0 3.0 26.71 0.9415249009037894 3.3678000000000017
434.5440000000002 0.4166666666666667 7.0 1.0 8.0 1.0 1.0 1.0 2.0 3.0 7.0 85.17 0.6154958424136193 2.6999999999999993
337.37900000000013 0.21052631578947367 5.0 1.0 6.0 1.0 0.0 0.0 2.0 3.0 4.0 77.25000000000001 0.7657039005510012 4.3478800000000035
389.4550000000001 0.13043478260869565 4.0 3.0 6.0 3.0 0.0 0.0 0.0 3.0 5.0 81.67 0.6086115933178281 4.271220000000004
265.29 0.16666666666666666 5.0 1.0 5.0 1.0 0.0 0.0 1.0 2.0 4.0 68.65 0.9195199730325345 2.5255
428.5360000000002 0.34615384615384615 6.0 0.0 6.0 0.0 2.0 2.0 2.0 3.0 5.0 60.370000000000005 0.5958942547551019 4.511020000000004
292.383 0.6666666666666666 5.0 0.0 6.0 0.0 1.0 1.0 1.0 1.0 1.0 58.56 0.7941569240428061 2.23062
436.5550000000002 0.2413793103448276 3.0 0.0 4.0 0.0 1.0 1.0 1.0 4.0 5.0 42.43000000000001 0.4379370664454997 5.084400000000004
264.32499999999993 0.5 4.0 0.0 5.0 0.0 1.0 1.0 0.0 1.0 4.0 42.010000000000005 0.8082503485922352 0.8479999999999999
325.4120000000001 0.3684210526315789 2.0 1.0 5.0 1.0 1.0 1.0 1.0 2.0 4.0 56.410000000000004 0.9376484428403568 2.3049999999999997
208.24200000000002 0.1111111111111111 4.0 1.0 4.0 1.0 0.0 0.0 2.0 2.0 2.0 55.13 0.8233635089853394 2.2968200000000003
343.3870000000001 0.25 6.0 0.0 6.0 0.0 1.0 0.0 2.0 3.0 4.0 63.910000000000004 0.7304695971095749 2.9805200000000003
259.33099999999996 0.5 4.0 1.0 6.0 2.0 0.0 0.0 1.0 1.0 4.0 85.51999999999998 0.8446536338985375 0.3423400000000004
295.34200000000004 0.23529411764705882 4.0 1.0 5.0 1.0 0.0 0.0 2.0 3.0 3.0 68.02000000000001 0.800420598204819 3.654340000000002
236.29600000000002 0.2727272727272727 4.0 0.0 4.0 0.0 0.0 0.0 2.0 2.0 3.0 46.34 0.8212027434443683 2.31672
207.277 0.6363636363636364 4.0 1.0 4.0 1.0 1.0 1.0 1.0 1.0 3.0 49.25 0.7902615481339661 0.6482999999999999
304.2130000000001 0.6 4.0 0.0 4.0 0.0 1.0 1.0 1.0 1.0 2.0 46.09 0.8321999490396529 1.5864
261.304 0.3076923076923077 5.0 1.0 5.0 2.0 0.0 0.0 2.0 2.0 4.0 67.93 0.9084100986312009 1.7916999999999998
339.3740000000001 0.2777777777777778 5.0 1.0 6.0 1.0 1.0 1.0 2.0 3.0 4.0 66.93 0.7912447428895717 2.572700000000001
248.232 0.07692307692307693 2.0 1.0 3.0 1.0 0.0 0.0 1.0 2.0 3.0 41.99 0.905050147317283 2.2898000000000005
331.4230000000002 0.3 4.0 1.0 5.0 1.0 1.0 1.0 2.0 4.0 2.0 49.74 0.6068961751513975 3.846300000000002
292.338 0.2222222222222222 3.0 1.0 4.0 1.0 1.0 0.0 1.0 3.0 3.0 55.13 0.8035385475302732 3.497700000000002
340.40200000000004 0.3157894736842105 4.0 1.0 5.0 1.0 0.0 0.0 2.0 3.0 3.0 59.81 0.7718785052953987 4.328860000000003
323.3960000000001 0.2631578947368421 4.0 1.0 5.0 1.0 0.0 0.0 1.0 3.0 7.0 60.03 0.7236520976595464 3.411900000000002
332.473 0.5882352941176471 5.0 0.0 5.0 0.0 1.0 1.0 2.0 2.0 4.0 49.330000000000005 0.8637295490719885 2.7843600000000013
448.57100000000037 0.48 6.0 2.0 8.0 2.0 2.0 2.0 2.0 3.0 7.0 86.37999999999998 0.5763470225905809 3.3804000000000016
334.42300000000023 0.35 4.0 1.0 5.0 1.0 1.0 0.0 2.0 3.0 3.0 59.81 0.8005816917881771 3.0855200000000016
265.10300000000007 0.0 4.0 0.0 4.0 0.0 0.0 0.0 2.0 3.0 1.0 43.6 0.6785080586279566 3.1223
279.343 0.17647058823529413 4.0 1.0 4.0 1.0 0.0 0.0 2.0 3.0 4.0 49.25 0.7973884452892409 2.967400000000002
261.325 0.5 4.0 1.0 5.0 1.0 0.0 0.0 2.0 2.0 4.0 68.02000000000001 0.9184558375594392 2.758040000000001
327.4320000000002 0.5 4.0 1.0 6.0 1.0 1.0 1.0 1.0 2.0 4.0 63.050000000000004 0.9339048243363243 3.545200000000002
301.14000000000004 0.36363636363636365 4.0 1.0 5.0 2.0 1.0 1.0 0.0 1.0 4.0 64.79 0.9040995081951878 1.0949000000000004
369.362 0.4444444444444444 3.0 0.0 4.0 0.0 1.0 1.0 1.0 2.0 2.0 38.13 0.7533558407403346 3.8999000000000033
252.27700000000004 0.07142857142857142 4.0 1.0 5.0 1.0 0.0 0.0 2.0 3.0 3.0 63.690000000000005 0.7776340223480008 2.542299999999999
274.4079999999999 0.5882352941176471 2.0 1.0 3.0 2.0 1.0 1.0 0.0 1.0 3.0 46.33 0.9208378496874774 2.681400000000001
265.32 0.4 5.0 0.0 5.0 0.0 2.0 1.0 2.0 2.0 2.0 57.74 0.8335120624191827 2.04738
299.46100000000007 0.7857142857142857 4.0 0.0 3.0 0.0 2.0 0.0 1.0 1.0 4.0 47.03 0.8521412916002462 3.658100000000003
267.27899999999994 0.46153846153846156 4.0 1.0 4.0 1.0 1.0 1.0 0.0 1.0 3.0 50.5 0.8856388939765601 0.95078
293.39600000000013 0.6153846153846154 7.0 0.0 6.0 0.0 1.0 1.0 2.0 2.0 4.0 58.290000000000006 0.8587832653608327 1.9717
278.315 0.0625 4.0 1.0 5.0 1.0 0.0 0.0 2.0 3.0 4.0 59.81 0.7955526078001783 2.1973000000000003
275.3520000000001 0.5333333333333333 3.0 1.0 5.0 1.0 1.0 1.0 1.0 1.0 3.0 62.300000000000004 0.9061562163082254 1.3783199999999995
243.30999999999997 0.42857142857142855 2.0 1.0 4.0 1.0 1.0 1.0 1.0 2.0 1.0 48.99 0.8359007546556707 2.4350000000000005
227.26699999999997 0.23076923076923078 4.0 0.0 4.0 0.0 0.0 0.0 2.0 2.0 4.0 53.06 0.8028963140383285 2.17828
346.3500000000001 0.0 8.0 4.0 8.0 6.0 0.0 0.0 2.0 4.0 2.0 144.06 0.43266451954791146 2.3294000000000006
305.422 0.6470588235294118 3.0 1.0 5.0 1.0 1.0 1.0 1.0 1.0 3.0 54.46000000000001 0.933404565670761 2.5315200000000004
445.47200000000015 0.14285714285714285 5.0 2.0 8.0 2.0 0.0 0.0 1.0 3.0 8.0 108.72000000000001 0.5542833197020026 2.7534
287.338 0.25 3.0 1.0 4.0 1.0 0.0 0.0 1.0 2.0 4.0 45.230000000000004 0.9401880668890709 2.843020000000001
351.4540000000001 0.45 6.0 0.0 6.0 0.0 1.0 0.0 2.0 3.0 8.0 57.76 0.62595894450519 2.6362000000000014
353.81300000000005 0.16666666666666666 6.0 1.0 6.0 1.0 0.0 0.0 2.0 4.0 4.0 68.76 0.6119927786150522 3.025800000000001
250.34599999999995 0.7692307692307693 4.0 1.0 5.0 1.0 1.0 0.0 1.0 1.0 4.0 59.81 0.8852061314255903 1.7448999999999997
316.42600000000004 0.35294117647058826 5.0 1.0 4.0 1.0 0.0 0.0 2.0 3.0 6.0 51.19 0.7493314882086864 3.8912200000000023
294.31399999999996 0.25 5.0 1.0 6.0 1.0 1.0 0.0 3.0 3.0 3.0 80.9 0.8028887759150871 2.6995200000000006
236.34400000000002 0.5454545454545454 5.0 0.0 4.0 0.0 0.0 0.0 2.0 2.0 4.0 43.6 0.8172039629487128 2.21612
349.369 0.10526315789473684 6.0 1.0 6.0 1.0 0.0 0.0 2.0 4.0 5.0 68.76 0.6015155815637985 2.8105
326.34300000000013 0.5 3.0 1.0 5.0 1.0 1.0 1.0 0.0 1.0 4.0 58.64 0.9138018229141514 1.5779999999999998
246.33500000000004 0.23076923076923078 3.0 1.0 3.0 1.0 0.0 0.0 1.0 2.0 4.0 41.99 0.8991551622843774 2.3104199999999997
349.39000000000004 0.2 5.0 1.0 6.0 1.0 1.0 1.0 1.0 3.0 4.0 65.38 0.7844562784389162 3.3450000000000015
271.3640000000001 0.5 3.0 0.0 4.0 0.0 1.0 1.0 2.0 2.0 3.0 38.13 0.8583181656931188 2.2302
405.50600000000014 0.3181818181818182 8.0 2.0 8.0 3.0 1.0 1.0 1.0 3.0 7.0 92.42999999999999 0.6195205839783445 2.5238000000000005
260.381 0.5625 2.0 1.0 3.0 2.0 1.0 0.0 0.0 1.0 6.0 46.33 0.8544929677780251 2.6967000000000008
248.304 0.8888888888888888 7.0 3.0 6.0 3.0 2.0 2.0 0.0 0.0 1.0 85.52000000000001 0.5212499179316487 -1.5415999999999992
377.4920000000002 0.4090909090909091 5.0 1.0 6.0 1.0 1.0 1.0 1.0 3.0 5.0 63.050000000000004 0.7424389081313929 3.0014400000000014
347.4150000000002 0.5 4.0 1.0 7.0 1.0 1.0 1.0 0.0 1.0 2.0 78.95 0.8306503205845679 2.0491999999999995
422.201 0.0625 4.0 1.0 5.0 1.0 0.0 0.0 2.0 3.0 4.0 59.81 0.656877892420839 3.322400000000002
258.369 0.6 4.0 1.0 4.0 1.0 1.0 1.0 1.0 1.0 3.0 51.95 0.9045791257409258 2.4663200000000005
322.43 0.5625 3.0 1.0 5.0 1.0 2.0 1.0 0.0 1.0 3.0 66.48 0.9262436892116637 2.0725999999999996
246.30999999999997 0.5714285714285714 3.0 0.0 4.0 0.0 2.0 1.0 1.0 1.0 4.0 42.43 0.8130510070007491 1.7873999999999999
296.305 0.0625 4.0 1.0 5.0 1.0 0.0 0.0 2.0 3.0 4.0 59.81 0.8036022439787153 2.3364000000000003
385.4230000000001 0.08695652173913043 4.0 2.0 6.0 2.0 0.0 0.0 2.0 4.0 6.0 84.23 0.49632116153238637 3.654600000000002
257.33299999999997 0.5 2.0 1.0 3.0 1.0 2.0 0.0 0.0 1.0 3.0 46.17 0.6674085197427084 2.4168000000000003
308.378 0.5625 4.0 3.0 6.0 3.0 1.0 0.0 0.0 1.0 5.0 79.82000000000001 0.7807258751557095 2.541300000000001
345.406 0.15 6.0 1.0 6.0 1.0 0.0 0.0 2.0 4.0 6.0 64.34 0.578869539854537 3.549800000000001
363.84500000000025 0.5 3.0 1.0 6.0 1.0 2.0 1.0 0.0 1.0 4.0 69.72 0.8356416565836202 2.5531000000000006
364.4490000000001 0.3333333333333333 4.0 1.0 6.0 1.0 1.0 1.0 1.0 3.0 3.0 59.39 0.7652795030680664 3.9570200000000026
320.8240000000001 0.5 5.0 0.0 5.0 0.0 1.0 1.0 1.0 2.0 4.0 45.400000000000006 0.8655332990890945 3.1686000000000023
408.4390000000001 0.0 6.0 2.0 8.0 2.0 0.0 0.0 2.0 4.0 6.0 106.23 0.5077177279016037 3.5184000000000024
282.34700000000004 0.3125 5.0 1.0 5.0 1.0 0.0 0.0 2.0 3.0 3.0 63.83 0.80095710035936 2.4108600000000004
351.3280000000001 0.29411764705882354 5.0 0.0 5.0 0.0 0.0 0.0 2.0 3.0 4.0 48.650000000000006 0.7064398414422851 4.210900000000003
200.263 0.5 4.0 1.0 4.0 1.0 0.0 0.0 1.0 1.0 3.0 51.22 0.8007803263610158 1.34484
264.32800000000003 0.11764705882352941 1.0 2.0 3.0 2.0 0.0 0.0 1.0 3.0 3.0 44.89 0.7447114515425123 3.6575200000000017
304.4190000000001 0.5333333333333333 5.0 1.0 5.0 1.0 1.0 1.0 2.0 2.0 3.0 58.120000000000005 0.9470284629751096 2.7502000000000013
254.69599999999997 0.2727272727272727 4.0 1.0 4.0 1.0 0.0 0.0 1.0 2.0 3.0 42.74 0.915349979673097 2.5281200000000004
296.305 0.0625 3.0 2.0 5.0 2.0 0.0 0.0 1.0 3.0 4.0 70.67 0.7769552490209541 2.540800000000001
332.3670000000001 0.1111111111111111 6.0 1.0 7.0 1.0 0.0 0.0 3.0 4.0 4.0 77.63000000000001 0.6226152044038364 2.4654000000000007
292.346 0.375 6.0 0.0 6.0 0.0 2.0 1.0 2.0 3.0 2.0 59.730000000000004 0.7238102838717722 2.1189
230.27100000000002 0.25 4.0 1.0 5.0 1.0 0.0 0.0 2.0 2.0 4.0 59.81 0.8735161595014979 2.0058999999999996
434.5880000000003 0.48 7.0 0.0 7.0 0.0 1.0 1.0 2.0 3.0 7.0 59.31 0.5574639268617465 4.122620000000003
294.358 0.23529411764705882 4.0 1.0 5.0 1.0 0.0 0.0 2.0 3.0 2.0 59.81 0.7895472427745673 3.1458600000000017
204.273 0.5 2.0 0.0 3.0 0.0 1.0 1.0 1.0 1.0 1.0 33.2 0.6986165556409119 1.8075
351.38500000000016 0.2631578947368421 5.0 0.0 6.0 0.0 1.0 1.0 1.0 3.0 4.0 63.910000000000004 0.7250104888874942 2.7635000000000014
306.36500000000007 0.15789473684210525 3.0 1.0 4.0 1.0 0.0 0.0 1.0 3.0 4.0 51.22 0.7475251526975445 3.7132400000000025
231.29499999999996 0.42857142857142855 2.0 1.0 3.0 1.0 1.0 0.0 0.0 1.0 3.0 46.17 0.6402276183511676 2.2365199999999996
383.92300000000023 0.45454545454545453 3.0 0.0 4.0 0.0 2.0 2.0 1.0 2.0 4.0 36.440000000000005 0.7932615250164126 4.203800000000004
293.37000000000006 0.16666666666666666 4.0 1.0 4.0 1.0 0.0 0.0 1.0 3.0 5.0 39.08 0.7791926162023705 3.7078000000000015
384.9110000000003 0.47619047619047616 4.0 0.0 5.0 0.0 2.0 2.0 1.0 2.0 4.0 49.330000000000005 0.8076820612107644 3.5988000000000024
288.34999999999997 0.05263157894736842 3.0 1.0 3.0 2.0 0.0 0.0 1.0 3.0 3.0 55.98 0.5846756354645222 4.021520000000002
308.341 0.23529411764705882 5.0 1.0 6.0 1.0 1.0 1.0 2.0 3.0 3.0 69.03999999999999 0.8025381082039605 1.9325999999999997
279.347 0.25 5.0 0.0 5.0 0.0 0.0 0.0 2.0 3.0 5.0 56.49 0.7198963001182236 2.5401999999999996
230.24200000000002 0.07692307692307693 2.0 1.0 3.0 1.0 0.0 0.0 1.0 2.0 3.0 41.99 0.8773873256559035 2.1506999999999996
235.331 0.5384615384615384 4.0 1.0 4.0 2.0 1.0 1.0 0.0 1.0 4.0 41.730000000000004 0.7872094567751338 0.8949999999999999
306.369 0.16666666666666666 4.0 1.0 5.0 1.0 0.0 0.0 2.0 3.0 4.0 59.81 0.806057310659721 2.814140000000001
234.303 0.5833333333333334 4.0 1.0 5.0 1.0 1.0 1.0 1.0 1.0 3.0 58.120000000000005 0.8412608240909959 0.8290999999999993
271.32 0.26666666666666666 4.0 1.0 5.0 1.0 0.0 0.0 1.0 2.0 3.0 63.99 0.6870226687943085 2.16676
233.34 0.3333333333333333 4.0 0.0 3.0 0.0 0.0 0.0 1.0 2.0 4.0 30.71 0.7603063784675408 3.0770000000000017
317.4140000000001 0.375 5.0 1.0 5.0 1.0 1.0 1.0 2.0 2.0 5.0 54.46000000000001 0.9206360337552317 2.551000000000001
353.42600000000016 0.3684210526315789 5.0 2.0 7.0 2.0 1.0 1.0 1.0 2.0 6.0 87.22 0.8236829061226894 1.6025199999999993
245.326 0.42857142857142855 3.0 1.0 4.0 1.0 0.0 0.0 1.0 2.0 3.0 46.92 0.902144635004427 3.211700000000002
347.4220000000001 0.25 5.0 0.0 6.0 0.0 1.0 1.0 2.0 3.0 4.0 54.260000000000005 0.726199786678398 2.2253
239.27400000000003 0.13333333333333333 2.0 1.0 3.0 1.0 0.0 0.0 1.0 3.0 3.0 42.23 0.7617793745502741 3.2692000000000014
228.251 0.07692307692307693 3.0 1.0 4.0 1.0 0.0 0.0 1.0 2.0 4.0 55.12 0.8144535753580314 2.0292
470.6130000000003 0.3333333333333333 5.0 2.0 5.0 2.0 1.0 1.0 1.0 4.0 7.0 57.86 0.33131053207224875 6.331020000000006
276.343 0.17647058823529413 4.0 1.0 4.0 1.0 1.0 1.0 1.0 3.0 1.0 41.050000000000004 0.7413794242072124 3.0619000000000005
241.26899999999998 0.14285714285714285 3.0 1.0 3.0 1.0 0.0 0.0 1.0 2.0 4.0 48.71 0.8949228178172232 2.7469800000000006
267.37600000000003 0.47058823529411764 2.0 1.0 3.0 1.0 1.0 1.0 1.0 2.0 4.0 42.82 0.85916078069076 3.651080000000002
421.5010000000003 0.391304347826087 6.0 1.0 8.0 1.0 1.0 1.0 2.0 3.0 5.0 89.23 0.6860606003036727 2.791120000000001
243.31 0.2857142857142857 3.0 1.0 4.0 1.0 0.0 0.0 1.0 2.0 3.0 46.92 0.8954920593066522 1.9669400000000001
299.396 0.6923076923076923 5.0 0.0 6.0 0.0 1.0 1.0 1.0 1.0 2.0 72.27000000000001 0.8199248019990375 1.1132
345.4020000000001 0.19047619047619047 4.0 1.0 5.0 1.0 0.0 0.0 2.0 4.0 3.0 68.02000000000001 0.5941918847302112 4.482460000000004
543.5480000000002 0.6071428571428571 3.0 1.0 4.0 1.0 3.0 2.0 0.0 2.0 5.0 49.769999999999996 0.39205332625458217 7.747100000000006
340.4270000000001 0.5263157894736842 4.0 1.0 6.0 1.0 2.0 1.0 1.0 2.0 4.0 70.99000000000001 0.9259753321613128 2.06012
329.4030000000001 0.14285714285714285 3.0 1.0 4.0 1.0 0.0 0.0 1.0 4.0 4.0 46.92 0.6218755046553409 3.5854000000000017
367.4740000000001 0.3 5.0 0.0 5.0 0.0 1.0 0.0 1.0 3.0 6.0 64.85 0.6718776805070581 2.9343000000000012
358.44500000000016 0.3181818181818182 4.0 0.0 5.0 0.0 1.0 0.0 2.0 3.0 3.0 50.50000000000001 0.6737715397379419 3.4742200000000025
342.3990000000001 0.5555555555555556 5.0 0.0 7.0 0.0 2.0 1.0 2.0 2.0 3.0 79.54 0.853649940702469 2.1378000000000004
349.8470000000001 0.4 6.0 1.0 6.0 1.0 1.0 1.0 2.0 3.0 3.0 66.81 0.7890528236083606 2.6716000000000006
339.37000000000006 0.2631578947368421 5.0 1.0 5.0 1.0 1.0 1.0 1.0 3.0 3.0 58.480000000000004 0.7951007892464041 2.7937200000000013
346.3770000000001 0.3684210526315789 4.0 0.0 4.0 0.0 2.0 2.0 0.0 2.0 4.0 24.94 0.8496988058904318 3.011300000000001
242.326 0.42857142857142855 3.0 1.0 4.0 1.0 1.0 1.0 2.0 2.0 3.0 44.81 0.8969415892954982 2.1843000000000004
425.9200000000002 0.36363636363636365 4.0 2.0 7.0 3.0 1.0 1.0 2.0 3.0 5.0 104.97 0.6548555144248676 3.042420000000001
365.50200000000007 0.3333333333333333 4.0 1.0 4.0 1.0 1.0 1.0 1.0 3.0 5.0 45.230000000000004 0.7456465091873578 3.905700000000003
229.28299999999996 0.38461538461538464 4.0 1.0 4.0 1.0 1.0 0.0 1.0 2.0 4.0 50.95 0.8752908349261626 2.9486000000000008
356.4330000000001 0.23809523809523808 5.0 1.0 6.0 1.0 1.0 1.0 2.0 4.0 3.0 70.59 0.6045078830142213 3.7989000000000024
448.5670000000003 0.5384615384615384 6.0 1.0 7.0 1.0 2.0 0.0 2.0 3.0 6.0 90.14 0.5779817800015882 4.880000000000004
410.47000000000025 0.34782608695652173 7.0 0.0 7.0 0.0 1.0 1.0 1.0 3.0 8.0 63.97000000000001 0.5188868428330642 4.197700000000003
298.7949999999999 0.23076923076923078 4.0 1.0 4.0 2.0 0.0 0.0 1.0 2.0 4.0 65.21000000000001 0.9432447759280584 2.5767200000000012
293.39200000000005 0.5714285714285714 3.0 2.0 5.0 2.0 2.0 2.0 1.0 1.0 1.0 61.440000000000005 0.8237698204031408 1.4844999999999995
282.29900000000004 0.125 3.0 2.0 5.0 2.0 0.0 0.0 2.0 3.0 4.0 75.09 0.7704635158409576 2.2705
257.341 0.5 5.0 0.0 5.0 0.0 1.0 1.0 2.0 2.0 3.0 46.84 0.8374697238879628 1.5897
275.327 0.3333333333333333 3.0 1.0 4.0 1.0 0.0 0.0 1.0 2.0 4.0 46.92 0.9319374228693664 2.5920200000000007
254.286 0.2727272727272727 3.0 1.0 4.0 1.0 1.0 1.0 0.0 1.0 3.0 49.410000000000004 0.8963197668771424 1.9329999999999998
277.367 0.15789473684210525 2.0 1.0 2.0 1.0 0.0 0.0 0.0 3.0 5.0 21.259999999999998 0.7565503941436782 4.138200000000003
448.5880000000003 0.2692307692307692 3.0 2.0 5.0 2.0 1.0 0.0 0.0 3.0 7.0 75.27000000000001 0.5035566398209872 5.465100000000005
266.30400000000003 0.13333333333333333 5.0 1.0 5.0 1.0 0.0 0.0 2.0 3.0 4.0 63.84 0.785899779997366 3.0521200000000004
307.357 0.23529411764705882 6.0 0.0 6.0 0.0 0.0 0.0 3.0 4.0 5.0 61.67 0.5670711561121546 3.3461000000000016
301.321 0.1875 3.0 1.0 5.0 1.0 0.0 0.0 1.0 2.0 4.0 62.300000000000004 0.9417609293117042 2.23982
282.34700000000004 0.3125 4.0 1.0 5.0 1.0 1.0 1.0 1.0 2.0 4.0 58.120000000000005 0.9297035608750083 1.8635
240.30999999999997 0.2857142857142857 4.0 0.0 4.0 0.0 0.0 0.0 1.0 2.0 4.0 44.85 0.8198475317455193 1.92378
203.22 0.09090909090909091 3.0 1.0 3.0 2.0 0.0 0.0 1.0 2.0 2.0 51.8 0.8090606317018847 1.7887
304.32500000000005 0.4 5.0 1.0 6.0 1.0 1.0 1.0 1.0 2.0 3.0 71.26 0.9341188838238332 1.69232
313.33200000000005 0.23529411764705882 4.0 1.0 5.0 1.0 0.0 0.0 2.0 3.0 3.0 68.02000000000001 0.7919001299819527 4.046020000000002
340.3980000000001 0.3 2.0 0.0 4.0 0.0 1.0 1.0 0.0 2.0 5.0 40.620000000000005 0.8393936931152902 3.0238000000000014
323.46200000000005 0.625 3.0 1.0 5.0 1.0 1.0 1.0 1.0 1.0 4.0 52.650000000000006 0.9257953281670362 2.5973200000000007
306.369 0.16666666666666666 4.0 1.0 5.0 1.0 0.0 0.0 2.0 3.0 4.0 59.81 0.8055798866863222 3.0725000000000007
343.4240000000001 0.5333333333333333 3.0 2.0 6.0 2.0 1.0 1.0 0.0 1.0 5.0 78.51 0.8400294591794919 1.0913999999999997
258.36899999999997 0.5333333333333333 4.0 0.0 4.0 0.0 0.0 0.0 2.0 2.0 4.0 41.910000000000004 0.8446517510673702 3.123940000000002
290.40700000000004 0.8823529411764706 2.0 1.0 4.0 1.0 5.0 0.0 0.0 0.0 4.0 49.410000000000004 0.8580191669671997 1.7956999999999994
266.32599999999996 0.45454545454545453 6.0 1.0 6.0 1.0 0.0 0.0 2.0 2.0 4.0 80.91000000000001 0.9134807736655468 1.88654
354.33200000000016 0.5 6.0 0.0 6.0 0.0 2.0 2.0 1.0 2.0 1.0 50.72000000000001 0.7844602620559236 2.5192000000000005
299.334 0.26666666666666666 7.0 1.0 7.0 1.0 0.0 0.0 2.0 3.0 6.0 78.0 0.7534399282577005 2.5737000000000005
332.741 0.0625 4.0 1.0 4.0 1.0 0.0 0.0 2.0 3.0 4.0 50.7 0.781746157768326 4.082300000000002
272.34799999999996 0.5 3.0 0.0 4.0 0.0 2.0 2.0 0.0 1.0 3.0 40.620000000000005 0.7899930588189475 1.9782999999999997
350.4180000000001 0.3333333333333333 3.0 1.0 5.0 1.0 2.0 2.0 0.0 2.0 2.0 58.64 0.9030542823747585 3.396200000000002
368.48500000000035 0.65 5.0 1.0 7.0 1.0 3.0 1.0 2.0 2.0 2.0 65.77000000000001 0.8838915049912358 2.3823000000000008
393.4660000000003 0.4090909090909091 5.0 0.0 6.0 0.0 2.0 1.0 2.0 3.0 3.0 53.74000000000001 0.6865739315147035 2.6385000000000005
337.37500000000006 0.2 4.0 1.0 5.0 1.0 0.0 0.0 1.0 3.0 4.0 68.53999999999999 0.7365454739931182 3.7360400000000027
261.3689999999999 0.7333333333333333 3.0 1.0 4.0 1.0 2.0 0.0 1.0 1.0 5.0 46.92 0.8855495766978685 2.9018000000000015
295.36700000000013 0.1875 4.0 1.0 4.0 1.0 1.0 0.0 2.0 3.0 2.0 54.88 0.7877158374822865 3.4323000000000023
285.39099999999996 0.5294117647058824 3.0 2.0 4.0 2.0 2.0 2.0 0.0 1.0 1.0 53.49 0.828791696873697 1.9826999999999997
322.4780000000002 0.8125 4.0 1.0 5.0 1.0 2.0 0.0 1.0 1.0 5.0 61.88 0.8441334252237546 3.3908000000000023
322.2570000000001 0.6153846153846154 3.0 1.0 3.0 1.0 1.0 1.0 1.0 1.0 4.0 40.540000000000006 0.9232816526348999 3.3609000000000027
284.36299999999994 0.4375 4.0 1.0 5.0 1.0 1.0 0.0 2.0 2.0 4.0 59.81 0.9368468618115143 2.30044
371.8900000000001 0.5625 4.0 1.0 6.0 1.0 2.0 2.0 0.0 1.0 4.0 69.72 0.8623881026980454 1.1780000000000006
315.39400000000006 0.35294117647058826 4.0 1.0 4.0 1.0 2.0 1.0 1.0 2.0 4.0 47.56 0.9412421843081256 3.3267000000000015
252.28899999999996 0.46153846153846156 3.0 1.0 4.0 2.0 1.0 1.0 0.0 1.0 4.0 55.56 0.8743426358883615 1.1542000000000001
343.42400000000004 0.6 4.0 0.0 6.0 0.0 2.0 2.0 0.0 1.0 4.0 53.09 0.7998835729078161 0.5203000000000004
439.5410000000002 0.36363636363636365 6.0 2.0 8.0 3.0 1.0 1.0 2.0 3.0 5.0 114.19999999999999 0.6331883739248438 3.2773400000000006
240.37599999999995 0.8181818181818182 5.0 0.0 4.0 0.0 1.0 1.0 1.0 1.0 3.0 33.95 0.7549004046554153 1.8291
336.4610000000001 0.625 4.0 1.0 6.0 1.0 2.0 2.0 1.0 1.0 3.0 55.89000000000001 0.8951907041230741 0.9799
479.93400000000014 0.391304347826087 4.0 2.0 6.0 2.0 2.0 2.0 0.0 2.0 4.0 59.970000000000006 0.64439913161878 5.055900000000005
322.4080000000001 0.3 2.0 0.0 4.0 0.0 1.0 1.0 0.0 2.0 3.0 40.620000000000005 0.8711014102666466 2.522120000000001
269.329 0.0 4.0 1.0 4.0 1.0 0.0 0.0 2.0 3.0 3.0 46.92 0.7934245412678562 3.1861000000000015
358.48900000000015 0.30434782608695654 4.0 0.0 4.0 0.0 1.0 1.0 1.0 3.0 5.0 32.260000000000005 0.6905170123849256 3.979720000000003
312.43800000000005 0.3888888888888889 4.0 1.0 3.0 1.0 2.0 2.0 1.0 2.0 2.0 34.03 0.8658507480885435 2.943900000000001
427.92900000000026 0.47368421052631576 5.0 0.0 6.0 0.0 1.0 1.0 1.0 2.0 4.0 72.27000000000001 0.7491761403202141 3.4010200000000026
343.43100000000015 0.4444444444444444 7.0 1.0 7.0 2.0 1.0 1.0 1.0 2.0 5.0 76.74000000000001 0.8853256004871296 1.7066199999999998
221.25599999999997 0.3333333333333333 2.0 1.0 4.0 1.0 0.0 0.0 0.0 1.0 3.0 57.61 0.8495326264888255 2.06602
317.3960000000001 0.2631578947368421 5.0 0.0 5.0 0.0 1.0 1.0 2.0 3.0 3.0 54.800000000000004 0.742920942486976 3.0587000000000018
232.28299999999996 0.3076923076923077 2.0 1.0 4.0 1.0 0.0 0.0 1.0 2.0 2.0 45.33 0.8080894826646745 2.41814
382.42700000000013 0.13636363636363635 7.0 0.0 7.0 0.0 0.0 0.0 3.0 5.0 4.0 82.52 0.4496597500624472 4.6559000000000035
428.4920000000002 0.32 5.0 1.0 7.0 1.0 2.0 1.0 2.0 4.0 5.0 84.13000000000001 0.5244085184430088 3.7748000000000026
312.332 0.0 5.0 0.0 5.0 0.0 0.0 0.0 3.0 4.0 3.0 67.64 0.5717237008065575 4.065980000000003
291.66 0.2727272727272727 4.0 1.0 4.0 1.0 0.0 0.0 2.0 2.0 3.0 50.95 0.937362879299456 3.662320000000001
377.8760000000001 0.4444444444444444 6.0 1.0 7.0 1.0 1.0 1.0 1.0 2.0 7.0 62.63 0.7391138022362967 1.4103000000000006
262.313 0.46153846153846156 5.0 1.0 6.0 1.0 0.0 0.0 2.0 2.0 4.0 72.95 0.9130005980677846 1.9046599999999998
335.4150000000001 0.3333333333333333 6.0 1.0 7.0 1.0 0.0 0.0 3.0 4.0 5.0 77.21 0.6078142609316017 3.093040000000001
368.46600000000024 0.3888888888888889 7.0 1.0 7.0 1.0 1.0 1.0 2.0 3.0 4.0 85.59 0.7632434181952853 3.3377000000000017
339.4240000000001 0.29411764705882354 7.0 1.0 6.0 1.0 1.0 1.0 3.0 3.0 3.0 75.03 0.790502670782789 2.6232000000000006
320.2990000000001 0.13333333333333333 4.0 2.0 6.0 3.0 0.0 0.0 1.0 2.0 5.0 88.32 0.874353698778996 1.5335999999999999
341.43600000000015 0.2777777777777778 4.0 1.0 5.0 1.0 1.0 1.0 1.0 2.0 4.0 62.300000000000004 0.8636940391382698 3.572700000000002
351.4470000000002 0.8333333333333334 4.0 1.0 7.0 1.0 3.0 2.0 0.0 0.0 4.0 78.95000000000002 0.7790073117518727 1.5161999999999998
311.172 0.3076923076923077 4.0 0.0 5.0 0.0 1.0 1.0 1.0 2.0 3.0 51.02 0.8731036020079107 2.2108999999999996
233.271 0.3333333333333333 4.0 1.0 5.0 1.0 0.0 0.0 2.0 2.0 2.0 60.06 0.8644822323379325 2.1906600000000003
296.33000000000004 0.1875 5.0 1.0 6.0 1.0 0.0 0.0 2.0 3.0 3.0 70.99000000000001 0.7881237571967477 1.1990999999999998
329.425 0.35294117647058826 5.0 0.0 5.0 0.0 0.0 0.0 3.0 3.0 3.0 59.230000000000004 0.7333325348671107 3.790180000000003
224.263 0.14285714285714285 3.0 0.0 3.0 0.0 0.0 0.0 1.0 2.0 2.0 45.79 0.7835563914063652 2.0766999999999998
409.511 0.3181818181818182 6.0 2.0 6.0 2.0 1.0 1.0 2.0 3.0 5.0 84.34 0.6768174852738308 2.9839200000000012
331.46400000000017 0.7222222222222222 5.0 1.0 6.0 1.0 2.0 1.0 1.0 1.0 3.0 61.36000000000001 0.921185615212446 2.3640399999999993
411.4810000000001 0.4090909090909091 5.0 3.0 7.0 3.0 1.0 1.0 2.0 3.0 5.0 94.14 0.5995162381654942 3.186000000000001
339.44700000000006 0.5555555555555556 7.0 0.0 7.0 0.0 1.0 1.0 3.0 3.0 4.0 64.14 0.7306124259906949 2.4964000000000004
344.777 0.11764705882352941 4.0 0.0 5.0 0.0 0.0 0.0 2.0 3.0 4.0 51.02 0.7291195021350577 3.3320000000000016
338.47300000000007 0.7058823529411765 5.0 1.0 5.0 1.0 2.0 2.0 1.0 1.0 4.0 50.80000000000001 0.9163362838863339 2.4916600000000004
332.20500000000004 0.14285714285714285 5.0 1.0 5.0 1.0 0.0 0.0 2.0 3.0 4.0 47.67 0.7990171065884732 2.9804000000000004
267.32800000000003 0.29411764705882354 3.0 2.0 3.0 2.0 2.0 2.0 0.0 2.0 1.0 41.49 0.8343452548761257 2.9700000000000015
377.3260000000001 0.17647058823529413 6.0 2.0 7.0 2.0 0.0 0.0 3.0 3.0 5.0 88.38999999999999 0.6638538149927152 1.9501999999999993
206.23000000000002 0.0 5.0 1.0 5.0 1.0 0.0 0.0 2.0 2.0 2.0 67.77000000000001 0.8008309368794905 1.1853999999999998
314.38900000000007 0.5882352941176471 5.0 1.0 6.0 2.0 2.0 1.0 2.0 2.0 3.0 85.25 0.9399308105252028 2.3968000000000007
360.45400000000024 0.6 4.0 1.0 6.0 1.0 2.0 2.0 0.0 1.0 2.0 67.87 0.8709593888921288 3.800220000000003
342.349 0.2777777777777778 5.0 0.0 5.0 0.0 1.0 1.0 2.0 3.0 3.0 52.830000000000005 0.730954008695658 3.501500000000002
448.6110000000002 0.5185185185185185 4.0 2.0 6.0 3.0 2.0 1.0 1.0 2.0 7.0 88.32 0.6750669821870402 3.7585200000000025
282.3429999999999 0.4117647058823529 3.0 1.0 4.0 1.0 2.0 0.0 1.0 2.0 4.0 55.13 0.9351183080484208 3.361200000000002
328.46000000000015 0.8421052631578947 4.0 0.0 5.0 0.0 5.0 0.0 1.0 1.0 4.0 51.02 0.8537662009072469 2.7232000000000003
314.33900000000006 0.17647058823529413 4.0 1.0 4.0 2.0 0.0 0.0 1.0 3.0 4.0 55.040000000000006 0.8036974778251545 3.122200000000002
301.3940000000001 0.375 3.0 4.0 6.0 4.0 0.0 0.0 1.0 2.0 7.0 85.29 0.27445764234511183 2.8145700000000007
259.30899999999997 0.42857142857142855 4.0 1.0 5.0 1.0 1.0 0.0 1.0 2.0 5.0 59.910000000000004 0.888694693435079 1.7000999999999997
444.55400000000014 0.3333333333333333 5.0 0.0 5.0 0.0 1.0 1.0 2.0 4.0 5.0 43.06 0.4588329130873662 4.3815000000000035
254.28900000000002 0.2 3.0 1.0 4.0 1.0 1.0 0.0 1.0 2.0 4.0 51.22 0.9123158891992668 2.7661000000000016
238.29400000000004 0.2857142857142857 4.0 0.0 4.0 0.0 1.0 1.0 1.0 2.0 3.0 44.85 0.8188482527680033 1.81168
201.229 0.09090909090909091 3.0 1.0 4.0 2.0 0.0 0.0 1.0 2.0 3.0 60.910000000000004 0.8059268981569724 1.0353999999999997
435.4150000000002 0.13636363636363635 8.0 1.0 9.0 2.0 0.0 0.0 2.0 4.0 6.0 122.1 0.46255189424157456 2.02012
262.312 0.058823529411764705 2.0 1.0 3.0 1.0 0.0 0.0 1.0 3.0 2.0 41.99 0.7629621961121292 3.7955200000000016
325.41200000000003 0.3684210526315789 4.0 1.0 5.0 1.0 1.0 1.0 1.0 2.0 5.0 56.67 0.9104863822948775 1.7890000000000001
279.29900000000004 0.0625 4.0 2.0 5.0 2.0 0.0 0.0 1.0 3.0 4.0 75.11 0.7677396559507321 2.7933000000000012
295.40400000000005 0.6 3.0 0.0 4.0 0.0 2.0 1.0 0.0 1.0 4.0 46.61000000000001 0.8445301654321115 1.4534999999999998
256.33400000000006 0.15384615384615385 5.0 0.0 4.0 0.0 0.0 0.0 2.0 3.0 3.0 43.6 0.723413154929684 2.758320000000001
306.37300000000005 0.17647058823529413 6.0 1.0 6.0 2.0 0.0 0.0 3.0 3.0 4.0 80.82000000000001 0.7971969984555709 2.4606200000000005
257.297 0.38461538461538464 5.0 1.0 6.0 1.0 1.0 0.0 2.0 2.0 4.0 72.7 0.8926413415539033 1.1921999999999997
310.35700000000014 0.35294117647058826 5.0 1.0 6.0 1.0 1.0 1.0 2.0 3.0 3.0 76.83 0.8036046442404713 3.1948000000000008
361.4450000000002 0.2727272727272727 4.0 1.0 5.0 1.0 1.0 1.0 1.0 3.0 4.0 54.46 0.7480596295160601 4.404320000000003
259.338 0.25 5.0 1.0 5.0 1.0 0.0 0.0 3.0 3.0 3.0 57.7 0.7841560551563734 2.3592199999999997
213.24400000000003 0.18181818181818182 5.0 1.0 5.0 1.0 0.0 0.0 1.0 2.0 3.0 66.53 0.8340507156218931 1.2988799999999998
285.3070000000001 0.2857142857142857 6.0 1.0 7.0 1.0 1.0 1.0 2.0 2.0 2.0 82.45 0.8668930398103945 0.5395999999999999
279.321 0.25 6.0 1.0 6.0 1.0 0.0 0.0 1.0 2.0 4.0 73.34 0.9275785053030693 2.11602
280.25300000000004 0.23076923076923078 4.0 0.0 4.0 0.0 0.0 0.0 1.0 2.0 4.0 44.85 0.6377834095771369 3.213400000000002
390.5030000000003 0.6190476190476191 3.0 1.0 6.0 1.0 2.0 1.0 0.0 1.0 3.0 55.89000000000001 0.8565787787189674 3.6807000000000025
402.9070000000001 0.2631578947368421 4.0 1.0 6.0 1.0 1.0 1.0 2.0 3.0 4.0 78.95 0.7212698521672791 3.6934000000000022
203.249 0.2 5.0 1.0 5.0 2.0 0.0 0.0 1.0 2.0 2.0 59.97 0.7370651431057526 0.9155
527.6690000000006 0.3548387096774194 6.0 2.0 8.0 2.0 1.0 1.0 1.0 4.0 7.0 80.65 0.30878428664193475 5.986420000000005
361.474 0.25 5.0 1.0 5.0 1.0 1.0 1.0 3.0 4.0 3.0 57.7 0.5850014987145924 4.4654000000000025
439.5590000000003 0.25 3.0 1.0 5.0 1.0 1.0 1.0 1.0 3.0 7.0 62.300000000000004 0.5509492790158143 4.515900000000004
356.401 0.3684210526315789 6.0 0.0 6.0 0.0 1.0 1.0 2.0 3.0 5.0 56.32000000000001 0.7035850252229644 2.8661200000000013
301.34600000000006 0.4375 5.0 0.0 6.0 0.0 1.0 1.0 1.0 2.0 4.0 68.46000000000001 0.863769022107241 2.0073200000000004
312.17100000000005 0.5454545454545454 6.0 1.0 6.0 1.0 1.0 1.0 2.0 2.0 2.0 67.07 0.8989098258483625 1.0869
262.312 0.058823529411764705 2.0 1.0 3.0 1.0 0.0 0.0 1.0 3.0 2.0 41.99 0.7629621961121292 3.7955200000000024
517.7240000000002 0.35714285714285715 7.0 2.0 6.0 2.0 2.0 2.0 2.0 4.0 9.0 66.07 0.2828949241830416 5.984500000000005
366.3920000000002 0.23809523809523808 4.0 1.0 5.0 1.0 1.0 1.0 1.0 3.0 4.0 64.36 0.7527473019646551 4.167600000000003
344.3900000000001 0.3888888888888889 4.0 1.0 6.0 1.0 1.0 1.0 1.0 2.0 4.0 67.23 0.9224200797267785 1.9996999999999994
290.392 0.42857142857142855 4.0 1.0 5.0 1.0 1.0 1.0 2.0 2.0 3.0 50.160000000000004 0.9367385088773844 1.7919999999999998
425.54800000000023 0.48 3.0 2.0 5.0 3.0 1.0 0.0 1.0 2.0 8.0 85.08 0.6593523136768255 4.349340000000003
370.29300000000006 0.5333333333333333 2.0 1.0 4.0 1.0 1.0 1.0 0.0 1.0 2.0 41.57 0.7859974268886705 4.366900000000003
228.295 0.21428571428571427 3.0 1.0 3.0 2.0 0.0 0.0 1.0 2.0 3.0 48.14 0.8781912990755009 2.949440000000001
587.1850000000001 0.29411764705882354 5.0 1.0 5.0 1.0 0.0 0.0 2.0 5.0 9.0 64.35 0.1745457529988702 9.0141
338.4110000000001 0.42105263157894735 5.0 0.0 6.0 0.0 1.0 1.0 2.0 3.0 4.0 64.16 0.7336615773728372 2.7884400000000014
317.4370000000002 0.8823529411764706 5.0 1.0 6.0 1.0 4.0 0.0 1.0 1.0 3.0 72.7 0.9258930012179503 2.055599999999999
271.31999999999994 0.3333333333333333 4.0 1.0 5.0 1.0 1.0 1.0 1.0 2.0 4.0 58.36 0.9255037680431597 2.1662999999999997
312.394 0.17647058823529413 4.0 1.0 4.0 1.0 0.0 0.0 1.0 3.0 4.0 51.22 0.7970773433089532 3.794520000000002
247.33799999999997 0.5333333333333333 2.0 1.0 3.0 1.0 1.0 1.0 0.0 1.0 3.0 40.540000000000006 0.8811755382259523 1.6050600000000002
325.416 0.3888888888888889 6.0 1.0 6.0 1.0 0.0 0.0 2.0 3.0 7.0 68.76 0.7250612288607933 2.7694
262.38199999999995 0.5384615384615384 5.0 1.0 4.0 2.0 1.0 1.0 2.0 2.0 2.0 55.040000000000006 0.9031071499908697 2.4861400000000007
307.40100000000007 0.3888888888888889 5.0 0.0 5.0 0.0 1.0 1.0 2.0 3.0 2.0 46.84 0.7298554603524072 3.049400000000002
257.293 0.2857142857142857 5.0 1.0 5.0 1.0 0.0 0.0 1.0 2.0 4.0 71.07000000000001 0.9136836593996284 2.9115200000000017
259.313 0.5384615384615384 6.0 1.0 6.0 1.0 1.0 0.0 2.0 2.0 3.0 76.72 0.9019193158608847 1.4302999999999997
260.362 0.2857142857142857 3.0 1.0 3.0 1.0 0.0 0.0 2.0 2.0 4.0 41.99 0.9180919671201901 2.7324400000000013
204.204 0.0 3.0 1.0 3.0 2.0 0.0 0.0 1.0 2.0 2.0 48.14 0.8173910124947035 2.5952
421.43200000000013 0.18181818181818182 5.0 2.0 8.0 2.0 1.0 1.0 1.0 3.0 5.0 96.33000000000001 0.6621218667593926 2.930200000000001
324.384 0.4444444444444444 4.0 0.0 6.0 0.0 2.0 1.0 1.0 2.0 3.0 66.4 0.8141744299689346 2.6450200000000006
267.28799999999995 0.13333333333333333 5.0 0.0 5.0 0.0 0.0 0.0 3.0 3.0 3.0 56.489999999999995 0.6842937387177387 2.5730000000000004
423.51300000000015 0.4166666666666667 4.0 1.0 7.0 1.0 2.0 2.0 0.0 2.0 4.0 71.11 0.8167477035915501 3.532600000000002
378.4320000000001 0.2857142857142857 5.0 2.0 7.0 3.0 1.0 1.0 1.0 3.0 5.0 101.46 0.7107878459231896 2.7448000000000015
462.5430000000002 0.43478260869565216 5.0 0.0 7.0 0.0 2.0 2.0 0.0 2.0 5.0 76.15 0.6831455210386392 2.828500000000002
398.5060000000002 0.3076923076923077 2.0 0.0 4.0 0.0 2.0 2.0 0.0 3.0 2.0 40.620000000000005 0.6465896163962672 4.276900000000003
350.4840000000001 0.6111111111111112 3.0 0.0 5.0 0.0 2.0 2.0 0.0 1.0 4.0 57.690000000000005 0.8347236050237096 2.0230999999999995
419.403 0.3333333333333333 5.0 1.0 6.0 1.0 1.0 1.0 1.0 3.0 5.0 67.60000000000001 0.6575556194678525 4.544500000000004
392.4590000000001 0.3181818181818182 5.0 2.0 7.0 3.0 1.0 1.0 1.0 3.0 5.0 101.46 0.6945701894741958 3.133300000000001
363.4610000000001 0.36363636363636365 4.0 1.0 5.0 1.0 1.0 1.0 1.0 3.0 4.0 58.370000000000005 0.7522617171561482 4.2627400000000035
247.3419999999999 0.7142857142857143 4.0 1.0 4.0 1.0 2.0 1.0 1.0 1.0 2.0 49.25000000000001 0.8702936141053986 2.2225200000000003
330.4760000000002 0.7368421052631579 4.0 0.0 5.0 0.0 2.0 1.0 1.0 1.0 3.0 49.330000000000005 0.8533533504554005 3.2643000000000013
344.52100000000024 0.9411764705882353 3.0 0.0 5.0 0.0 2.0 1.0 0.0 0.0 4.0 57.690000000000005 0.7875638193203798 2.6194000000000006
308.2300000000001 0.5833333333333334 3.0 1.0 3.0 1.0 1.0 1.0 1.0 1.0 4.0 40.540000000000006 0.9287791296285253 2.9708000000000023
259.313 0.46153846153846156 6.0 0.0 6.0 0.0 1.0 1.0 2.0 2.0 3.0 56.07 0.8327100322433937 1.35984
424.45100000000014 0.2608695652173913 5.0 1.0 6.0 1.0 1.0 1.0 2.0 3.0 6.0 67.35000000000001 0.6424383337211828 4.201720000000003
390.4390000000001 0.21739130434782608 6.0 0.0 6.0 0.0 0.0 0.0 2.0 4.0 7.0 66.49000000000001 0.44597561787444334 4.023500000000003
354.4500000000001 0.42857142857142855 4.0 0.0 5.0 0.0 1.0 1.0 1.0 2.0 4.0 51.660000000000004 0.8428055225873958 3.5284400000000025
388.4890000000001 0.35 4.0 1.0 6.0 1.0 1.0 1.0 0.0 2.0 5.0 75.71000000000001 0.85420708633935 3.043020000000002
366.48300000000023 0.6111111111111112 4.0 1.0 6.0 1.0 2.0 2.0 0.0 1.0 4.0 75.71000000000001 0.8798494874856699 1.6909199999999995
341.40700000000004 0.3 4.0 1.0 5.0 1.0 0.0 0.0 0.0 2.0 9.0 64.63 0.560902764468181 3.3732000000000024
338.386 0.21052631578947367 4.0 1.0 5.0 1.0 0.0 0.0 2.0 3.0 5.0 59.81 0.7732068454831186 3.593720000000002
320.78000000000014 0.4 5.0 1.0 6.0 1.0 1.0 1.0 2.0 2.0 3.0 71.26 0.9411712976197799 2.886520000000001
272.32700000000006 0.3333333333333333 4.0 0.0 4.0 0.0 1.0 1.0 1.0 2.0 3.0 32.260000000000005 0.8544819351928411 1.9379
271.316 0.1875 3.0 2.0 4.0 2.0 0.0 0.0 0.0 2.0 4.0 60.77000000000001 0.8985049599359823 2.7601000000000018
255.32099999999997 0.2 3.0 1.0 4.0 2.0 0.0 0.0 1.0 2.0 4.0 59.22 0.9117369503563826 2.3261000000000003
268.31999999999994 0.26666666666666666 5.0 0.0 5.0 0.0 0.0 0.0 2.0 3.0 4.0 56.74 0.7297525760691363 2.7926400000000013
207.27699999999996 0.45454545454545453 3.0 1.0 4.0 1.0 0.0 0.0 1.0 1.0 4.0 45.230000000000004 0.808767219020266 1.2874
287.36299999999994 0.5 3.0 1.0 5.0 1.0 2.0 1.0 0.0 1.0 4.0 52.650000000000006 0.887745485452668 0.7230000000000005
482.62800000000027 0.4666666666666667 5.0 1.0 6.0 1.0 3.0 2.0 1.0 3.0 3.0 72.36 0.5820901201895605 4.773280000000004
292.3540000000001 0.5 2.0 1.0 4.0 1.0 1.0 0.0 0.0 1.0 4.0 49.410000000000004 0.9262017442856472 3.1888000000000023
246.33499999999998 0.23076923076923078 3.0 1.0 3.0 1.0 0.0 0.0 1.0 2.0 2.0 41.99 0.8828182038480328 3.320660000000002
409.5300000000002 0.4583333333333333 5.0 2.0 6.0 2.0 2.0 2.0 0.0 2.0 4.0 67.25000000000001 0.8122234828405095 3.1246000000000023
252.273 0.06666666666666667 3.0 1.0 4.0 1.0 0.0 0.0 0.0 2.0 3.0 62.12 0.9131584072496762 2.8191800000000002
236.27100000000002 0.5 4.0 0.0 5.0 0.0 1.0 1.0 1.0 1.0 2.0 51.660000000000004 0.7529652234147638 0.5689999999999995
296.33000000000004 0.25 4.0 1.0 6.0 1.0 1.0 1.0 1.0 2.0 2.0 75.19 0.913725815199262 1.6335000000000002
308.382 0.6666666666666666 5.0 1.0 7.0 1.0 1.0 1.0 1.0 1.0 2.0 76.46000000000001 0.9079291794412464 2.1482
220.276 0.45454545454545453 5.0 1.0 5.0 1.0 0.0 0.0 2.0 2.0 4.0 55.88 0.8572805543585601 2.1436
419.5000000000001 0.28 4.0 0.0 5.0 0.0 1.0 1.0 1.0 3.0 5.0 47.36 0.5410581366898597 5.095420000000004
237.31799999999998 0.5714285714285714 2.0 1.0 2.0 1.0 1.0 1.0 0.0 1.0 2.0 23.47 0.8540356555717956 2.517500000000001
330.3910000000001 0.15 4.0 0.0 5.0 0.0 0.0 0.0 1.0 3.0 4.0 61.92 0.7376464433261165 3.2309800000000024
360.46100000000007 0.36363636363636365 3.0 1.0 5.0 1.0 2.0 2.0 1.0 3.0 3.0 52.230000000000004 0.7794262692732783 3.3316000000000017
322.41200000000003 0.3684210526315789 4.0 1.0 5.0 1.0 1.0 1.0 2.0 3.0 4.0 53.92 0.8031579043132712 2.6042000000000005
390.4870000000001 0.391304347826087 4.0 1.0 6.0 1.0 2.0 2.0 1.0 3.0 3.0 61.34 0.7480087217208212 2.944300000000001
254.33300000000003 0.25 2.0 1.0 3.0 1.0 0.0 0.0 1.0 2.0 3.0 41.99 0.9126856777093147 3.3063200000000013
366.4360000000001 0.2727272727272727 2.0 1.0 4.0 1.0 1.0 1.0 0.0 2.0 5.0 49.410000000000004 0.8248791217001231 3.393900000000002
506.56700000000035 0.44 9.0 2.0 12.0 2.0 2.0 2.0 2.0 2.0 8.0 143.79 0.4017253273524702 1.4777799999999999
254.33300000000003 0.25 2.0 1.0 3.0 1.0 0.0 0.0 1.0 2.0 4.0 41.99 0.9110861866778425 2.675600000000001
281.28999999999996 0.0 3.0 1.0 4.0 1.0 0.0 0.0 1.0 3.0 3.0 46.92 0.800618072333751 3.263700000000002
382.3970000000001 0.0 5.0 4.0 7.0 4.0 0.0 0.0 1.0 3.0 5.0 115.73000000000002 0.5374464276388176 3.656500000000001
394.54400000000015 0.45454545454545453 5.0 0.0 5.0 0.0 2.0 2.0 1.0 2.0 3.0 50.580000000000005 0.802711393666773 3.1052800000000014
277.299 0.2857142857142857 4.0 0.0 5.0 0.0 0.0 0.0 1.0 2.0 4.0 47.36 0.8564248820295557 1.8399999999999999
261.281 0.38461538461538464 4.0 0.0 6.0 0.0 1.0 1.0 1.0 1.0 4.0 70.58000000000001 0.5992135332988212 1.0283999999999995
225.29199999999997 0.6363636363636364 4.0 0.0 5.0 0.0 0.0 0.0 1.0 1.0 4.0 47.36 0.7178625257802915 0.9893399999999997
322.3720000000001 0.29411764705882354 7.0 0.0 7.0 0.0 1.0 1.0 2.0 3.0 3.0 71.18 0.7295177636810813 1.9453999999999996
315.41700000000014 0.5555555555555556 3.0 1.0 5.0 1.0 2.0 2.0 0.0 1.0 4.0 52.650000000000006 0.9277350079743608 2.3470000000000004
215.252 0.15384615384615385 3.0 1.0 3.0 1.0 0.0 0.0 1.0 2.0 2.0 42.35 0.8371258829900075 2.771220000000001
219.24699999999999 0.0 2.0 1.0 3.0 1.0 0.0 0.0 2.0 3.0 1.0 52.47 0.6832656142762672 3.101580000000001
268.272 0.13333333333333333 4.0 1.0 5.0 1.0 0.0 0.0 2.0 3.0 2.0 76.22 0.7718730174314249 3.204840000000001
265.26800000000003 0.0 3.0 1.0 4.0 1.0 0.0 0.0 1.0 3.0 3.0 63.33 0.7837117769533337 3.706800000000002
346.477 0.4117647058823529 4.0 0.0 4.0 0.0 2.0 2.0 2.0 2.0 2.0 40.620000000000005 0.8378370456425266 3.1864000000000017
273.336 0.3333333333333333 4.0 1.0 5.0 1.0 0.0 0.0 1.0 2.0 4.0 56.15 0.929803147955108 2.3275200000000007
331.44500000000005 0.5 6.0 1.0 6.0 1.0 1.0 1.0 2.0 2.0 4.0 71.01 0.9325313744284316 2.9116000000000017
383.4140000000002 0.5789473684210527 3.0 1.0 5.0 1.0 2.0 1.0 0.0 1.0 3.0 52.65 0.8728261993442674 2.5220000000000002
263.32599999999996 0.2727272727272727 5.0 1.0 6.0 1.0 0.0 0.0 2.0 2.0 4.0 71.01 0.9099162049911549 1.6394999999999997
309.41300000000007 0.3684210526315789 3.0 1.0 4.0 1.0 1.0 1.0 1.0 2.0 4.0 45.230000000000004 0.9389008211962049 3.565800000000002
367.40500000000014 0.25 7.0 1.0 7.0 1.0 1.0 1.0 1.0 3.0 6.0 66.77 0.7198614059442008 3.4451000000000027
476.8700000000002 0.04 5.0 2.0 6.0 2.0 1.0 1.0 1.0 4.0 4.0 87.47 0.3845047685657031 5.868000000000003
286.306 0.125 2.0 1.0 4.0 1.0 0.0 0.0 0.0 2.0 3.0 49.410000000000004 0.9428706374627113 2.7798000000000007
274.29900000000004 0.21428571428571427 4.0 1.0 5.0 1.0 0.0 0.0 2.0 2.0 4.0 58.120000000000005 0.9260918748905964 1.9990199999999998
234.299 0.38461538461538464 2.0 1.0 4.0 1.0 0.0 0.0 0.0 1.0 4.0 49.410000000000004 0.8671829311367741 2.127
332.33500000000015 0.15 4.0 0.0 5.0 0.0 2.0 2.0 1.0 4.0 0.0 40.8 0.3653699108271046 3.4281000000000015
362.499 0.5 5.0 0.0 6.0 0.0 1.0 1.0 1.0 2.0 5.0 58.440000000000005 0.815086700740715 1.89654
289.37500000000006 0.5882352941176471 3.0 0.0 4.0 0.0 2.0 2.0 0.0 1.0 3.0 38.769999999999996 0.8574966988891505 2.409300000000001
274.36400000000003 0.5625 2.0 1.0 4.0 1.0 2.0 2.0 0.0 1.0 1.0 41.57000000000001 0.8548929786126216 2.575700000000001
350.447 0.15789473684210525 6.0 1.0 5.0 1.0 0.0 0.0 3.0 4.0 5.0 51.45 0.5555951339156205 4.908520000000003
346.4560000000002 0.4117647058823529 5.0 1.0 6.0 1.0 1.0 1.0 1.0 2.0 6.0 75.19 0.8670072881848985 2.1177
343.4020000000002 0.5263157894736842 4.0 0.0 5.0 0.0 2.0 1.0 1.0 2.0 3.0 59.230000000000004 0.8574738568189798 3.3450200000000025
331.3910000000001 0.3888888888888889 5.0 1.0 5.0 1.0 1.0 1.0 1.0 2.0 7.0 46.620000000000005 0.8447617243285149 2.543800000000001
229.327 0.35714285714285715 3.0 1.0 3.0 2.0 0.0 0.0 1.0 2.0 1.0 43.84 0.8163664156773541 3.0604200000000006
415.53700000000015 0.3076923076923077 4.0 1.0 5.0 2.0 1.0 1.0 1.0 3.0 7.0 68.44999999999999 0.6316646207505302 4.067400000000002
200.241 0.16666666666666666 3.0 0.0 3.0 0.0 0.0 0.0 2.0 2.0 2.0 34.89 0.7376393822385915 1.60002
274.393 0.5714285714285714 5.0 1.0 4.0 1.0 2.0 1.0 2.0 2.0 3.0 41.050000000000004 0.9341123633951616 2.7300000000000004
281.35900000000004 0.29411764705882354 3.0 1.0 4.0 1.0 1.0 0.0 1.0 2.0 5.0 46.92 0.8551058790058487 3.253420000000001
270.33600000000007 0.4 4.0 1.0 5.0 1.0 1.0 0.0 1.0 2.0 4.0 59.81 0.9248995261708965 2.0736999999999988
267.354 0.5833333333333334 5.0 0.0 5.0 0.0 1.0 1.0 1.0 1.0 4.0 55.2 0.8375616286852421 2.0556200000000002
361.4490000000002 0.3333333333333333 5.0 1.0 6.0 1.0 1.0 1.0 3.0 4.0 3.0 62.88 0.5920935518562831 4.2615200000000035
319.4080000000001 0.3 4.0 1.0 4.0 1.0 1.0 1.0 2.0 3.0 3.0 49.25 0.8018698980932701 3.5516400000000017
255.289 0.25 3.0 0.0 2.0 0.0 0.0 0.0 1.0 2.0 3.0 22.12 0.8364750104217156 3.543120000000002
282.34700000000004 0.3125 5.0 0.0 5.0 0.0 0.0 0.0 2.0 3.0 2.0 52.83 0.7220557770069285 3.453100000000002
337.383 0.3333333333333333 7.0 0.0 7.0 0.0 1.0 1.0 3.0 3.0 5.0 77.17 0.7081760848545601 2.872300000000001
261.288 0.06666666666666667 5.0 0.0 5.0 0.0 0.0 0.0 1.0 3.0 3.0 67.39 0.7248889782895412 2.2600800000000003
217.243 0.15384615384615385 2.0 0.0 2.0 0.0 0.0 0.0 1.0 2.0 2.0 22.0 0.7564044189243808 2.34412
339.46400000000017 0.631578947368421 4.0 0.0 4.0 0.0 4.0 0.0 1.0 1.0 4.0 67.89 0.8339973670101716 3.944460000000003
239.278 0.14285714285714285 4.0 0.0 4.0 0.0 0.0 0.0 2.0 3.0 3.0 42.160000000000004 0.7044514318468726 2.8592000000000013
351.42500000000007 0.2857142857142857 2.0 2.0 4.0 2.0 1.0 1.0 0.0 2.0 4.0 44.370000000000005 0.8321479258337864 2.6866000000000003
250.30100000000004 0.125 2.0 1.0 3.0 1.0 0.0 0.0 1.0 2.0 2.0 41.99 0.8299439845560685 2.17152
390.44300000000004 0.18181818181818182 7.0 1.0 7.0 1.0 0.0 0.0 2.0 4.0 7.0 69.91 0.5137069331463016 4.034200000000002
233.31499999999997 0.5384615384615384 2.0 1.0 4.0 1.0 1.0 0.0 1.0 1.0 2.0 45.230000000000004 0.8532511704598031 2.714640000000001
221.304 0.5 2.0 1.0 4.0 1.0 0.0 0.0 1.0 1.0 4.0 45.230000000000004 0.8491382780278707 2.6538200000000005
221.30399999999997 0.6666666666666666 3.0 1.0 4.0 1.0 1.0 0.0 1.0 1.0 4.0 46.92 0.8280191765191091 1.1248999999999998
262.37500000000006 0.9090909090909091 3.0 1.0 5.0 1.0 1.0 1.0 0.0 0.0 2.0 66.48 0.7910514787673057 0.5727000000000002
419.52500000000015 0.44 4.0 1.0 6.0 1.0 3.0 3.0 0.0 2.0 4.0 61.88000000000001 0.7710366063608117 3.4867000000000017
342.4390000000002 0.45 4.0 0.0 5.0 0.0 1.0 1.0 1.0 2.0 4.0 45.92 0.8550793773623341 3.3136600000000023
300.36500000000007 0.10526315789473684 3.0 1.0 4.0 1.0 0.0 0.0 2.0 4.0 4.0 54.46 0.6233552356012233 3.805100000000002
371.48100000000017 0.5238095238095238 5.0 1.0 6.0 2.0 1.0 1.0 1.0 2.0 3.0 77.68 0.8920788128413404 3.5863000000000023
238.19699999999997 0.1 5.0 1.0 5.0 2.0 0.0 0.0 1.0 2.0 3.0 73.92 0.880759348507542 1.7221999999999995
255.321 0.26666666666666666 3.0 0.0 4.0 0.0 0.0 0.0 1.0 2.0 4.0 46.09 0.8401497943591967 2.09972
348.3990000000002 0.6111111111111112 6.0 1.0 7.0 1.0 3.0 3.0 0.0 1.0 3.0 71.47000000000001 0.884820472470585 1.1917
284.3590000000001 0.4117647058823529 3.0 1.0 4.0 1.0 1.0 0.0 1.0 2.0 4.0 55.13 0.9339334542817789 3.538100000000002
354.47900000000016 0.3684210526315789 4.0 2.0 5.0 2.0 1.0 1.0 2.0 3.0 4.0 61.02 0.745353668755196 3.961800000000002
218.256 0.25 3.0 1.0 4.0 1.0 0.0 0.0 1.0 2.0 3.0 43.260000000000005 0.8457403915762854 1.3958999999999995
219.28799999999998 0.5 3.0 1.0 4.0 1.0 0.0 0.0 1.0 1.0 4.0 46.92 0.7777950302972525 1.3894
331.4160000000003 0.5555555555555556 3.0 1.0 6.0 1.0 2.0 1.0 0.0 1.0 2.0 61.88 0.9062620444306143 2.871400000000002
248.351 0.38461538461538464 3.0 1.0 3.0 1.0 0.0 0.0 1.0 2.0 1.0 41.99 0.8376146495551106 3.5893200000000016
288.35 0.05263157894736842 2.0 1.0 3.0 1.0 0.0 0.0 1.0 3.0 3.0 41.99 0.779989747345136 4.309320000000003
313.43 0.4375 6.0 0.0 5.0 0.0 1.0 1.0 3.0 3.0 1.0 46.84 0.6928659764926861 2.9127600000000013
337.4480000000001 0.21052631578947367 4.0 1.0 4.0 1.0 0.0 0.0 2.0 3.0 4.0 54.88 0.7455192093014331 4.775020000000004
318.465 0.7777777777777778 4.0 1.0 5.0 1.0 2.0 1.0 1.0 1.0 4.0 50.160000000000004 0.9278106150618368 2.5030200000000002
318.34800000000007 0.23529411764705882 4.0 2.0 5.0 2.0 0.0 0.0 0.0 2.0 6.0 59.59 0.8585218731413301 3.201920000000002
329.4250000000001 0.35294117647058826 4.0 1.0 5.0 1.0 1.0 1.0 1.0 2.0 3.0 62.300000000000004 0.9415050872048607 2.6619
341.4800000000001 0.42105263157894735 3.0 1.0 4.0 1.0 2.0 2.0 1.0 2.0 3.0 35.580000000000005 0.9292623303119597 3.3423000000000025
348.8050000000001 0.2777777777777778 3.0 1.0 4.0 1.0 1.0 1.0 1.0 2.0 5.0 45.480000000000004 0.8391043233880713 3.6342000000000025
275.37699999999995 0.42857142857142855 5.0 1.0 4.0 1.0 1.0 1.0 1.0 2.0 4.0 47.040000000000006 0.9317085566055694 2.719800000000001
230.26700000000002 0.23076923076923078 3.0 1.0 4.0 1.0 0.0 0.0 2.0 2.0 4.0 55.13 0.8730343466189573 1.95552
425.92400000000026 0.38095238095238093 8.0 3.0 8.0 3.0 1.0 0.0 3.0 3.0 8.0 108.74 0.46659633454183336 3.8609000000000018
294.7820000000001 0.4666666666666667 2.0 1.0 4.0 2.0 1.0 1.0 0.0 1.0 4.0 63.400000000000006 0.9229178873504188 1.9964999999999997
336.39500000000004 0.3157894736842105 5.0 0.0 6.0 0.0 1.0 1.0 2.0 3.0 4.0 62.470000000000006 0.7324337846211698 2.504200000000001
445.5670000000002 0.34615384615384615 6.0 1.0 7.0 2.0 1.0 1.0 2.0 3.0 7.0 84.58 0.5924570869415671 3.9669000000000025
272.35200000000003 0.4666666666666667 5.0 0.0 5.0 0.0 1.0 1.0 1.0 2.0 3.0 43.18 0.8553962837811694 1.8780999999999999
233.31499999999994 0.5384615384615384 3.0 1.0 4.0 1.0 1.0 0.0 1.0 1.0 4.0 45.230000000000004 0.8634945270742781 1.8944999999999996
229.28300000000002 0.23076923076923078 3.0 1.0 4.0 1.0 0.0 0.0 1.0 2.0 3.0 46.92 0.8783951224026041 2.4637200000000004
282.77500000000003 0.6153846153846154 4.0 1.0 5.0 1.0 1.0 1.0 1.0 1.0 4.0 58.120000000000005 0.9196230468884846 2.1889000000000003
424.5740000000002 0.5 8.0 0.0 7.0 0.0 2.0 2.0 3.0 3.0 4.0 57.620000000000005 0.6382586264211635 2.8619400000000015
280.32700000000006 0.11764705882352941 4.0 1.0 4.0 1.0 0.0 0.0 1.0 3.0 4.0 47.28 0.7987395841196514 3.040200000000002
292.335 0.2857142857142857 4.0 0.0 4.0 0.0 1.0 1.0 1.0 2.0 3.0 42.43000000000001 0.8733218564385844 2.7702000000000018
248.32999999999998 0.5384615384615384 5.0 1.0 5.0 1.0 0.0 0.0 2.0 2.0 6.0 55.88 0.8523176464165623 2.3660200000000007
398.50300000000016 0.43478260869565216 5.0 2.0 6.0 2.0 1.0 1.0 0.0 2.0 9.0 71.03 0.635431594285796 2.52412
214.268 0.15384615384615385 3.0 1.0 3.0 2.0 0.0 0.0 1.0 2.0 4.0 48.14 0.8476237824701209 2.1193
331.32599999999996 0.3125 5.0 1.0 6.0 1.0 1.0 1.0 2.0 3.0 3.0 68.62 0.8011807227076038 2.829600000000001
285.307 0.35714285714285715 7.0 0.0 7.0 0.0 0.0 0.0 2.0 3.0 2.0 86.7 0.70916456225228 1.5202999999999998
380.36600000000004 0.3157894736842105 4.0 1.0 5.0 1.0 1.0 1.0 0.0 2.0 6.0 50.8 0.8342766413140446 3.4391000000000016
422.4510000000001 0.42857142857142855 5.0 1.0 6.0 1.0 1.0 1.0 1.0 2.0 5.0 57.7 0.7973474304782957 3.6483000000000025
256.32700000000006 0.36363636363636365 3.0 1.0 5.0 1.0 0.0 0.0 0.0 1.0 3.0 66.48 0.8792901544030944 1.06832
252.29900000000004 0.4 4.0 1.0 6.0 1.0 1.0 1.0 2.0 2.0 2.0 78.95 0.8343069070218511 0.31669999999999937
415.8330000000001 0.25 5.0 1.0 8.0 1.0 2.0 2.0 0.0 2.0 4.0 88.18 0.8282278043567114 2.4494000000000007
231.086 0.0 2.0 3.0 4.0 4.0 0.0 0.0 0.0 1.0 2.0 74.26 0.41216950976615796 1.8103700000000003
311.34100000000007 0.23529411764705882 5.0 1.0 6.0 1.0 0.0 0.0 2.0 3.0 4.0 76.46000000000001 0.7486657280625119 2.1036199999999994
564.6410000000003 0.35714285714285715 8.0 2.0 8.0 2.0 1.0 1.0 4.0 5.0 7.0 98.45000000000002 0.2601715992015226 5.778800000000006
236.27399999999994 0.2 2.0 0.0 3.0 0.0 3.0 2.0 0.0 1.0 0.0 32.67 0.6883183502462321 1.8482
255.36499999999992 0.5625 2.0 1.0 3.0 1.0 2.0 1.0 2.0 2.0 3.0 31.92 0.9140445796888733 2.979800000000001
349.4150000000001 0.10526315789473684 6.0 0.0 5.0 0.0 0.0 0.0 3.0 4.0 4.0 57.13000000000001 0.5263382053359037 4.862620000000004
271.40799999999996 0.47058823529411764 2.0 2.0 3.0 2.0 0.0 0.0 1.0 2.0 6.0 40.71 0.830977106651095 4.075340000000003
358.4050000000001 0.1 5.0 3.0 7.0 4.0 0.0 0.0 2.0 4.0 5.0 109.05 0.37492856903918975 2.1311999999999998
371.3930000000002 0.47368421052631576 7.0 0.0 8.0 0.0 3.0 3.0 1.0 2.0 3.0 73.36000000000001 0.8122372116868232 1.6525999999999998
319.44900000000007 0.7777777777777778 5.0 1.0 5.0 1.0 2.0 1.0 1.0 1.0 4.0 58.36 0.9188905076689148 1.7776999999999996
303.4060000000001 0.7647058823529411 5.0 1.0 5.0 1.0 3.0 1.0 1.0 1.0 5.0 58.36 0.8920871794415726 1.3575999999999993
250.30500000000004 0.13333333333333333 4.0 1.0 4.0 1.0 0.0 0.0 2.0 3.0 3.0 50.7 0.7761135287262703 2.9453200000000015
252.321 0.2 4.0 1.0 4.0 2.0 0.0 0.0 2.0 3.0 2.0 56.730000000000004 0.7625150712960366 2.6786399999999997
359.4550000000001 0.4117647058823529 6.0 1.0 7.0 1.0 0.0 0.0 3.0 3.0 6.0 83.36000000000001 0.733339611693835 2.6832200000000004
347.4400000000002 0.5294117647058824 5.0 0.0 6.0 0.0 2.0 1.0 2.0 2.0 2.0 71.75 0.8291185105799922 1.7150999999999998
273.33600000000007 0.4666666666666667 4.0 1.0 5.0 1.0 1.0 1.0 0.0 1.0 4.0 65.36000000000001 0.8933725448720298 1.1474799999999994
360.4620000000001 0.7222222222222222 7.0 1.0 8.0 1.0 1.0 1.0 2.0 2.0 3.0 97.03000000000002 0.902166029292047 2.335
343.3490000000002 0.5625 3.0 1.0 5.0 1.0 2.0 2.0 0.0 1.0 3.0 44.81000000000001 0.9177257490625759 2.9693000000000014
327.77500000000003 0.125 5.0 1.0 6.0 1.0 0.0 0.0 1.0 3.0 4.0 72.7 0.7983160836177962 2.4014000000000006
281.29 0.0625 3.0 0.0 4.0 0.0 0.0 0.0 2.0 3.0 2.0 46.09 0.7249726082350487 3.0455000000000014
368.4580000000001 0.15 3.0 1.0 5.0 1.0 0.0 0.0 0.0 3.0 4.0 66.48 0.7616965960909012 3.7963200000000032
307.35300000000007 0.16666666666666666 5.0 1.0 5.0 1.0 0.0 0.0 2.0 4.0 4.0 51.69 0.6304616056719674 2.956900000000001
261.35 0.3076923076923077 4.0 1.0 4.0 1.0 0.0 0.0 2.0 2.0 4.0 54.88 0.9169356263646083 2.12744
227.26700000000002 0.15384615384615385 3.0 1.0 4.0 1.0 0.0 0.0 1.0 2.0 4.0 54.88 0.8596704075779003 1.4490999999999998
316.4050000000001 0.5294117647058824 4.0 1.0 6.0 1.0 1.0 1.0 2.0 2.0 4.0 61.46 0.9409365710316916 2.4405
315.1670000000001 0.5 3.0 0.0 5.0 0.0 1.0 1.0 1.0 1.0 4.0 53.760000000000005 0.8483538519585344 1.6228999999999998
433.5780000000003 0.6666666666666666 7.0 1.0 8.0 1.0 2.0 1.0 2.0 2.0 6.0 101.22000000000001 0.744932130189919 3.387760000000002
387.5080000000001 0.30434782608695654 5.0 0.0 4.0 0.0 2.0 2.0 2.0 3.0 3.0 49.03 0.6807077080540648 4.0677800000000035
374.488 0.30434782608695654 4.0 0.0 5.0 0.0 1.0 1.0 1.0 3.0 6.0 41.370000000000005 0.6589089206365061 3.8038000000000025
308.3890000000001 0.23529411764705882 6.0 1.0 6.0 1.0 0.0 0.0 2.0 3.0 5.0 58.870000000000005 0.7850107322353983 2.6488200000000006
333.3910000000001 0.25 4.0 1.0 5.0 1.0 1.0 0.0 1.0 3.0 5.0 64.11 0.776631118180731 3.445800000000002
417.5340000000001 0.2916666666666667 5.0 0.0 5.0 0.0 2.0 2.0 2.0 3.0 3.0 55.2 0.6069185634345914 3.891700000000003
417.5530000000001 0.34615384615384615 5.0 0.0 5.0 0.0 1.0 1.0 1.0 3.0 9.0 37.83 0.5242496531075932 4.091600000000003
304.3930000000001 0.25 3.0 1.0 3.0 1.0 1.0 0.0 1.0 3.0 5.0 34.15 0.7727352625090173 4.022300000000003
261.3649999999999 0.5625 3.0 0.0 3.0 0.0 1.0 1.0 0.0 1.0 7.0 29.54 0.5576059625936115 3.144000000000002
283.312 0.0 5.0 1.0 5.0 1.0 0.0 0.0 2.0 3.0 3.0 75.97 0.7993674547596407 2.954900000000001
202.304 0.42857142857142855 4.0 1.0 3.0 1.0 0.0 0.0 1.0 1.0 3.0 41.99 0.8144125393313735 1.9645
253.30900000000003 0.21428571428571427 5.0 1.0 5.0 1.0 0.0 0.0 2.0 2.0 4.0 64.84 0.9027369736886713 2.0263799999999996
342.325 0.5714285714285714 6.0 0.0 7.0 0.0 1.0 1.0 2.0 2.0 1.0 68.84 0.7973849124607814 2.2988999999999997
242.32599999999994 0.42857142857142855 4.0 1.0 4.0 1.0 1.0 0.0 2.0 2.0 4.0 42.74 0.89423066142193 2.2995
254.29299999999998 0.2857142857142857 5.0 0.0 5.0 0.0 0.0 0.0 2.0 2.0 4.0 71.69 0.8382861173052734 2.660380000000001
322.45900000000023 0.5 5.0 1.0 5.0 1.0 1.0 1.0 2.0 2.0 4.0 61.88 0.879011599838115 3.0279000000000016
276.384 0.6666666666666666 4.0 1.0 5.0 1.0 1.0 0.0 1.0 1.0 3.0 58.120000000000005 0.9218206705206331 2.6782400000000006
349.4340000000001 0.3333333333333333 5.0 0.0 5.0 0.0 1.0 1.0 1.0 3.0 5.0 51.39000000000001 0.6956115535873582 4.043120000000003
298.41100000000006 0.35294117647058826 4.0 0.0 3.0 0.0 1.0 1.0 2.0 3.0 3.0 29.270000000000003 0.7259087303908038 4.187220000000003
264.332 0.1875 3.0 1.0 4.0 1.0 0.0 0.0 2.0 3.0 3.0 54.46 0.7883875157826272 3.4045200000000015
344.44000000000005 0.4117647058823529 5.0 1.0 6.0 1.0 2.0 2.0 2.0 2.0 2.0 57.70000000000001 0.9096538762937375 2.5699000000000005
574.7730000000006 0.3888888888888889 6.0 1.0 7.0 1.0 2.0 2.0 1.0 4.0 10.0 67.53999999999999 0.2525821999386048 5.526300000000005
602.7120000000004 0.42857142857142855 10.0 2.0 11.0 2.0 1.0 1.0 3.0 4.0 7.0 129.36999999999998 0.2929940242582003 4.440920000000003
329.40000000000003 0.5 6.0 0.0 6.0 0.0 1.0 1.0 2.0 2.0 4.0 66.24000000000001 0.8626763425548998 2.724800000000001
400.2120000000001 0.23529411764705882 3.0 0.0 5.0 0.0 1.0 1.0 1.0 2.0 2.0 53.510000000000005 0.7277460712625272 3.264800000000002
355.4130000000001 0.35 4.0 1.0 5.0 1.0 1.0 1.0 1.0 3.0 4.0 50.26 0.7811040544845693 3.314400000000002
337.423 0.35 4.0 1.0 5.0 1.0 1.0 1.0 1.0 3.0 5.0 50.260000000000005 0.7784214189019446 3.0455000000000014
247.34199999999998 0.5714285714285714 3.0 2.0 4.0 2.0 1.0 1.0 1.0 1.0 4.0 54.02 0.8550105116180867 1.9721999999999997
302.292 0.36363636363636365 5.0 3.0 6.0 4.0 0.0 0.0 2.0 2.0 4.0 109.58 0.7450056806926696 1.9868000000000006
314.3090000000001 0.3076923076923077 9.0 1.0 10.0 1.0 1.0 1.0 3.0 3.0 3.0 106.75 0.6858155297438292 -0.6271
365.4330000000001 0.2857142857142857 5.0 1.0 6.0 1.0 0.0 0.0 1.0 3.0 5.0 77.13 0.754105687029425 2.9312000000000014
293.39500000000004 0.11764705882352941 4.0 0.0 3.0 0.0 0.0 0.0 2.0 3.0 4.0 38.67 0.6776679092201328 4.139320000000003
341.41500000000013 0.5 6.0 1.0 7.0 1.0 1.0 1.0 2.0 3.0 4.0 79.95 0.7890203952150099 2.6731000000000007
349.39000000000004 0.25 3.0 0.0 6.0 0.0 2.0 2.0 0.0 2.0 3.0 60.93000000000001 0.7962808032203816 1.9754
257.341 0.35714285714285715 5.0 1.0 5.0 2.0 0.0 0.0 2.0 2.0 4.0 67.93 0.9064731041683588 1.96102
203.245 0.45454545454545453 4.0 1.0 4.0 1.0 1.0 1.0 1.0 1.0 2.0 60.15 0.7758752100588185 0.91438
416.48000000000013 0.05263157894736842 5.0 3.0 7.0 3.0 0.0 0.0 1.0 3.0 6.0 112.57 0.565601628001285 3.8078200000000013
315.8 0.2777777777777778 2.0 1.0 3.0 1.0 1.0 1.0 0.0 2.0 3.0 40.54 0.9404409124894537 3.564600000000002
275.377 0.35714285714285715 4.0 1.0 4.0 1.0 0.0 0.0 1.0 2.0 3.0 54.88 0.9360372307978337 3.113500000000001
310.44100000000003 0.4 3.0 2.0 3.0 2.0 0.0 0.0 1.0 3.0 7.0 37.19 0.6487256625564988 3.9352000000000027
262.284 0.42857142857142855 4.0 0.0 4.0 0.0 1.0 0.0 1.0 2.0 1.0 44.0 0.788143716436624 1.9544
300.343 0.2857142857142857 6.0 1.0 6.0 1.0 1.0 0.0 3.0 3.0 3.0 80.91 0.8034158832582751 3.117420000000001
323.3700000000001 0.4 6.0 0.0 6.0 0.0 1.0 1.0 1.0 2.0 4.0 78.63000000000001 0.857890804546389 2.1776400000000002
229.28300000000004 0.23076923076923078 3.0 1.0 4.0 1.0 0.0 0.0 2.0 2.0 3.0 46.92 0.8696674377458683 1.6585199999999998
339.4240000000001 0.23529411764705882 6.0 1.0 6.0 1.0 1.0 1.0 2.0 3.0 3.0 63.050000000000004 0.7965291448903403 2.569000000000001
306.365 0.15789473684210525 3.0 0.0 4.0 0.0 0.0 0.0 1.0 3.0 4.0 42.43 0.7395908435062545 3.585020000000002
341.7980000000001 0.2222222222222222 4.0 1.0 5.0 1.0 1.0 0.0 2.0 3.0 5.0 60.06 0.7126770695668152 4.0279000000000025
395.4780000000001 0.43478260869565216 3.0 0.0 5.0 0.0 2.0 2.0 1.0 2.0 3.0 53.510000000000005 0.8003287347183141 3.4136200000000025
389.3810000000001 0.3157894736842105 6.0 0.0 6.0 0.0 1.0 1.0 2.0 3.0 5.0 56.07 0.6710537757132554 3.1617000000000006
262.353 0.5333333333333333 3.0 1.0 4.0 1.0 1.0 1.0 0.0 1.0 4.0 41.57 0.8926762634606937 1.4480999999999995
312.398 0.1875 5.0 0.0 5.0 0.0 0.0 0.0 2.0 3.0 4.0 51.02 0.7418429840132759 3.3809200000000024
413.4810000000003 0.20833333333333334 6.0 2.0 7.0 3.0 1.0 1.0 2.0 4.0 5.0 95.06 0.5220513064861422 3.512620000000002
269.27900000000005 0.06666666666666667 4.0 1.0 4.0 1.0 0.0 0.0 1.0 3.0 4.0 50.95 0.7873414429950222 3.487800000000002
345.4470000000003 0.6666666666666666 5.0 1.0 7.0 1.0 2.0 1.0 1.0 1.0 3.0 78.43 0.8946977673172481 1.3542999999999994
298.34600000000006 0.3125 5.0 1.0 6.0 1.0 1.0 1.0 1.0 2.0 3.0 67.35 0.9323258804291934 1.6164
296.334 0.3333333333333333 6.0 1.0 7.0 1.0 1.0 1.0 2.0 2.0 4.0 75.94 0.8405137164543436 0.6983999999999992
201.27299999999994 0.4166666666666667 3.0 1.0 3.0 2.0 1.0 1.0 0.0 1.0 1.0 53.05 0.7485096559162614 1.48578
202.19199999999998 0.1 4.0 0.0 4.0 0.0 0.0 0.0 1.0 2.0 2.0 54.5 0.737865855684206 1.33718
302.78000000000003 0.17647058823529413 1.0 2.0 2.0 2.0 0.0 0.0 1.0 3.0 5.0 27.82 0.6760090835079676 4.292700000000002
316.3860000000001 0.13333333333333333 4.0 1.0 6.0 1.0 0.0 0.0 1.0 3.0 4.0 67.23 0.8024997918713626 2.2437999999999994
309.3980000000001 0.1875 6.0 0.0 5.0 0.0 0.0 0.0 3.0 4.0 4.0 48.53 0.5817038993425812 3.136000000000002
510.6820000000005 0.46875 4.0 0.0 6.0 0.0 3.0 2.0 0.0 2.0 7.0 67.64999999999999 0.45765964601589115 5.558380000000006
283.331 0.1875 3.0 1.0 5.0 1.0 0.0 0.0 1.0 2.0 3.0 62.300000000000004 0.9401260345354092 2.34412
309.373 0.29411764705882354 6.0 0.0 6.0 0.0 0.0 0.0 3.0 3.0 5.0 67.94 0.7201741146412415 3.2864000000000013
289.335 0.4666666666666667 6.0 1.0 6.0 1.0 1.0 1.0 1.0 2.0 4.0 71.62 0.9234319782445162 1.7019
264.325 0.23076923076923078 3.0 1.0 3.0 1.0 0.0 0.0 1.0 2.0 3.0 41.99 0.9227190159272042 3.4053200000000015
392.42500000000007 0.4 4.0 1.0 5.0 1.0 1.0 1.0 1.0 2.0 4.0 48.470000000000006 0.8645292747562189 3.5596200000000024
396.3880000000001 0.3684210526315789 4.0 1.0 5.0 1.0 1.0 1.0 1.0 2.0 4.0 48.470000000000006 0.8053442640527205 3.3903000000000016
295.38199999999995 0.3157894736842105 2.0 1.0 3.0 1.0 1.0 1.0 0.0 2.0 4.0 40.54 0.9251952719408849 4.037700000000003
381.4570000000001 0.25 4.0 1.0 6.0 1.0 1.0 1.0 1.0 2.0 5.0 69.72 0.6395641191768572 2.760600000000001
281.258 0.21428571428571427 3.0 1.0 4.0 1.0 0.0 0.0 1.0 2.0 6.0 51.47 0.881869981623538 3.452300000000002
345.40600000000006 0.15 4.0 2.0 6.0 2.0 0.0 0.0 3.0 4.0 5.0 75.6 0.5838400198766863 2.935900000000001
245.28200000000004 0.3076923076923077 4.0 1.0 5.0 1.0 0.0 0.0 2.0 2.0 4.0 68.02000000000001 0.8966434436805927 2.25774
244.34199999999998 0.5714285714285714 4.0 0.0 4.0 0.0 1.0 1.0 1.0 1.0 3.0 43.16 0.8139201822984865 1.87538
263.362 0.35714285714285715 3.0 1.0 3.0 1.0 0.0 0.0 1.0 2.0 4.0 42.24 0.9185157769680036 3.434000000000002
356.3760000000001 0.2631578947368421 5.0 1.0 5.0 1.0 1.0 1.0 2.0 3.0 4.0 50.28 0.7768760556291825 3.356700000000002
294.39799999999997 0.2631578947368421 2.0 2.0 3.0 2.0 0.0 0.0 1.0 3.0 7.0 37.05 0.6484807950975604 3.898900000000002
390.91100000000006 0.42857142857142855 5.0 1.0 5.0 1.0 1.0 1.0 0.0 2.0 9.0 42.96000000000001 0.6649771495112033 3.349400000000002
272.304 0.26666666666666666 5.0 1.0 5.0 1.0 1.0 1.0 1.0 2.0 4.0 52.61 0.9262779052609953 2.4735000000000005
419.95600000000013 0.32 4.0 0.0 4.0 0.0 1.0 1.0 2.0 4.0 5.0 29.65 0.44589310889567246 5.177300000000005
302.35299999999995 0.375 3.0 1.0 5.0 1.0 1.0 1.0 1.0 2.0 3.0 50.160000000000004 0.9452932744463558 2.264100000000001
275.31100000000004 0.058823529411764705 4.0 0.0 4.0 0.0 0.0 0.0 3.0 4.0 2.0 43.85 0.5553139554578346 3.988920000000003
328.4370000000002 0.4444444444444444 4.0 0.0 4.0 0.0 2.0 1.0 1.0 2.0 2.0 42.43000000000001 0.8458185448122351 3.5953000000000026
289.76200000000006 0.25 3.0 1.0 3.0 1.0 1.0 1.0 0.0 2.0 4.0 30.49 0.9356266124544225 3.4010000000000016
338.4550000000001 0.4 5.0 0.0 5.0 0.0 0.0 0.0 2.0 3.0 6.0 47.09 0.6786692186059624 4.102540000000004
329.40299999999996 0.14285714285714285 2.0 2.0 4.0 2.0 0.0 0.0 1.0 4.0 5.0 57.78 0.5874249926854596 3.6175000000000015
432.5280000000002 0.3333333333333333 7.0 2.0 8.0 3.0 1.0 1.0 2.0 3.0 6.0 106.26 0.615688329457031 3.2559200000000015
268.36 0.29411764705882354 2.0 1.0 3.0 1.0 0.0 0.0 1.0 2.0 2.0 41.99 0.8959847925064491 3.9398200000000028
343.48100000000005 0.3125 7.0 0.0 5.0 0.0 1.0 1.0 2.0 3.0 3.0 45.150000000000006 0.7294048647219232 3.378300000000002
447.4360000000002 0.36363636363636365 5.0 1.0 6.0 2.0 1.0 1.0 2.0 3.0 3.0 85.0 0.6133225885409256 4.022020000000003
263.3449999999999 0.6153846153846154 5.0 1.0 6.0 1.0 1.0 1.0 1.0 1.0 4.0 61.36000000000001 0.8766932811786406 0.9669999999999996
299.33 0.3125 5.0 1.0 6.0 1.0 0.0 0.0 2.0 3.0 4.0 81.16000000000001 0.7989212466459066 3.3123600000000017
249.289 0.38461538461538464 3.0 0.0 4.0 0.0 0.0 0.0 0.0 1.0 4.0 47.34 0.805687384528653 1.2173799999999992
320.348 0.15789473684210525 4.0 1.0 5.0 1.0 1.0 1.0 1.0 3.0 4.0 60.45 0.7986214929700521 3.5348000000000015
281.355 0.3333333333333333 3.0 2.0 3.0 2.0 2.0 2.0 0.0 2.0 2.0 41.49 0.8890938667172147 2.8938000000000015
386.4810000000001 0.2777777777777778 7.0 1.0 8.0 1.0 0.0 0.0 1.0 3.0 5.0 93.01 0.7239797736466855 2.4543600000000003
311.35300000000007 0.5625 4.0 2.0 5.0 2.0 1.0 1.0 0.0 1.0 6.0 67.79 0.821011135356328 0.9592199999999997
396.49100000000027 0.5 5.0 0.0 7.0 0.0 2.0 2.0 1.0 2.0 5.0 67.67 0.7766877903205553 2.1452
297.38300000000004 0.125 5.0 2.0 4.0 1.0 0.0 0.0 1.0 3.0 2.0 50.94 0.7112822362944577 3.545440000000001
340.43100000000015 0.5555555555555556 6.0 0.0 7.0 0.0 2.0 1.0 2.0 2.0 4.0 67.15 0.84906704412698 1.8095199999999998
360.39400000000006 0.0 6.0 3.0 5.0 3.0 0.0 0.0 2.0 4.0 2.0 97.37 0.48452819887019744 4.6187800000000045
222.21899999999997 0.2727272727272727 2.0 1.0 4.0 1.0 1.0 1.0 0.0 1.0 1.0 49.410000000000004 0.7472449239679261 0.3977000000000002
257.33699999999993 0.4666666666666667 3.0 1.0 4.0 1.0 1.0 0.0 0.0 1.0 4.0 56.13 0.8980655298299511 2.07538
301.34600000000006 0.3125 5.0 1.0 6.0 1.0 0.0 0.0 1.0 2.0 7.0 73.22 0.8278405942040041 1.0008999999999997
322.4740000000001 0.6470588235294118 3.0 0.0 4.0 0.0 2.0 1.0 0.0 1.0 3.0 40.620000000000005 0.8585553419044405 2.552340000000001
250.34599999999992 0.6923076923076923 5.0 1.0 5.0 2.0 1.0 1.0 1.0 1.0 2.0 64.27 0.8702905108082458 2.0839
282.29900000000004 0.125 5.0 0.0 5.0 0.0 0.0 0.0 1.0 3.0 4.0 57.38000000000001 0.7334905162085824 3.4208000000000016
248.32999999999993 0.6153846153846154 4.0 1.0 5.0 2.0 1.0 1.0 1.0 1.0 3.0 72.11000000000001 0.851003020983714 0.6238199999999999
259.353 0.4666666666666667 3.0 1.0 4.0 1.0 0.0 0.0 1.0 2.0 2.0 46.92 0.9006760959640298 2.5678400000000003
268.32 0.26666666666666666 4.0 1.0 5.0 1.0 1.0 1.0 2.0 2.0 4.0 58.120000000000005 0.9233344089848632 2.2155000000000005
372.41600000000005 0.5 6.0 0.0 5.0 0.0 1.0 1.0 2.0 2.0 5.0 41.49 0.8067764889697724 3.109820000000002
263.272 0.23076923076923078 5.0 1.0 5.0 1.0 0.0 0.0 1.0 2.0 4.0 56.27000000000001 0.9171531820068495 2.3416000000000006
235.26399999999998 0.09090909090909091 4.0 1.0 4.0 1.0 0.0 0.0 1.0 2.0 3.0 59.42 0.8875725709049411 2.5168999999999997
232.24300000000002 0.2727272727272727 5.0 1.0 6.0 1.0 0.0 0.0 2.0 2.0 3.0 80.91000000000001 0.8611717560529938 1.2626399999999998
309.344 0.2222222222222222 4.0 0.0 4.0 0.0 0.0 0.0 1.0 3.0 4.0 50.72 0.7424327090822976 3.2720800000000017
297.35800000000006 0.29411764705882354 5.0 1.0 5.0 1.0 0.0 0.0 2.0 3.0 7.0 64.08 0.6790795847978749 3.367700000000002
351.4250000000001 0.3333333333333333 3.0 1.0 4.0 1.0 2.0 2.0 0.0 2.0 3.0 44.7 0.9237517449534947 3.045320000000001
264.68699999999995 0.07692307692307693 2.0 1.0 3.0 1.0 0.0 0.0 1.0 2.0 3.0 41.99 0.9262280777425944 2.804100000000001
244.26900000000003 0.07142857142857142 2.0 2.0 3.0 3.0 0.0 0.0 0.0 2.0 3.0 55.120000000000005 0.8152336570705466 2.589100000000001
288.32200000000006 0.1875 2.0 1.0 4.0 1.0 0.0 0.0 0.0 2.0 4.0 41.57 0.935223253387544 3.4982000000000024
287.367 0.4 5.0 1.0 6.0 1.0 0.0 0.0 1.0 2.0 5.0 63.050000000000004 0.8965960203350427 1.1755399999999994
395.50700000000006 0.4090909090909091 6.0 1.0 7.0 1.0 0.0 0.0 2.0 3.0 8.0 71.64 0.6355801123158266 2.3543000000000003
395.5030000000002 0.391304347826087 4.0 1.0 6.0 1.0 1.0 1.0 0.0 2.0 6.0 61.88 0.789404585090966 4.360100000000004
518.9320000000004 0.1111111111111111 7.0 2.0 8.0 2.0 1.0 1.0 1.0 4.0 6.0 105.92999999999999 0.3347159311313273 5.746100000000004
280.33099999999996 0.1875 5.0 1.0 5.0 1.0 0.0 0.0 2.0 3.0 4.0 63.84 0.7935307223041281 3.360540000000001
412.8430000000001 0.3684210526315789 4.0 1.0 5.0 1.0 1.0 1.0 1.0 2.0 4.0 48.470000000000006 0.8269364600360407 3.904600000000003
406.45200000000006 0.42857142857142855 4.0 1.0 5.0 1.0 1.0 1.0 1.0 2.0 4.0 48.470000000000006 0.8376341686139211 3.8680400000000033
323.4400000000001 0.4 2.0 1.0 4.0 1.0 1.0 1.0 1.0 2.0 5.0 48.99 0.8535168304047681 3.6727000000000016
371.3490000000001 0.0 5.0 1.0 7.0 1.0 1.0 1.0 1.0 3.0 2.0 101.63 0.7450761856057185 2.3596000000000004
259.313 0.46153846153846156 6.0 0.0 6.0 0.0 1.0 1.0 2.0 2.0 3.0 58.290000000000006 0.8222540621293567 1.0952199999999999
349.3940000000001 0.2631578947368421 6.0 0.0 7.0 0.0 1.0 1.0 2.0 3.0 4.0 73.14 0.7239667316900535 2.6838000000000006
234.30299999999997 0.5833333333333334 4.0 1.0 5.0 1.0 1.0 1.0 1.0 1.0 2.0 58.120000000000005 0.8157911060859386 0.6453999999999995
330.4610000000001 0.5625 7.0 0.0 6.0 0.0 2.0 2.0 2.0 2.0 2.0 48.39000000000001 0.8342124840971542 1.6376999999999997
277.397 0.46153846153846156 6.0 0.0 5.0 0.0 0.0 0.0 2.0 2.0 4.0 45.150000000000006 0.8574518598283934 2.2523400000000002
324.42800000000017 0.42105263157894735 4.0 0.0 5.0 0.0 1.0 1.0 1.0 2.0 3.0 49.33 0.8709510209671217 2.870820000000001
249.26999999999995 0.5833333333333334 4.0 1.0 6.0 1.0 2.0 1.0 1.0 1.0 3.0 75.44 0.8168936770644544 1.2115
249.35799999999995 0.7857142857142857 4.0 1.0 4.0 1.0 2.0 1.0 1.0 1.0 3.0 41.290000000000006 0.8869472998275557 1.7434199999999997
263.341 0.5714285714285714 3.0 1.0 5.0 1.0 1.0 1.0 1.0 1.0 4.0 54.46000000000001 0.8441357895388196 1.9019
270.36100000000005 0.35714285714285715 5.0 0.0 4.0 0.0 1.0 0.0 2.0 2.0 3.0 52.81 0.8597191462555303 2.534880000000001
226.3449999999999 0.8181818181818182 3.0 1.0 3.0 1.0 1.0 0.0 0.0 0.0 4.0 52.89 0.5896052179871922 2.08218
354.273 0.2857142857142857 4.0 1.0 4.0 1.0 0.0 0.0 2.0 2.0 4.0 45.230000000000004 0.9137526662815416 3.5279200000000017
273.336 0.4 5.0 1.0 5.0 1.0 1.0 1.0 1.0 2.0 4.0 48.31 0.9302238417054653 2.754500000000001
315.41700000000003 0.6111111111111112 3.0 0.0 5.0 0.0 2.0 1.0 1.0 1.0 3.0 53.510000000000005 0.8042171992423249 3.3019000000000016
471.52100000000024 0.16 7.0 4.0 10.0 5.0 0.0 0.0 2.0 4.0 9.0 150.21999999999997 0.21639053275456466 2.985970000000001
310.1510000000001 0.3333333333333333 5.0 0.0 5.0 0.0 1.0 1.0 1.0 2.0 2.0 49.17 0.8535045163248564 2.2502000000000004
209.274 0.3333333333333333 5.0 1.0 4.0 1.0 0.0 0.0 2.0 2.0 4.0 47.04 0.7792099013444571 1.7496
377.87500000000006 0.22727272727272727 3.0 0.0 4.0 0.0 1.0 1.0 2.0 3.0 3.0 46.09 0.6571383964237024 4.816800000000004
490.6290000000003 0.2962962962962963 5.0 1.0 7.0 1.0 2.0 2.0 0.0 3.0 5.0 72.96 0.5885720503891825 3.832200000000003
244.25800000000004 0.2727272727272727 7.0 0.0 7.0 0.0 0.0 0.0 3.0 3.0 4.0 74.56 0.6803072840335994 0.86762
262.334 0.23076923076923078 4.0 1.0 4.0 1.0 0.0 0.0 1.0 2.0 4.0 51.22 0.9211876887523864 2.6413200000000003
331.46000000000004 0.5789473684210527 3.0 0.0 5.0 0.0 1.0 1.0 0.0 1.0 5.0 43.86000000000001 0.8329427783319622 2.617300000000001
378.9290000000001 0.4444444444444444 5.0 1.0 5.0 1.0 1.0 1.0 1.0 2.0 4.0 48.470000000000006 0.8818206659220471 3.6442200000000025
295.34600000000006 0.3125 6.0 0.0 6.0 0.0 1.0 1.0 2.0 3.0 1.0 56.07 0.6876748837852681 2.0707199999999997
230.26700000000002 0.15384615384615385 3.0 1.0 4.0 1.0 0.0 0.0 1.0 2.0 4.0 43.26 0.8732617274899691 2.0622
325.4080000000002 0.5 4.0 0.0 4.0 0.0 2.0 1.0 1.0 2.0 3.0 48.42 0.8018788206619171 3.947700000000003
373.4200000000002 0.2 8.0 1.0 8.0 1.0 0.0 0.0 4.0 4.0 5.0 102.51 0.5667227899136834 3.5209600000000023
302.374 0.29411764705882354 4.0 2.0 5.0 2.0 0.0 0.0 0.0 1.0 6.0 69.64 0.2785117028779665 2.579300000000001
300.358 0.29411764705882354 4.0 1.0 5.0 1.0 0.0 0.0 1.0 2.0 5.0 60.45 0.9221161705713498 2.823920000000001
338.411 0.3157894736842105 5.0 0.0 6.0 0.0 0.0 0.0 1.0 3.0 5.0 60.25 0.7175976723205765 2.7361400000000007
231.30300000000003 0.4166666666666667 5.0 1.0 5.0 1.0 0.0 0.0 2.0 2.0 4.0 55.63 0.8733804629844759 1.9455999999999998
371.5250000000002 0.6818181818181818 4.0 0.0 5.0 0.0 3.0 2.0 0.0 1.0 5.0 36.02 0.7974344081509805 2.855900000000001
300.387 0.26666666666666666 5.0 1.0 5.0 1.0 0.0 0.0 2.0 3.0 4.0 59.81 0.8054722302541176 3.002320000000001
335.4730000000002 0.7058823529411765 5.0 1.0 5.0 1.0 2.0 0.0 1.0 1.0 6.0 63.99 0.8624782949047395 1.9140999999999995
281.29 0.0625 4.0 0.0 4.0 0.0 0.0 0.0 2.0 3.0 3.0 47.78 0.7407575297793995 2.4927
336.395 0.3157894736842105 6.0 0.0 6.0 0.0 1.0 1.0 2.0 3.0 5.0 64.28 0.7106411825224626 3.4773000000000023
347.41800000000006 0.2857142857142857 4.0 0.0 5.0 0.0 1.0 1.0 1.0 3.0 2.0 59.230000000000004 0.6950341736001008 4.254860000000003
207.22899999999998 0.2727272727272727 2.0 1.0 4.0 1.0 0.0 0.0 0.0 1.0 3.0 57.61 0.8210970892600991 1.7575999999999998
320.4220000000001 0.5714285714285714 6.0 1.0 7.0 1.0 1.0 1.0 2.0 2.0 4.0 75.94 0.9324819095851867 1.8437000000000001
258.27699999999993 0.2857142857142857 3.0 1.0 5.0 1.0 1.0 1.0 0.0 1.0 4.0 58.64 0.8184962675012247 0.9658
381.4760000000002 0.36363636363636365 4.0 1.0 6.0 1.0 1.0 1.0 0.0 2.0 6.0 61.88 0.7747077224553135 3.7329000000000025
270.354 0.4166666666666667 3.0 0.0 5.0 0.0 0.0 0.0 0.0 1.0 4.0 57.690000000000005 0.8147136317434763 0.8492200000000003
376.50700000000006 0.5294117647058824 6.0 0.0 6.0 0.0 2.0 2.0 2.0 2.0 2.0 66.4 0.8080021669688746 2.5932400000000007
446.9100000000004 0.36363636363636365 7.0 1.0 7.0 1.0 1.0 1.0 1.0 3.0 8.0 68.74000000000001 0.517854527865434 4.275600000000003
312.32500000000005 0.17647058823529413 5.0 1.0 6.0 1.0 0.0 0.0 1.0 3.0 4.0 73.59 0.7989148298818703 3.4057200000000014
242.28200000000004 0.3076923076923077 4.0 1.0 5.0 1.0 1.0 0.0 2.0 2.0 4.0 59.81 0.8813698276397058 1.4071
325.38700000000006 0.3157894736842105 3.0 1.0 4.0 1.0 1.0 1.0 1.0 3.0 4.0 41.15 0.79420546523224 3.745400000000002
445.5230000000002 0.36 5.0 2.0 8.0 2.0 2.0 2.0 1.0 3.0 1.0 100.21000000000001 0.5598247077527299 3.339100000000002
257.297 0.3076923076923077 6.0 0.0 6.0 0.0 0.0 0.0 3.0 3.0 3.0 59.980000000000004 0.716863516638924 1.90112
287.363 0.5 3.0 1.0 5.0 1.0 2.0 2.0 0.0 1.0 3.0 52.650000000000006 0.9144802357699968 1.4178000000000002
265.3569999999999 0.8571428571428571 4.0 1.0 5.0 1.0 2.0 1.0 0.0 0.0 3.0 65.36 0.7746965926040211 1.051379999999999
257.337 0.4666666666666667 2.0 1.0 4.0 1.0 1.0 1.0 1.0 2.0 4.0 48.99 0.9145294331705367 2.508000000000001
296.399 0.1875 5.0 0.0 4.0 0.0 0.0 0.0 3.0 3.0 5.0 41.910000000000004 0.674792844400575 3.587320000000002
244.342 0.42857142857142855 4.0 1.0 4.0 1.0 0.0 0.0 1.0 2.0 4.0 41.05 0.896243318943661 2.3819
306.276 0.23076923076923078 7.0 1.0 7.0 1.0 0.0 0.0 2.0 3.0 5.0 81.64999999999999 0.7515159753061997 0.7357999999999993
352.47800000000007 0.4090909090909091 3.0 0.0 4.0 0.0 1.0 1.0 0.0 2.0 5.0 32.78 0.8278438300721045 3.279020000000002
234.34699999999995 0.6923076923076923 4.0 1.0 4.0 1.0 1.0 1.0 1.0 1.0 2.0 41.050000000000004 0.8415583755255979 1.49212
436.2700000000001 0.0 5.0 0.0 4.0 0.0 0.0 0.0 2.0 4.0 3.0 47.260000000000005 0.4261443688183634 5.492700000000003
338.386 0.21052631578947367 4.0 0.0 5.0 0.0 0.0 0.0 1.0 3.0 5.0 51.02 0.718384542552574 3.046120000000002
363.36400000000003 0.11764705882352941 4.0 1.0 4.0 1.0 0.0 0.0 1.0 3.0 3.0 54.88 0.7282443867932736 4.784620000000002
314.4540000000001 0.6666666666666666 3.0 0.0 3.0 0.0 4.0 0.0 1.0 1.0 4.0 44.1 0.8404813310640248 4.072780000000003
232.28300000000002 0.3076923076923077 2.0 1.0 4.0 1.0 0.0 0.0 1.0 2.0 3.0 45.33 0.822985377466769 2.03862
214.268 0.15384615384615385 3.0 1.0 3.0 2.0 0.0 0.0 1.0 2.0 2.0 48.14 0.8352720998130101 3.072940000000001
297.152 0.3333333333333333 4.0 0.0 4.0 0.0 0.0 0.0 2.0 2.0 4.0 48.150000000000006 0.809915812950277 3.534500000000002
539.4460000000001 0.3076923076923077 8.0 2.0 8.0 2.0 1.0 1.0 2.0 4.0 7.0 94.69 0.2907086971255582 6.156380000000004
321.3770000000001 0.5625 5.0 1.0 7.0 1.0 2.0 2.0 0.0 1.0 4.0 63.27000000000001 0.8428032574917501 1.1411999999999995
251.28900000000004 0.13333333333333333 3.0 1.0 4.0 1.0 0.0 0.0 1.0 2.0 4.0 65.78 0.907547398874467 2.5245800000000003
363.78000000000003 0.3125 7.0 0.0 7.0 0.0 1.0 1.0 2.0 3.0 2.0 65.06 0.6870254241560722 1.2464
243.26199999999997 0.21428571428571427 3.0 1.0 4.0 1.0 0.0 0.0 1.0 2.0 4.0 51.47 0.8319616872594355 1.7332999999999996
376.4600000000002 0.3181818181818182 6.0 1.0 6.0 1.0 1.0 1.0 2.0 3.0 4.0 71.37 0.7522038115383167 3.427940000000002
247.32700000000003 0.18181818181818182 6.0 1.0 5.0 2.0 0.0 0.0 1.0 2.0 3.0 67.93 0.8895170325935123 1.6709999999999998
424.4280000000003 0.30434782608695654 5.0 1.0 7.0 1.0 2.0 2.0 1.0 3.0 3.0 81.01 0.6847598563782641 4.099920000000003
259.284 0.2857142857142857 3.0 1.0 4.0 1.0 1.0 0.0 1.0 2.0 4.0 46.92 0.914137266003407 2.1512000000000002
323.4000000000001 0.3333333333333333 6.0 0.0 6.0 0.0 0.0 0.0 3.0 3.0 5.0 67.94 0.7171207256525288 3.342240000000001
366.49000000000007 0.35 5.0 1.0 5.0 1.0 2.0 2.0 1.0 2.0 4.0 57.59 0.897821259501556 3.6214400000000024
310.441 0.4 3.0 2.0 3.0 2.0 1.0 1.0 0.0 2.0 7.0 33.29 0.8225868898671731 3.354800000000002
358.4450000000001 0.22727272727272727 5.0 0.0 5.0 0.0 0.0 0.0 1.0 3.0 6.0 61.92 0.6787603306882914 3.2092800000000015
416.5290000000003 0.4166666666666667 6.0 1.0 7.0 2.0 2.0 2.0 2.0 3.0 4.0 88.24 0.7032002096513865 3.075800000000001
227.21599999999995 0.3 5.0 2.0 6.0 3.0 0.0 0.0 0.0 1.0 4.0 91.01 0.7452367442089962 0.9927999999999999
314.4330000000001 0.5555555555555556 4.0 1.0 5.0 1.0 1.0 1.0 0.0 1.0 3.0 59.37 0.9298629154400139 2.30298
285.303 0.2 4.0 2.0 6.0 2.0 1.0 1.0 1.0 2.0 4.0 72.48 0.902738211566694 2.1745
447.52000000000015 0.17391304347826086 8.0 1.0 8.0 1.0 0.0 0.0 4.0 4.0 7.0 99.12 0.45836803993517544 3.917720000000002
473.5160000000002 0.28 3.0 2.0 4.0 2.0 1.0 0.0 1.0 3.0 6.0 66.4 0.4552255334471655 6.091840000000005
339.4350000000002 0.42857142857142855 4.0 0.0 4.0 0.0 2.0 2.0 0.0 2.0 3.0 30.930000000000003 0.8542215039388042 3.639000000000002
203.20100000000002 0.1 4.0 1.0 5.0 2.0 0.0 0.0 1.0 2.0 3.0 78.10000000000001 0.7871181781718429 0.49389999999999984
259.39300000000003 0.6470588235294118 2.0 1.0 2.0 1.0 2.0 1.0 0.0 1.0 2.0 23.47 0.8815605016441379 3.169500000000002
284.403 0.3333333333333333 3.0 1.0 3.0 1.0 0.0 0.0 0.0 2.0 7.0 26.71 0.8465703707258228 2.9560000000000017
237.30299999999994 0.6666666666666666 3.0 1.0 5.0 1.0 1.0 1.0 1.0 1.0 3.0 58.22 0.8463267660468259 0.8179399999999999
451.51900000000023 0.23076923076923078 5.0 2.0 7.0 2.0 0.0 0.0 0.0 3.0 10.0 96.3 0.3547537077929417 4.036600000000002
247.3859999999999 0.8 3.0 0.0 3.0 0.0 2.0 1.0 1.0 1.0 3.0 21.060000000000002 0.8184471029198993 2.6172000000000013
354.4540000000002 0.45 5.0 1.0 6.0 1.0 1.0 0.0 1.0 2.0 7.0 69.03999999999999 0.7704342248047636 3.6682000000000023
552.9650000000003 0.14285714285714285 6.0 3.0 8.0 3.0 0.0 0.0 1.0 4.0 8.0 115.65 0.2573214779908115 5.244920000000004
236.31899999999996 0.6666666666666666 4.0 1.0 5.0 1.0 1.0 1.0 1.0 1.0 3.0 50.160000000000004 0.8571548987166502 1.1832999999999996
516.0630000000002 0.38461538461538464 5.0 1.0 7.0 1.0 1.0 1.0 1.0 3.0 6.0 88.47999999999999 0.5294462490181198 4.312420000000003
337.423 0.3 3.0 1.0 5.0 1.0 1.0 1.0 0.0 2.0 3.0 52.650000000000006 0.9337080546073364 3.4082000000000026
369.45000000000005 0.3333333333333333 7.0 0.0 7.0 0.0 1.0 1.0 2.0 3.0 4.0 73.02000000000001 0.7059779155999844 2.10372
266.29999999999995 0.125 3.0 1.0 4.0 1.0 0.0 0.0 1.0 3.0 3.0 55.120000000000005 0.7921724951996737 3.0912200000000007
294.354 0.2222222222222222 3.0 1.0 4.0 1.0 0.0 0.0 2.0 3.0 3.0 55.13 0.7958423530812352 3.934260000000002
349.4380000000001 0.3 6.0 1.0 6.0 1.0 1.0 1.0 2.0 3.0 4.0 57.42 0.784283879930057 2.509900000000001
272.348 0.5 3.0 0.0 4.0 0.0 1.0 0.0 0.0 1.0 4.0 53.33 0.8461857560990832 2.586920000000001
236.29600000000005 0.18181818181818182 4.0 0.0 4.0 0.0 0.0 0.0 1.0 2.0 3.0 51.96 0.8094369726567012 1.4169
388.4240000000001 0.1111111111111111 5.0 2.0 7.0 3.0 1.0 1.0 0.0 2.0 4.0 104.85999999999999 0.7855326409901977 2.5817000000000005
303.1890000000001 0.46153846153846156 3.0 1.0 4.0 1.0 1.0 1.0 0.0 1.0 2.0 41.57 0.9067139452138054 3.6361000000000026
354.4830000000001 0.4444444444444444 7.0 0.0 6.0 0.0 1.0 1.0 3.0 3.0 5.0 59.730000000000004 0.7033552959998358 3.315920000000002
386.49900000000014 0.25 5.0 0.0 5.0 0.0 0.0 0.0 2.0 4.0 6.0 43.18 0.48629947885252 4.5843200000000035
317.396 0.21052631578947367 5.0 1.0 5.0 1.0 0.0 0.0 2.0 4.0 5.0 55.11 0.5750884817345692 2.9182200000000007
322.41200000000015 0.42105263157894735 4.0 0.0 5.0 0.0 1.0 0.0 1.0 2.0 5.0 51.02 0.7948197991035442 2.4911000000000003
490.5510000000003 0.25 6.0 2.0 6.0 4.0 0.0 0.0 2.0 3.0 8.0 94.47 0.4283533587924812 5.105600000000005
398.51000000000016 0.28 4.0 1.0 5.0 1.0 1.0 1.0 1.0 3.0 4.0 50.160000000000004 0.6740189044587785 4.078400000000003
268.341 0.06666666666666667 4.0 1.0 3.0 1.0 0.0 0.0 1.0 3.0 2.0 46.010000000000005 0.7666838249020266 3.886120000000002
296.41799999999995 0.4444444444444444 4.0 1.0 4.0 1.0 1.0 1.0 1.0 2.0 6.0 41.050000000000004 0.8881985083021693 3.246900000000002
257.337 0.3333333333333333 3.0 1.0 4.0 1.0 0.0 0.0 1.0 2.0 4.0 46.92 0.9148793169289293 2.628940000000001
367.63400000000007 0.21428571428571427 4.0 0.0 5.0 0.0 1.0 1.0 2.0 2.0 1.0 49.33 0.7271703133009547 2.9891000000000014
348.44300000000015 0.4444444444444444 4.0 0.0 4.0 0.0 1.0 1.0 1.0 2.0 4.0 42.43 0.8372878218647417 4.041720000000003
263.34099999999995 0.5714285714285714 4.0 1.0 5.0 1.0 1.0 1.0 1.0 1.0 4.0 54.46000000000001 0.8863277547273933 1.1903999999999995
360.4040000000001 0.35 3.0 2.0 4.0 2.0 1.0 1.0 0.0 2.0 5.0 52.57000000000001 0.8620436974156204 2.6782000000000012
330.359 0.2777777777777778 4.0 1.0 5.0 1.0 0.0 0.0 1.0 2.0 6.0 68.28999999999999 0.8254605302748483 3.277120000000002
351.41000000000014 0.3157894736842105 6.0 1.0 7.0 1.0 1.0 0.0 2.0 3.0 4.0 73.97 0.7841660691435635 2.663820000000001
573.557 0.08 8.0 4.0 11.0 5.0 0.0 0.0 1.0 4.0 8.0 151.57 0.2251608573210064 5.178100000000004
427.4800000000002 0.45454545454545453 6.0 3.0 8.0 4.0 2.0 1.0 1.0 2.0 8.0 119.23 0.5899582554583254 1.6960000000000002
429.9480000000003 0.391304347826087 4.0 1.0 6.0 1.0 1.0 1.0 0.0 2.0 6.0 61.88000000000001 0.7488491625481776 4.1494000000000035
350.42200000000014 0.35 6.0 1.0 6.0 1.0 1.0 1.0 2.0 3.0 6.0 75.28 0.7366893219102597 2.8721000000000014
337.4270000000001 0.47368421052631576 5.0 1.0 6.0 1.0 2.0 1.0 2.0 3.0 4.0 58.97 0.7950970019435744 2.673000000000001
313.3570000000001 0.35294117647058826 5.0 0.0 6.0 0.0 1.0 1.0 1.0 2.0 3.0 64.43 0.8031092243804214 1.3776
347.39700000000005 0.15 5.0 1.0 5.0 1.0 0.0 0.0 2.0 4.0 6.0 55.11 0.5440764951256547 3.2627000000000015
398.48400000000015 0.19047619047619047 5.0 1.0 6.0 1.0 0.0 0.0 1.0 3.0 8.0 77.52 0.6262219184036399 3.6848000000000027
332.7870000000001 0.29411764705882354 4.0 1.0 5.0 1.0 1.0 1.0 1.0 2.0 4.0 62.66 0.9283013182031554 3.4810000000000025
357.4170000000001 0.23809523809523808 6.0 0.0 6.0 0.0 1.0 0.0 2.0 4.0 6.0 69.63 0.5253163691288509 3.7670000000000012
292.383 0.35714285714285715 5.0 1.0 4.0 2.0 1.0 1.0 1.0 2.0 3.0 45.39 0.9416834205395292 2.1866000000000003
284.271 0.06666666666666667 5.0 1.0 6.0 1.0 0.0 0.0 1.0 3.0 3.0 73.59 0.7914760752151485 3.7984000000000018
299.16800000000006 0.5 3.0 0.0 4.0 0.0 1.0 1.0 1.0 1.0 1.0 42.43000000000001 0.7972606647659419 2.0951
313.8350000000001 0.3333333333333333 5.0 1.0 4.0 1.0 1.0 1.0 2.0 2.0 2.0 45.230000000000004 0.9263599775116944 3.098200000000001
328.3750000000001 0.15 4.0 1.0 5.0 1.0 1.0 0.0 2.0 4.0 2.0 59.81 0.612901810049243 3.4571000000000023
248.32599999999994 0.5714285714285714 3.0 0.0 4.0 0.0 1.0 0.0 1.0 1.0 4.0 42.43000000000001 0.8208339806043151 2.3120200000000004
347.3780000000001 0.15789473684210525 6.0 1.0 7.0 1.0 0.0 0.0 3.0 4.0 3.0 85.84000000000002 0.6129427890382674 3.492440000000002
355.4420000000001 0.42105263157894735 7.0 1.0 7.0 1.0 0.0 0.0 3.0 3.0 9.0 80.22 0.5840168819628919 3.8438200000000027
337.8540000000001 0.25 2.0 2.0 3.0 2.0 1.0 1.0 1.0 3.0 3.0 40.71 0.743354712308962 4.399600000000002
334.37899999999996 0.21052631578947367 6.0 2.0 6.0 2.0 1.0 0.0 2.0 3.0 4.0 83.53 0.5675095065479836 2.7289000000000003
313.288 0.125 6.0 1.0 6.0 1.0 1.0 1.0 1.0 3.0 4.0 69.41000000000001 0.7973466569864986 3.2165000000000017
267.328 0.23529411764705882 2.0 1.0 3.0 1.0 0.0 0.0 1.0 2.0 2.0 42.24 0.8499065228058525 2.9863600000000012
435.5930000000003 0.4 4.0 2.0 5.0 2.0 1.0 0.0 2.0 3.0 7.0 71.09 0.566087582814914 4.6787000000000045
318.424 0.3 4.0 1.0 4.0 1.0 1.0 1.0 2.0 3.0 4.0 41.050000000000004 0.7843668161648777 4.150520000000003
366.4610000000001 0.36363636363636365 3.0 1.0 5.0 1.0 1.0 1.0 0.0 2.0 5.0 58.64 0.8801908115553689 3.559540000000002
338.4550000000001 0.45 4.0 1.0 5.0 1.0 1.0 1.0 1.0 2.0 4.0 58.120000000000005 0.9241976264997427 3.656620000000002
236.27800000000002 0.07142857142857142 4.0 1.0 4.0 2.0 0.0 0.0 2.0 3.0 1.0 64.69 0.7048938858300419 2.582420000000001
353.3820000000001 0.16666666666666666 7.0 2.0 8.0 3.0 0.0 0.0 1.0 3.0 6.0 104.28999999999999 0.7001133628453297 1.7966999999999997
321.8520000000001 0.6470588235294118 3.0 1.0 4.0 1.0 2.0 1.0 1.0 1.0 3.0 45.230000000000004 0.9276997837502836 3.4003000000000023
359.4730000000001 0.391304347826087 4.0 0.0 4.0 0.0 2.0 1.0 1.0 3.0 5.0 42.160000000000004 0.6711638636875081 4.529100000000003
301.781 0.26666666666666666 5.0 0.0 5.0 0.0 0.0 0.0 2.0 3.0 3.0 46.84 0.7460071470617289 2.961520000000001
366.4940000000003 0.47368421052631576 7.0 0.0 6.0 0.0 2.0 1.0 3.0 3.0 3.0 58.040000000000006 0.7103990256855479 2.777300000000001
287.38800000000003 0.3333333333333333 5.0 0.0 4.0 0.0 0.0 0.0 3.0 3.0 5.0 43.85 0.7129794680166833 3.9657000000000027
328.4560000000001 0.55 3.0 1.0 4.0 1.0 1.0 1.0 1.0 2.0 4.0 45.480000000000004 0.9322379486931989 3.6175200000000025
303.36200000000014 0.5 4.0 1.0 6.0 1.0 1.0 1.0 1.0 2.0 4.0 67.33 0.9270437084149712 1.357099999999999
203.245 0.18181818181818182 4.0 1.0 4.0 2.0 0.0 0.0 1.0 2.0 4.0 53.07 0.7667886586348851 1.5442999999999998
218.30400000000003 0.5 3.0 2.0 4.0 2.0 0.0 0.0 2.0 2.0 6.0 53.6 0.7328255848438993 2.950100000000001
349.3860000000001 0.2857142857142857 4.0 0.0 5.0 0.0 2.0 1.0 1.0 3.0 4.0 51.910000000000004 0.7055722436571313 4.274720000000004
448.5230000000002 0.32 5.0 2.0 8.0 3.0 1.0 1.0 1.0 3.0 7.0 110.53999999999999 0.5737522046873247 3.6027000000000005
429.45100000000014 0.16 3.0 1.0 6.0 1.0 2.0 2.0 0.0 3.0 3.0 69.72 0.6880500831041437 3.832200000000003
296.45500000000004 0.9411764705882353 3.0 1.0 4.0 1.0 2.0 2.0 0.0 0.0 3.0 43.78 0.8673629489942225 2.1178999999999997
410.9010000000003 0.30434782608695654 4.0 1.0 5.0 1.0 1.0 0.0 1.0 3.0 5.0 64.35000000000001 0.564245639776942 5.947200000000005
309.41700000000014 0.4444444444444444 5.0 1.0 5.0 1.0 2.0 2.0 1.0 2.0 2.0 44.290000000000006 0.9219128900890472 2.2867000000000006
282.307 0.14285714285714285 6.0 1.0 7.0 1.0 0.0 0.0 2.0 3.0 4.0 77.63000000000001 0.7823778536303152 1.3121999999999998
217.27199999999996 0.3333333333333333 4.0 1.0 4.0 2.0 0.0 0.0 1.0 2.0 4.0 64.94 0.8476703538806608 1.8001999999999998
337.3350000000001 0.1111111111111111 4.0 3.0 7.0 3.0 0.0 0.0 1.0 3.0 5.0 112.14999999999998 0.6616079971087946 2.3933999999999997
270.33599999999996 0.4 4.0 1.0 5.0 1.0 1.0 1.0 2.0 2.0 4.0 59.81 0.9174168955343928 1.5868999999999993
327.33400000000006 0.1111111111111111 3.0 1.0 4.0 1.0 0.0 0.0 1.0 3.0 3.0 46.92 0.7896393101133873 4.0196400000000025
245.28199999999998 0.38461538461538464 3.0 1.0 5.0 1.0 2.0 2.0 0.0 1.0 2.0 52.650000000000006 0.8298683562807078 0.6008999999999998
252.273 0.06666666666666667 3.0 1.0 4.0 1.0 0.0 0.0 1.0 3.0 3.0 55.12 0.7794061396731891 2.782800000000001
333.39900000000006 0.2222222222222222 7.0 1.0 7.0 1.0 0.0 0.0 4.0 4.0 4.0 72.93 0.6215449488117201 2.7537400000000005
402.4470000000003 0.38095238095238093 7.0 2.0 8.0 2.0 1.0 1.0 0.0 2.0 8.0 89.49 0.6968219127462412 2.859300000000001
425.48500000000024 0.34782608695652173 6.0 1.0 8.0 1.0 1.0 1.0 0.0 2.0 6.0 88.17999999999998 0.716370510214441 2.792700000000001
256.35299999999995 0.4666666666666667 4.0 1.0 4.0 1.0 1.0 1.0 2.0 2.0 4.0 42.74 0.913948475397444 2.577420000000001
381.47600000000006 0.36363636363636365 5.0 0.0 6.0 0.0 0.0 0.0 2.0 3.0 6.0 60.5 0.6249408057767719 4.621640000000005
203.24900000000002 0.3 5.0 0.0 5.0 0.0 0.0 0.0 2.0 2.0 2.0 46.84 0.7312145604811612 1.0367199999999999
320.3970000000001 0.6 6.0 2.0 8.0 2.0 1.0 1.0 1.0 1.0 6.0 90.46 0.7715385897326114 0.08320000000000083
255.273 0.13333333333333333 3.0 1.0 4.0 1.0 0.0 0.0 1.0 3.0 2.0 51.47 0.7613990640531937 3.5530000000000017
256.30899999999997 0.35714285714285715 4.0 0.0 5.0 0.0 1.0 1.0 2.0 2.0 2.0 51.02 0.8217068292423326 1.7181
245.282 0.3076923076923077 4.0 1.0 5.0 1.0 0.0 0.0 2.0 2.0 3.0 68.02000000000001 0.9023198943459659 2.7537200000000004
397.3890000000002 0.3157894736842105 8.0 0.0 8.0 0.0 1.0 0.0 3.0 4.0 5.0 83.02 0.5147947438736025 3.044500000000001
232.24300000000002 0.2727272727272727 5.0 1.0 6.0 1.0 0.0 0.0 2.0 2.0 4.0 80.91000000000001 0.8431883180903391 0.8102
277.29900000000004 0.42857142857142855 3.0 1.0 5.0 1.0 2.0 2.0 0.0 1.0 2.0 52.650000000000006 0.881401042228745 1.1300999999999999
229.247 0.3 7.0 0.0 7.0 0.0 0.0 0.0 2.0 2.0 2.0 83.52 0.7362057092542229 0.3033999999999999
278.3550000000001 0.3888888888888889 3.0 0.0 3.0 0.0 2.0 1.0 1.0 2.0 3.0 40.17 0.8607695461360189 3.608480000000003
420.6250000000003 0.45 6.0 1.0 4.0 1.0 1.0 0.0 1.0 2.0 6.0 51.22 0.5940497321449455 5.850900000000005
273.521 0.0 4.0 2.0 4.0 4.0 0.0 0.0 1.0 2.0 0.0 77.82 0.7712373316336514 2.2100999999999997
281.384 0.125 3.0 1.0 3.0 1.0 0.0 0.0 1.0 3.0 5.0 41.57 0.7251952457748562 3.687800000000002
446.5700000000003 0.37037037037037035 4.0 1.0 5.0 2.0 1.0 1.0 2.0 3.0 6.0 72.11 0.564126965497978 5.210640000000004
277.327 0.11764705882352941 4.0 0.0 4.0 0.0 0.0 0.0 2.0 3.0 3.0 47.78 0.7391682652052894 2.662020000000001
214.268 0.15384615384615385 3.0 1.0 3.0 2.0 0.0 0.0 1.0 2.0 2.0 48.14 0.7813639394670941 3.072940000000001
325.339 0.15789473684210525 4.0 0.0 4.0 0.0 0.0 0.0 1.0 3.0 5.0 48.3 0.5288259213174545 3.8400000000000025
434.41800000000023 0.42857142857142855 5.0 1.0 7.0 1.0 2.0 2.0 2.0 2.0 2.0 84.30000000000001 0.7848722843302544 2.1048
298.3900000000001 0.47058823529411764 4.0 1.0 5.0 1.0 1.0 0.0 1.0 2.0 4.0 59.81 0.9435355989243471 2.595300000000001
351.40600000000006 0.3 4.0 1.0 6.0 1.0 1.0 1.0 1.0 3.0 5.0 67.33 0.7651189361779646 2.0656199999999996
280.331 0.1875 5.0 1.0 5.0 1.0 0.0 0.0 2.0 3.0 4.0 59.93 0.7958481471078975 2.953920000000001
335.86000000000007 0.375 4.0 1.0 4.0 1.0 1.0 1.0 1.0 2.0 4.0 45.230000000000004 0.9315046945386669 3.3557000000000015
297.40600000000006 0.47058823529411764 5.0 1.0 5.0 1.0 1.0 1.0 2.0 2.0 2.0 53.940000000000005 0.9218590879748478 2.34204
328.8030000000001 0.29411764705882354 3.0 1.0 5.0 1.0 1.0 0.0 2.0 3.0 4.0 53.92 0.7980803881601825 3.359600000000002
271.707 0.07142857142857142 4.0 0.0 4.0 0.0 0.0 0.0 2.0 3.0 3.0 51.81 0.7327365000560714 3.3758000000000017
238.262 0.3333333333333333 2.0 1.0 4.0 1.0 0.0 0.0 0.0 1.0 4.0 49.410000000000004 0.8663529274183167 1.6325999999999996
328.37500000000006 0.15 4.0 1.0 5.0 1.0 1.0 0.0 3.0 4.0 2.0 63.57 0.6061280475745447 3.9346000000000023
326.49100000000004 0.7142857142857143 5.0 1.0 5.0 1.0 2.0 2.0 1.0 1.0 4.0 48.470000000000006 0.9198231524130995 2.0442
202.213 0.09090909090909091 3.0 1.0 4.0 1.0 0.0 0.0 1.0 2.0 1.0 54.86 0.6963335639235303 0.8342199999999997
298.43100000000004 0.8666666666666667 2.0 0.0 6.0 0.0 1.0 1.0 0.0 0.0 4.0 47.10000000000001 0.7958406959157124 1.9177
262.276 0.0 6.0 0.0 6.0 0.0 0.0 0.0 3.0 4.0 2.0 61.42 0.554060014581489 2.0012
323.35200000000003 0.16666666666666666 5.0 1.0 6.0 1.0 0.0 0.0 1.0 3.0 5.0 73.22 0.7328255246356099 2.851700000000001
364.42300000000006 0.35294117647058826 6.0 1.0 7.0 1.0 0.0 0.0 2.0 2.0 6.0 88.7 0.7946879042998314 2.2950399999999993
315.3920000000001 0.4444444444444444 3.0 1.0 4.0 1.0 1.0 1.0 1.0 2.0 4.0 45.230000000000004 0.9398999261347567 3.434400000000002
294.42400000000004 0.7857142857142857 5.0 0.0 5.0 0.0 2.0 1.0 1.0 1.0 4.0 51.02 0.853285020313846 2.1174
271.32 0.3333333333333333 4.0 1.0 5.0 1.0 1.0 1.0 1.0 2.0 3.0 56.150000000000006 0.9205391492752866 1.52032
363.4580000000003 0.7894736842105263 4.0 0.0 7.0 0.0 3.0 2.0 0.0 0.0 3.0 78.0 0.5675263564480819 2.0044999999999993
284.7910000000001 0.6923076923076923 4.0 0.0 5.0 0.0 1.0 1.0 1.0 1.0 2.0 41.370000000000005 0.8251073548780744 1.4361199999999998
220.27599999999998 0.5454545454545454 4.0 1.0 5.0 2.0 1.0 1.0 1.0 1.0 3.0 72.11000000000001 0.8078752860598879 0.5683999999999991
259.30899999999997 0.42857142857142855 5.0 1.0 5.0 1.0 1.0 1.0 1.0 2.0 3.0 58.480000000000004 0.9019641866137273 1.3753199999999999
240.68999999999997 0.36363636363636365 3.0 1.0 4.0 2.0 1.0 1.0 0.0 1.0 1.0 55.56 0.7552195478943261 1.3946
316.3820000000001 0.375 5.0 1.0 5.0 1.0 2.0 1.0 1.0 2.0 4.0 60.45 0.9419255946710965 2.931800000000001
257.34099999999995 0.5 4.0 1.0 5.0 1.0 1.0 1.0 2.0 2.0 3.0 57.7 0.9119031331408024 1.8877199999999998
228.295 0.2857142857142857 2.0 1.0 3.0 1.0 0.0 0.0 1.0 2.0 3.0 41.99 0.8754941426063207 3.2818200000000015
276.34000000000003 0.6428571428571429 5.0 1.0 6.0 1.0 1.0 1.0 2.0 2.0 2.0 72.68 0.8973854000791015 1.2686999999999993
287.27500000000003 0.2857142857142857 6.0 0.0 7.0 0.0 1.0 1.0 1.0 2.0 4.0 85.53 0.8412806268884669 1.2643999999999997
271.36799999999994 0.5333333333333333 5.0 1.0 5.0 1.0 1.0 1.0 2.0 2.0 4.0 55.63 0.9225237399736588 1.9021
259.30899999999997 0.35714285714285715 4.0 0.0 5.0 0.0 0.0 0.0 2.0 2.0 3.0 59.230000000000004 0.8480009110971857 2.26706
295.302 0.13333333333333333 6.0 1.0 7.0 1.0 0.0 0.0 2.0 3.0 4.0 89.77 0.7811875217868283 1.2152999999999996
225.25099999999998 0.07692307692307693 3.0 1.0 4.0 1.0 0.0 0.0 2.0 3.0 2.0 50.68 0.7222622606202604 1.7729
309.163 0.23076923076923078 3.0 1.0 4.0 1.0 0.0 0.0 1.0 2.0 3.0 55.120000000000005 0.9480003553503573 3.008940000000001
270.723 0.07142857142857142 3.0 1.0 4.0 1.0 0.0 0.0 2.0 3.0 3.0 54.46 0.7441950787940612 3.110900000000001
232.33099999999993 0.6923076923076923 3.0 1.0 4.0 1.0 1.0 0.0 2.0 2.0 3.0 46.5 0.8828077948387248 3.217100000000002
331.39099999999996 0.5 4.0 0.0 5.0 0.0 1.0 1.0 1.0 2.0 4.0 59.230000000000004 0.8599413533374085 3.5177200000000024
423.5570000000002 0.48 5.0 1.0 6.0 1.0 2.0 2.0 0.0 2.0 6.0 56.250000000000014 0.7731276537317507 3.240000000000002
243.30999999999995 0.42857142857142855 2.0 2.0 4.0 2.0 1.0 0.0 1.0 2.0 2.0 57.78 0.8511604345701675 3.0817000000000014
238.25000000000003 0.0 3.0 2.0 5.0 2.0 0.0 0.0 2.0 3.0 2.0 70.67 0.7186387271952 2.2101999999999995
289.37500000000006 0.5882352941176471 3.0 1.0 4.0 1.0 2.0 1.0 0.0 1.0 3.0 47.56 0.8704423528187062 2.8393000000000006
389.88700000000017 0.42105263157894735 5.0 1.0 7.0 1.0 1.0 1.0 1.0 2.0 4.0 70.47 0.8640594939627891 1.7280200000000003
325.45200000000006 0.42857142857142855 3.0 2.0 3.0 2.0 1.0 1.0 0.0 2.0 5.0 43.7 0.8793321565506861 3.7688000000000033
230.31500000000003 0.38461538461538464 4.0 1.0 4.0 1.0 0.0 0.0 2.0 2.0 3.0 42.74 0.8810774743523575 2.645200000000001
332.407 0.15 4.0 1.0 5.0 1.0 0.0 0.0 1.0 3.0 5.0 58.120000000000005 0.7764245359041958 3.5269200000000014
272.352 0.5333333333333333 4.0 1.0 5.0 1.0 1.0 0.0 2.0 2.0 2.0 59.290000000000006 0.9129407916346752 2.40864
354.4350000000001 0.2777777777777778 5.0 0.0 6.0 0.0 1.0 1.0 2.0 3.0 2.0 57.919999999999995 0.7104359876581062 2.501640000000001
279.343 0.17647058823529413 3.0 1.0 4.0 1.0 0.0 0.0 1.0 3.0 4.0 46.92 0.7970377619444021 2.4322
233.27099999999996 0.4166666666666667 3.0 1.0 5.0 1.0 1.0 1.0 1.0 1.0 3.0 62.300000000000004 0.8451118515128829 0.95092
339.46400000000017 0.3684210526315789 4.0 0.0 4.0 0.0 1.0 1.0 2.0 3.0 3.0 38.13 0.7226102074619907 4.023300000000003
367.4490000000002 0.5714285714285714 6.0 0.0 6.0 0.0 5.0 5.0 1.0 2.0 3.0 50.970000000000006 0.8315267342408262 2.7739200000000013
322.416 0.5 5.0 1.0 6.0 1.0 2.0 1.0 3.0 3.0 3.0 62.11 0.8049832920156332 3.015900000000001
362.368 0.10526315789473684 7.0 1.0 7.0 1.0 0.0 0.0 3.0 4.0 6.0 89.62 0.5621957955588741 3.3823000000000016
322.4080000000001 0.35 4.0 0.0 4.0 0.0 1.0 1.0 0.0 2.0 5.0 45.49 0.8434129210515648 3.610280000000003
252.31699999999998 0.25 2.0 1.0 3.0 1.0 1.0 0.0 1.0 2.0 4.0 41.99 0.9082196362134295 2.5432000000000006
219.28799999999998 0.5 3.0 1.0 4.0 1.0 0.0 0.0 1.0 1.0 4.0 46.92 0.7584196498272451 0.7189399999999999
450.58200000000016 0.47619047619047616 6.0 0.0 7.0 0.0 2.0 2.0 1.0 2.0 5.0 76.15 0.7002167774561974 2.7509000000000015
346.42700000000013 0.5789473684210527 4.0 0.0 6.0 0.0 2.0 2.0 0.0 1.0 3.0 59.080000000000005 0.838026031609277 1.847
404.50700000000023 0.6363636363636364 5.0 0.0 7.0 0.0 2.0 2.0 0.0 1.0 3.0 68.31 0.7736892129490461 3.2356000000000025
311.37000000000006 0.2 6.0 1.0 6.0 1.0 1.0 0.0 3.0 3.0 2.0 72.7 0.7878842890717661 2.2895000000000003
268.32 0.2 5.0 1.0 5.0 1.0 0.0 0.0 2.0 3.0 4.0 51.97 0.7898798387875203 2.5890000000000004
321.38000000000005 0.2631578947368421 2.0 1.0 5.0 1.0 2.0 2.0 0.0 2.0 2.0 52.650000000000006 0.9233784579840381 2.4147000000000007
248.35499999999996 0.5833333333333334 5.0 0.0 4.0 0.0 1.0 1.0 1.0 1.0 1.0 52.81 0.7595753298803261 1.90842
433.5560000000001 0.32 5.0 1.0 7.0 1.0 0.0 0.0 1.0 3.0 10.0 70.47 0.5320693891352662 3.396200000000001
334.50400000000013 0.9 2.0 0.0 4.0 0.0 3.0 2.0 0.0 0.0 2.0 40.620000000000005 0.7257971822571231 3.450700000000002
357.45000000000005 0.42857142857142855 5.0 2.0 5.0 2.0 1.0 1.0 0.0 2.0 8.0 62.16000000000001 0.710519061154071 2.38032
438.5820000000002 0.38095238095238093 8.0 1.0 7.0 1.0 2.0 2.0 4.0 4.0 4.0 70.17 0.5256182707625149 3.5378000000000016
221.239 0.3 5.0 1.0 5.0 2.0 0.0 0.0 1.0 2.0 2.0 69.62 0.7825103312592048 1.6422999999999999
326.444 0.47368421052631576 4.0 0.0 5.0 0.0 1.0 1.0 1.0 2.0 3.0 41.370000000000005 0.8698625459947387 2.4481400000000004
333.7750000000001 0.0 4.0 1.0 4.0 1.0 0.0 0.0 2.0 3.0 3.0 54.88 0.7792001216959203 4.249900000000002
244.273 0.23076923076923078 3.0 1.0 4.0 1.0 0.0 0.0 2.0 3.0 1.0 46.5 0.7150425774204386 2.7193400000000008
340.4270000000002 0.47368421052631576 6.0 0.0 6.0 0.0 2.0 2.0 1.0 2.0 4.0 50.72000000000001 0.8509394015254651 2.2622
244.342 0.42857142857142855 4.0 1.0 4.0 1.0 0.0 0.0 1.0 2.0 4.0 42.74 0.8983001687640072 2.5132200000000005
271.324 0.35714285714285715 6.0 1.0 6.0 1.0 0.0 0.0 3.0 3.0 5.0 68.25 0.7721272374388103 2.59032
468.9450000000003 0.2608695652173913 8.0 3.0 9.0 3.0 1.0 1.0 1.0 3.0 7.0 100.64 0.4808226398717622 3.8220000000000027
262.35299999999995 0.5333333333333333 3.0 1.0 4.0 1.0 1.0 1.0 0.0 1.0 4.0 41.57 0.9068379657196494 2.751500000000001
337.713 0.13333333333333333 4.0 1.0 5.0 1.0 0.0 0.0 2.0 3.0 4.0 67.87 0.732931093803827 3.9059000000000017
414.39500000000015 0.3157894736842105 8.0 0.0 8.0 0.0 1.0 1.0 4.0 4.0 3.0 77.03 0.5127521864434631 3.1241200000000013
345.2000000000001 0.26666666666666666 4.0 0.0 5.0 0.0 1.0 0.0 1.0 2.0 4.0 61.92 0.8008277832493111 2.7629800000000007
293.37 0.16666666666666666 4.0 1.0 4.0 1.0 0.0 0.0 1.0 3.0 4.0 41.290000000000006 0.8015868686420783 3.370000000000002
383.4480000000001 0.2857142857142857 5.0 3.0 7.0 3.0 0.0 0.0 0.0 2.0 5.0 100.51 0.5372157443625654 3.9630700000000028
308.38100000000003 0.3157894736842105 4.0 0.0 4.0 0.0 1.0 1.0 0.0 2.0 4.0 45.49000000000001 0.8710892731797035 2.8380800000000015
239.27499999999992 0.7272727272727273 5.0 0.0 6.0 0.0 1.0 1.0 1.0 1.0 3.0 68.46000000000001 0.7912935911901705 1.15942
295.367 0.0625 4.0 1.0 4.0 1.0 0.0 0.0 2.0 3.0 3.0 54.88 0.7999984929197768 3.7658200000000024
338.4960000000001 0.8888888888888888 3.0 0.0 6.0 0.0 2.0 2.0 0.0 0.0 4.0 47.10000000000001 0.7839708158905776 1.7128000000000008
286.379 0.5 5.0 0.0 5.0 0.0 1.0 1.0 1.0 2.0 5.0 43.18000000000001 0.8410028821684319 1.8405200000000002
245.36999999999992 0.7333333333333333 3.0 0.0 3.0 0.0 2.0 1.0 1.0 1.0 2.0 29.020000000000003 0.8019489557179165 2.907020000000001
229.32699999999997 0.5 2.0 1.0 3.0 1.0 1.0 1.0 1.0 2.0 1.0 31.92 0.8149736912875842 2.6805200000000005
401.8460000000001 0.2857142857142857 6.0 3.0 6.0 3.0 1.0 1.0 1.0 3.0 3.0 94.14 0.6230354180909351 3.304600000000002
381.46100000000007 0.3157894736842105 7.0 1.0 7.0 1.0 1.0 1.0 3.0 4.0 4.0 79.95 0.5867789072019213 3.278200000000002
395.48800000000017 0.35 7.0 1.0 7.0 1.0 1.0 1.0 3.0 4.0 4.0 79.94999999999999 0.5678629621608233 3.8392000000000026
376.4600000000002 0.36363636363636365 4.0 1.0 6.0 1.0 2.0 2.0 1.0 3.0 3.0 61.34 0.7642355959482074 2.5558000000000005
326.78700000000003 0.11764705882352941 4.0 0.0 5.0 0.0 0.0 0.0 2.0 3.0 4.0 51.02 0.7395313520268929 3.1929000000000007
294.339 0.06666666666666667 6.0 0.0 5.0 0.0 0.0 0.0 2.0 3.0 4.0 71.69 0.7391888568360984 3.0507800000000014
237.30599999999998 0.13333333333333333 3.0 1.0 3.0 2.0 0.0 0.0 1.0 3.0 3.0 43.839999999999996 0.7117435452869126 2.861200000000001
298.39000000000004 0.4117647058823529 5.0 0.0 5.0 0.0 1.0 1.0 1.0 2.0 4.0 41.49 0.8645396346286104 2.1094999999999997
200.26299999999998 0.5 4.0 1.0 4.0 1.0 0.0 0.0 1.0 1.0 3.0 51.22 0.7510505841856256 1.44124
359.42900000000014 0.2727272727272727 5.0 0.0 5.0 0.0 1.0 1.0 2.0 4.0 4.0 55.300000000000004 0.5247170433308765 4.780720000000004
268.36400000000003 0.5 3.0 1.0 4.0 1.0 1.0 1.0 1.0 2.0 3.0 55.71 0.9308793377494574 2.879880000000001
356.8090000000001 0.2631578947368421 4.0 1.0 5.0 1.0 1.0 1.0 1.0 3.0 4.0 66.57 0.7595634115253516 4.1689000000000025
266.3479999999999 0.5 3.0 1.0 4.0 1.0 2.0 1.0 1.0 2.0 2.0 55.71 0.9089757405890978 2.7763800000000005
320.42 0.0 6.0 1.0 4.0 1.0 0.0 0.0 3.0 3.0 4.0 63.08 0.7824012308777801 4.196700000000002
340.33000000000004 0.21428571428571427 6.0 1.0 5.0 1.0 0.0 0.0 2.0 3.0 5.0 63.84 0.5623051855533729 3.8408000000000015
331.15300000000013 0.4166666666666667 2.0 1.0 3.0 1.0 1.0 1.0 0.0 1.0 3.0 40.540000000000006 0.8481795753065111 1.2843999999999998
314.776 0.3125 5.0 1.0 5.0 1.0 1.0 0.0 2.0 3.0 3.0 63.84 0.7915988504088568 3.9892400000000023
227.267 0.23076923076923078 4.0 0.0 4.0 0.0 0.0 0.0 2.0 3.0 2.0 43.85 0.6757413085599568 2.8843200000000015
266.29999999999995 0.125 3.0 1.0 4.0 1.0 0.0 0.0 2.0 3.0 3.0 54.98 0.7390218475732818 3.406600000000002
311.38900000000007 0.4117647058823529 5.0 1.0 6.0 1.0 1.0 1.0 2.0 3.0 4.0 58.970000000000006 0.804557361844662 2.6606000000000005
242.32600000000002 0.35714285714285715 4.0 1.0 4.0 1.0 0.0 0.0 2.0 2.0 3.0 50.7 0.8987380710641292 2.7173800000000012
428.5400000000001 0.4 5.0 1.0 7.0 1.0 2.0 1.0 1.0 3.0 7.0 87.13 0.5867441988589208 4.777400000000004
301.4000000000001 0.15384615384615385 7.0 1.0 5.0 2.0 0.0 0.0 3.0 3.0 3.0 80.52000000000001 0.8062589285819292 2.8787000000000003
439.54000000000013 0.07692307692307693 4.0 1.0 5.0 1.0 0.0 0.0 2.0 5.0 5.0 67.87 0.38112694400119873 5.704900000000005
416.31900000000024 0.3 2.0 1.0 5.0 1.0 1.0 1.0 0.0 2.0 4.0 52.650000000000006 0.8060396961601324 4.349000000000003
218.23099999999997 0.08333333333333333 3.0 1.0 3.0 2.0 0.0 0.0 1.0 2.0 2.0 48.14 0.8418921873013232 2.4784999999999995
232.30800000000005 0.16666666666666666 3.0 1.0 3.0 1.0 0.0 0.0 2.0 2.0 3.0 41.99 0.8824427947003282 2.38152
422.5580000000001 0.36363636363636365 7.0 2.0 7.0 2.0 1.0 1.0 3.0 3.0 6.0 83.04 0.6219875016399038 4.111640000000002
411.9080000000001 0.30434782608695654 2.0 1.0 4.0 1.0 1.0 1.0 1.0 3.0 5.0 48.99 0.6262251377936745 5.208000000000004
294.398 0.2631578947368421 2.0 2.0 3.0 2.0 0.0 0.0 1.0 3.0 7.0 37.05 0.6484807950975604 3.898900000000002
298.42699999999996 0.9375 3.0 0.0 5.0 0.0 2.0 2.0 0.0 0.0 4.0 42.010000000000005 0.8005858064268144 2.4967000000000006
384.4260000000001 0.2727272727272727 2.0 1.0 4.0 1.0 1.0 1.0 0.0 2.0 5.0 49.410000000000004 0.8020828945191151 3.533000000000002
267.328 0.17647058823529413 3.0 1.0 3.0 1.0 1.0 1.0 0.0 2.0 5.0 30.49 0.843731088081699 3.218300000000001
255.32099999999997 0.3333333333333333 4.0 1.0 4.0 1.0 1.0 1.0 1.0 2.0 2.0 49.25000000000001 0.8919423778528868 2.04892
208.2609999999999 0.6363636363636364 3.0 1.0 4.0 1.0 1.0 0.0 1.0 1.0 2.0 55.120000000000005 0.809887088096163 2.1660000000000004
337.4230000000002 0.55 4.0 1.0 5.0 1.0 4.0 0.0 1.0 2.0 4.0 64.11 0.931022288212717 3.0936000000000012
294.379 0.058823529411764705 3.0 1.0 3.0 1.0 0.0 0.0 2.0 3.0 4.0 41.99 0.7961596337220294 3.7401000000000026
301.14 0.45454545454545453 3.0 1.0 5.0 1.0 1.0 1.0 1.0 1.0 1.0 62.550000000000004 0.8484165912230406 1.23094
375.51599999999996 0.2916666666666667 4.0 0.0 4.0 0.0 0.0 0.0 1.0 3.0 9.0 28.6 0.5568275352732289 4.321000000000004
296.3740000000001 0.47058823529411764 4.0 1.0 5.0 1.0 2.0 1.0 1.0 2.0 4.0 59.81 0.9336820038027809 1.6854999999999998
284.35900000000004 0.4117647058823529 3.0 1.0 4.0 1.0 1.0 0.0 1.0 2.0 3.0 55.13 0.8722706650431594 3.7942000000000027
262.334 0.3076923076923077 5.0 1.0 4.0 1.0 1.0 1.0 1.0 2.0 4.0 43.38000000000001 0.9189341412245762 2.4700200000000008
247.32300000000004 0.25 4.0 1.0 4.0 1.0 0.0 0.0 2.0 2.0 3.0 54.88 0.8994816873458324 1.80202
319.32400000000007 0.058823529411764705 7.0 0.0 7.0 0.0 0.0 0.0 3.0 4.0 4.0 74.95 0.5740736462563664 3.342900000000001
260.36199999999997 0.2857142857142857 3.0 1.0 3.0 1.0 0.0 0.0 1.0 2.0 2.0 41.99 0.8943202401761697 3.693760000000003
215.26000000000002 0.18181818181818182 5.0 1.0 5.0 2.0 0.0 0.0 2.0 2.0 3.0 67.93 0.8296586435013397 1.0902000000000003
202.25699999999995 0.3333333333333333 2.0 0.0 3.0 0.0 0.0 0.0 0.0 1.0 4.0 44.1 0.7439842235407488 1.60118
215.281 0.09090909090909091 4.0 1.0 3.0 1.0 0.0 0.0 1.0 2.0 2.0 48.71 0.8370865914451047 3.0668000000000006
255.28100000000003 0.23076923076923078 6.0 1.0 6.0 1.0 0.0 0.0 2.0 3.0 4.0 76.73 0.7677172502305042 1.9758199999999997
404.5100000000002 0.36 4.0 1.0 5.0 1.0 1.0 1.0 1.0 3.0 6.0 62.550000000000004 0.6197453347559639 4.374220000000004
246.35399999999998 0.6 2.0 0.0 3.0 0.0 1.0 1.0 1.0 1.0 3.0 33.2 0.8212943369644837 2.8961200000000016
249.30999999999997 0.15384615384615385 2.0 1.0 2.0 1.0 0.0 0.0 1.0 2.0 4.0 29.1 0.8865792537336703 2.746100000000001
289.697 0.0 3.0 1.0 4.0 1.0 0.0 0.0 1.0 3.0 2.0 46.92 0.787255622057444 3.2127000000000017
305.38500000000005 0.2777777777777778 5.0 0.0 5.0 0.0 1.0 1.0 2.0 3.0 4.0 46.84 0.742757074827627 2.4785000000000004
309.41300000000007 0.3684210526315789 3.0 1.0 4.0 1.0 1.0 1.0 1.0 2.0 4.0 45.230000000000004 0.9417457476532366 3.354320000000002
379.4160000000002 0.23809523809523808 4.0 3.0 7.0 3.0 1.0 1.0 1.0 3.0 6.0 92.45000000000002 0.5739380726398309 2.489
490.9430000000002 0.14814814814814814 5.0 2.0 7.0 2.0 0.0 0.0 1.0 4.0 7.0 101.66000000000001 0.29168104504528225 6.907220000000004
212.252 0.23076923076923078 2.0 1.0 3.0 1.0 1.0 0.0 1.0 2.0 2.0 41.99 0.828120907019041 2.127
323.39600000000013 0.2631578947368421 5.0 1.0 5.0 1.0 0.0 0.0 1.0 3.0 7.0 60.17 0.7261742942344478 2.793300000000001
222.28799999999995 0.8333333333333334 4.0 0.0 4.0 0.0 2.0 0.0 1.0 1.0 4.0 48.150000000000006 0.7855532375697784 2.7963000000000013
388.2650000000001 0.3333333333333333 3.0 1.0 5.0 1.0 1.0 1.0 2.0 3.0 2.0 62.13 0.7289803506389373 3.6626400000000023
404.45200000000017 0.29411764705882354 8.0 2.0 10.0 2.0 0.0 0.0 2.0 3.0 5.0 127.58 0.6678788995810924 2.34804
216.288 0.5 4.0 1.0 4.0 1.0 1.0 1.0 2.0 2.0 1.0 42.74 0.783948423593535 1.4353000000000002
279.40899999999993 0.7142857142857143 4.0 1.0 4.0 1.0 2.0 1.0 1.0 1.0 4.0 45.230000000000004 0.915928780996445 1.9421199999999996
378.43200000000013 0.2857142857142857 6.0 0.0 7.0 0.0 1.0 1.0 1.0 3.0 5.0 69.36 0.6804277349130367 1.9406399999999997
325.43699999999995 0.2222222222222222 5.0 0.0 4.0 0.0 0.0 0.0 2.0 3.0 6.0 38.25 0.6867467706997488 3.9879000000000033
441.53100000000023 0.2962962962962963 5.0 0.0 6.0 0.0 1.0 1.0 2.0 4.0 7.0 68.46000000000001 0.39996926590515114 5.081700000000004
379.52900000000005 0.36363636363636365 3.0 2.0 4.0 2.0 1.0 0.0 1.0 3.0 5.0 57.78 0.4665791068464308 5.307800000000004
552.7240000000003 0.6206896551724138 10.0 3.0 11.0 4.0 3.0 3.0 1.0 2.0 9.0 121.10999999999999 0.4281496579360725 2.6972000000000014
347.4400000000001 0.47058823529411764 5.0 1.0 6.0 1.0 1.0 1.0 2.0 2.0 3.0 75.44 0.9261429132508476 2.6959600000000012
274.393 0.5 5.0 1.0 4.0 1.0 1.0 1.0 2.0 2.0 3.0 50.7 0.9337873033639944 2.4506200000000007
274.327 0.11764705882352941 4.0 0.0 4.0 0.0 0.0 0.0 1.0 3.0 3.0 52.81 0.7359487285631242 3.137880000000002
210.23600000000002 0.07692307692307693 3.0 1.0 3.0 1.0 0.0 0.0 1.0 2.0 1.0 56.910000000000004 0.7866744390554385 2.6343000000000005
225.251 0.07692307692307693 3.0 1.0 4.0 1.0 0.0 0.0 3.0 3.0 2.0 50.800000000000004 0.7289770901063997 2.6334999999999997
202.213 0.09090909090909091 3.0 1.0 4.0 1.0 0.0 0.0 1.0 2.0 1.0 54.86 0.6963335639235303 0.83422
284.38800000000003 0.2 5.0 1.0 4.0 1.0 0.0 0.0 2.0 3.0 4.0 42.74 0.7963149223647926 3.5577400000000017
282.391 0.4117647058823529 4.0 1.0 4.0 1.0 1.0 1.0 2.0 2.0 4.0 41.05 0.9359502980180651 2.8615200000000014
213.28400000000002 0.3076923076923077 3.0 0.0 3.0 0.0 1.0 1.0 1.0 2.0 2.0 21.060000000000002 0.7593851297011196 1.8989
360.50800000000004 0.4117647058823529 7.0 0.0 5.0 0.0 1.0 1.0 3.0 3.0 4.0 41.49000000000001 0.7138843258203476 3.3180000000000014
495.56100000000026 0.2916666666666667 8.0 1.0 10.0 1.0 1.0 1.0 2.0 4.0 6.0 115.65 0.4357716303065281 2.1525999999999987
288.34999999999997 0.05263157894736842 2.0 1.0 3.0 1.0 0.0 0.0 1.0 3.0 4.0 41.99 0.7901671042336937 3.9247000000000023
228.29199999999994 0.8181818181818182 2.0 1.0 5.0 1.0 1.0 1.0 0.0 0.0 3.0 60.85000000000001 0.7903206445499037 1.2448
328.391 0.3333333333333333 4.0 1.0 5.0 1.0 0.0 0.0 2.0 3.0 6.0 57.95 0.7439483452138493 3.9592000000000027
273.317 0.15384615384615385 6.0 0.0 5.0 0.0 0.0 0.0 3.0 3.0 4.0 61.040000000000006 0.7306782499269038 3.0805200000000017
251.29300000000003 0.21428571428571427 4.0 1.0 5.0 1.0 1.0 1.0 2.0 3.0 2.0 57.7 0.7560486951962695 1.9566999999999997
254.293 0.21428571428571427 4.0 1.0 5.0 1.0 0.0 0.0 1.0 2.0 2.0 70.71000000000001 0.8922735252591664 2.16092
333.4390000000002 0.4 5.0 1.0 5.0 1.0 1.0 0.0 2.0 3.0 4.0 56.36 0.7964012298236648 3.2114800000000017
416.4770000000002 0.32 5.0 1.0 6.0 1.0 2.0 2.0 1.0 3.0 1.0 79.73 0.643231232792334 4.197440000000004
365.4730000000002 0.43478260869565216 3.0 1.0 4.0 1.0 2.0 1.0 0.0 2.0 6.0 47.56 0.8422573636236033 3.980100000000003
268.313 0.25 4.0 0.0 4.0 0.0 0.0 0.0 1.0 2.0 4.0 51.96 0.851237870815672 1.9461000000000002
310.35300000000007 0.3333333333333333 4.0 0.0 5.0 0.0 2.0 2.0 0.0 2.0 3.0 49.85000000000001 0.8108445665341908 1.7679999999999998
280.37100000000004 0.4444444444444444 2.0 1.0 3.0 1.0 2.0 0.0 1.0 2.0 3.0 41.99 0.9291927746891263 3.784600000000003
281.157 0.2727272727272727 4.0 1.0 4.0 1.0 0.0 0.0 2.0 2.0 4.0 42.74 0.9341542645825265 2.2321999999999997
399.4690000000001 0.28 4.0 0.0 4.0 0.0 2.0 2.0 1.0 3.0 3.0 49.03 0.6649652212802895 4.145380000000003
370.40900000000016 0.3684210526315789 6.0 0.0 8.0 0.0 1.0 1.0 1.0 2.0 4.0 84.62 0.7338517442475081 -0.38889999999999914
293.32599999999996 0.11764705882352941 4.0 1.0 5.0 1.0 0.0 0.0 1.0 3.0 4.0 68.02000000000001 0.8015814983520106 3.2262200000000014
352.45300000000015 0.36363636363636365 3.0 1.0 3.0 1.0 1.0 1.0 1.0 3.0 3.0 28.4 0.768359603462355 4.109420000000004
217.27600000000004 0.36363636363636365 5.0 0.0 5.0 0.0 0.0 0.0 1.0 2.0 4.0 46.84 0.7695681489500191 1.1179199999999996
207.27699999999996 0.45454545454545453 3.0 1.0 4.0 1.0 0.0 0.0 1.0 1.0 4.0 45.230000000000004 0.8058596638357804 1.1737999999999997
318.46500000000015 0.7777777777777778 4.0 1.0 5.0 1.0 2.0 1.0 1.0 1.0 3.0 50.160000000000004 0.931792244365501 3.021740000000001
254.33699999999993 0.4666666666666667 4.0 0.0 4.0 0.0 2.0 2.0 1.0 2.0 2.0 33.95 0.8189841691268567 1.7826
354.41300000000007 0.13636363636363635 4.0 1.0 5.0 1.0 1.0 1.0 1.0 4.0 3.0 59.81 0.6129647134476709 3.4491000000000023
348.4060000000001 0.25 5.0 1.0 6.0 1.0 1.0 1.0 2.0 3.0 4.0 69.04 0.7870774955896508 2.749040000000001
261.32099999999997 0.5333333333333333 3.0 1.0 4.0 1.0 2.0 1.0 0.0 1.0 4.0 47.56 0.9040621000225321 2.2641999999999998
378.3980000000001 0.3684210526315789 4.0 1.0 5.0 1.0 1.0 1.0 1.0 2.0 4.0 48.470000000000006 0.8874220664505166 3.2512000000000016
443.311 0.11764705882352941 7.0 2.0 8.0 2.0 0.0 0.0 2.0 3.0 5.0 97.62 0.35658914228699357 3.386700000000001
325.363 0.5333333333333333 6.0 1.0 6.0 1.0 0.0 0.0 2.0 2.0 8.0 64.86 0.7557822522855855 3.0544200000000012
292.74100000000004 0.2 2.0 1.0 3.0 1.0 0.0 0.0 1.0 2.0 2.0 41.99 0.9070190100389153 4.051660000000003
314.37 0.2 6.0 1.0 6.0 1.0 0.0 0.0 2.0 3.0 4.0 77.0 0.8009483867638539 2.909600000000001
422.52900000000017 0.4166666666666667 5.0 2.0 7.0 3.0 2.0 2.0 0.0 2.0 6.0 87.9 0.7432462713823178 1.9711999999999996
400.5520000000002 0.6 7.0 1.0 7.0 1.0 2.0 2.0 2.0 2.0 6.0 74.25 0.8033710120398664 3.0409000000000015
279.34700000000004 0.1875 5.0 1.0 5.0 1.0 0.0 0.0 2.0 3.0 3.0 55.63 0.7986523359194542 3.3311600000000006
210.27699999999996 0.8181818181818182 2.0 0.0 4.0 0.0 2.0 2.0 0.0 0.0 2.0 40.620000000000005 0.6268892232259745 0.6212999999999997
290.29800000000006 0.35714285714285715 4.0 1.0 6.0 1.0 1.0 1.0 2.0 2.0 1.0 66.71000000000001 0.8490561250661368 0.9212000000000002
292.7260000000001 0.3076923076923077 4.0 1.0 6.0 1.0 1.0 1.0 2.0 2.0 0.0 66.71000000000001 0.7889772091296385 1.0453999999999997
384.86300000000017 0.2857142857142857 3.0 1.0 5.0 1.0 1.0 1.0 1.0 3.0 4.0 54.56 0.7401781363494698 3.965900000000003
355.4860000000003 0.6 5.0 1.0 6.0 1.0 1.0 0.0 2.0 2.0 4.0 72.7 0.8544261544509991 3.2774800000000024
369.40600000000006 0.11764705882352941 8.0 1.0 8.0 1.0 0.0 0.0 3.0 4.0 5.0 102.39 0.576063747288969 2.3999000000000006
288.332 0.23076923076923078 6.0 1.0 6.0 1.0 0.0 0.0 3.0 3.0 2.0 80.91000000000001 0.7838274540607933 2.856860000000001
317.3960000000001 0.21052631578947367 5.0 0.0 5.0 0.0 0.0 0.0 3.0 4.0 3.0 48.53 0.5809075538264701 3.496940000000002
271.364 0.5 4.0 0.0 4.0 0.0 1.0 1.0 1.0 2.0 4.0 42.160000000000004 0.8572473916441677 2.8001200000000015
395.48400000000015 0.23809523809523808 4.0 1.0 6.0 1.0 1.0 1.0 1.0 3.0 2.0 61.88000000000001 0.6875684956882306 4.639900000000004
445.5270000000002 0.2916666666666667 8.0 2.0 9.0 2.0 2.0 2.0 1.0 3.0 4.0 85.86000000000001 0.6327430968479562 3.3142000000000014
220.32 0.6666666666666666 4.0 1.0 4.0 1.0 1.0 1.0 1.0 1.0 2.0 41.050000000000004 0.8158293848994298 1.31802
338.4070000000001 0.3 3.0 1.0 5.0 2.0 1.0 1.0 0.0 2.0 4.0 72.63000000000001 0.9256358830425859 3.594000000000003
233.31099999999995 0.5 2.0 0.0 3.0 0.0 1.0 1.0 0.0 1.0 5.0 29.54 0.7311163172101132 2.468000000000001
246.354 0.5333333333333333 2.0 1.0 3.0 1.0 1.0 1.0 0.0 1.0 2.0 32.34 0.8657280223087295 2.0315
320.392 0.25 3.0 1.0 4.0 1.0 1.0 1.0 1.0 3.0 2.0 45.47 0.7877043750762477 3.2402200000000017
341.374 0.1 5.0 1.0 6.0 1.0 1.0 0.0 2.0 4.0 3.0 72.7 0.6211271821301982 3.166400000000001
302.443 0.4117647058823529 3.0 1.0 3.0 1.0 0.0 0.0 1.0 2.0 6.0 41.99 0.8810286051868221 3.8233200000000034
321.355 0.15789473684210525 3.0 1.0 4.0 1.0 1.0 0.0 1.0 3.0 4.0 46.92 0.7847837330364869 4.1411000000000024
300.83599999999996 0.3333333333333333 4.0 1.0 3.0 1.0 0.0 0.0 2.0 2.0 2.0 41.99 0.9087423943514317 4.053300000000002
413.53300000000024 0.48 3.0 1.0 4.0 1.0 1.0 1.0 0.0 2.0 7.0 47.56 0.6832388515025715 5.145400000000005
377.358 0.10526315789473684 7.0 0.0 7.0 0.0 0.0 0.0 4.0 5.0 3.0 73.79 0.48270131804589156 3.2131000000000016
447.54300000000035 0.4583333333333333 9.0 2.0 9.0 2.0 2.0 1.0 3.0 3.0 5.0 105.03999999999999 0.5754108874418277 2.965820000000001
305.38100000000003 0.15789473684210525 3.0 1.0 4.0 1.0 0.0 0.0 1.0 3.0 3.0 46.92 0.7932366508233505 4.0498600000000025
276.33599999999996 0.4666666666666667 3.0 1.0 5.0 1.0 1.0 1.0 0.0 1.0 4.0 58.64 0.9151469103909319 2.0362999999999998
398.4000000000001 0.0 7.0 3.0 9.0 3.0 0.0 0.0 1.0 3.0 6.0 141.31 0.5405882217196541 3.7016000000000013
270.33600000000007 0.3333333333333333 3.0 1.0 5.0 1.0 1.0 1.0 1.0 2.0 4.0 50.160000000000004 0.9211575563080523 1.8301
261.256 0.15384615384615385 4.0 1.0 5.0 1.0 0.0 0.0 1.0 2.0 3.0 64.11 0.9193715873733478 2.1850199999999997
323.40000000000003 0.3888888888888889 6.0 0.0 6.0 0.0 1.0 1.0 2.0 3.0 4.0 57.760000000000005 0.7405747386574187 2.926640000000001
367.4780000000001 0.2631578947368421 7.0 0.0 6.0 0.0 0.0 0.0 3.0 4.0 4.0 47.99 0.5572425152187434 2.852800000000001
365.397 0.2222222222222222 8.0 3.0 9.0 4.0 0.0 0.0 2.0 3.0 8.0 134.76 0.5171794586160352 2.2181799999999994
248.32999999999998 0.7692307692307693 4.0 1.0 5.0 1.0 2.0 1.0 1.0 1.0 4.0 59.81 0.8763272360023279 1.4207999999999996
354.8410000000001 0.3157894736842105 5.0 0.0 5.0 0.0 1.0 0.0 2.0 3.0 6.0 52.830000000000005 0.6766245077801857 3.719800000000002
303.38300000000015 0.3125 4.0 1.0 4.0 1.0 1.0 1.0 1.0 2.0 3.0 47.56 0.9472895029221219 3.147820000000002
296.378 0.3125 6.0 1.0 6.0 1.0 0.0 0.0 2.0 3.0 5.0 58.870000000000005 0.7833668228732185 2.4315000000000007
270.296 0.23076923076923078 7.0 1.0 7.0 1.0 0.0 0.0 3.0 3.0 4.0 77.75 0.7713492821622745 1.3789999999999998
203.19699999999995 0.18181818181818182 3.0 1.0 4.0 1.0 1.0 1.0 0.0 1.0 2.0 47.56 0.7223325539861459 0.7783
242.326 0.35714285714285715 4.0 1.0 4.0 1.0 0.0 0.0 2.0 2.0 3.0 50.7 0.8987985325769386 2.781200000000001
347.41800000000006 0.19047619047619047 3.0 2.0 5.0 2.0 0.0 0.0 1.0 3.0 6.0 71.09 0.6730055876974139 3.157800000000001
398.41900000000004 0.2 6.0 3.0 9.0 4.0 0.0 0.0 0.0 2.0 7.0 134.81 0.2775033714829599 1.3850699999999991
328.44100000000003 0.29411764705882354 5.0 1.0 5.0 1.0 0.0 0.0 2.0 3.0 4.0 50.160000000000004 0.8009718449638605 2.9392200000000015
424.4670000000003 0.6666666666666666 4.0 1.0 6.0 1.0 3.0 3.0 1.0 1.0 2.0 65.54 0.7922074460908435 2.434100000000001
316.361 0.4375 6.0 1.0 7.0 1.0 1.0 1.0 2.0 2.0 5.0 78.27000000000001 0.9108917349696625 1.8727999999999998
292.3830000000001 0.6666666666666666 4.0 2.0 6.0 2.0 1.0 0.0 1.0 1.0 3.0 76.02000000000001 0.8792264871583209 1.2197999999999989
288.3280000000001 0.14285714285714285 6.0 0.0 5.0 0.0 0.0 0.0 2.0 3.0 4.0 57.38000000000001 0.7353871412460959 3.4719000000000024
244.298 0.3076923076923077 5.0 1.0 5.0 1.0 0.0 0.0 2.0 2.0 4.0 59.93000000000001 0.8937196007048819 2.28742
319.3640000000001 0.21052631578947367 4.0 0.0 5.0 0.0 1.0 0.0 1.0 3.0 3.0 59.230000000000004 0.7439058629594516 3.148920000000002
370.4780000000001 0.42105263157894735 5.0 1.0 6.0 1.0 2.0 2.0 1.0 2.0 4.0 65.54 0.8974536949623947 2.3829000000000002
295.342 0.29411764705882354 4.0 1.0 5.0 1.0 2.0 2.0 1.0 2.0 2.0 54.46 0.921133426230783 2.0556
302.33000000000004 0.5 6.0 0.0 6.0 0.0 2.0 2.0 1.0 2.0 2.0 66.61000000000001 0.8491504413906189 2.5759000000000007
326.3750000000002 0.3888888888888889 4.0 0.0 5.0 0.0 1.0 0.0 1.0 2.0 4.0 61.92 0.8117323818918333 2.8758800000000013
322.3390000000001 0.15789473684210525 3.0 0.0 4.0 0.0 1.0 1.0 1.0 3.0 3.0 46.34 0.7321912184789753 3.9936000000000025
402.5020000000001 0.2608695652173913 7.0 2.0 7.0 3.0 0.0 0.0 2.0 4.0 8.0 90.88 0.4337113598038662 3.954640000000002
392.45900000000006 0.3181818181818182 4.0 0.0 7.0 0.0 2.0 2.0 0.0 2.0 4.0 64.17000000000002 0.7473415023284949 2.0414
230.271 0.4166666666666667 4.0 1.0 5.0 1.0 1.0 0.0 2.0 2.0 3.0 59.290000000000006 0.8608654594566683 1.17752
397.4600000000002 0.21052631578947367 6.0 1.0 8.0 1.0 1.0 1.0 1.0 3.0 5.0 97.19 0.7130409754415352 2.4097
404.4850000000002 0.28 3.0 1.0 4.0 1.0 1.0 1.0 1.0 3.0 6.0 51.22 0.6561022991319206 4.543400000000003
269.352 0.4666666666666667 5.0 0.0 5.0 0.0 1.0 1.0 2.0 2.0 3.0 54.800000000000004 0.8521956397283235 1.95462
309.4350000000001 0.6666666666666666 4.0 0.0 5.0 0.0 1.0 1.0 1.0 1.0 3.0 53.510000000000005 0.8565812259231981 1.8897999999999995
239.31499999999994 0.4166666666666667 2.0 0.0 2.0 0.0 1.0 1.0 0.0 1.0 3.0 20.310000000000002 0.7554598471590868 2.5402000000000005
333.3630000000001 0.47058823529411764 4.0 0.0 6.0 0.0 2.0 2.0 0.0 1.0 3.0 60.93000000000001 0.8182770437442433 0.7324999999999999
268.32 0.3333333333333333 4.0 0.0 5.0 0.0 1.0 1.0 2.0 2.0 2.0 58.980000000000004 0.8342348326052037 1.8914
318.37600000000003 0.1 4.0 1.0 4.0 2.0 0.0 0.0 1.0 3.0 4.0 65.21 0.5824366360965432 4.030120000000002
434.58800000000025 0.48 7.0 0.0 7.0 0.0 1.0 1.0 2.0 3.0 7.0 59.31 0.5574639268617465 4.122620000000003
275.283 0.21428571428571427 4.0 1.0 5.0 1.0 0.0 0.0 1.0 2.0 5.0 63.99 0.8751105336699397 0.7412999999999998
305.168 0.07142857142857142 4.0 0.0 4.0 0.0 0.0 0.0 2.0 3.0 2.0 43.6 0.7199033743614816 3.9445200000000025
314.38900000000007 0.125 5.0 2.0 4.0 1.0 0.0 0.0 1.0 3.0 4.0 42.74 0.7229472753230635 3.6156200000000016
364.48900000000015 0.4782608695652174 3.0 0.0 4.0 0.0 2.0 1.0 1.0 2.0 4.0 42.43 0.7927217715781357 4.653400000000004
388.5190000000003 0.43478260869565216 6.0 2.0 6.0 2.0 2.0 1.0 3.0 3.0 4.0 65.97 0.7077946798969683 3.8460000000000027
339.39900000000006 0.3888888888888889 5.0 1.0 7.0 1.0 2.0 2.0 1.0 2.0 2.0 70.59 0.9089819786870557 2.2979000000000003
347.455 0.3157894736842105 3.0 1.0 3.0 1.0 0.0 0.0 0.0 2.0 8.0 40.54 0.7431845860703826 3.5013000000000023
267.29999999999995 0.5 4.0 1.0 4.0 1.0 1.0 1.0 0.0 1.0 4.0 49.77 0.8261248059735589 0.9763999999999999
349.434 0.3333333333333333 4.0 1.0 5.0 1.0 1.0 1.0 1.0 3.0 4.0 58.370000000000005 0.7723537573113515 4.034400000000003
387.46500000000003 0.2222222222222222 6.0 3.0 8.0 3.0 1.0 1.0 0.0 2.0 5.0 102.89999999999999 0.7176271842885285 1.2996999999999992
355.4130000000001 0.35 4.0 1.0 5.0 1.0 1.0 1.0 1.0 3.0 4.0 50.26 0.7811040544845693 3.314400000000002
330.4320000000001 0.5555555555555556 4.0 1.0 6.0 1.0 1.0 1.0 1.0 2.0 5.0 61.34 0.909768214073511 1.8348999999999995
367.36100000000016 0.10526315789473684 5.0 2.0 8.0 3.0 1.0 1.0 0.0 2.0 6.0 110.96000000000001 0.5849466129964818 1.0207
302.805 0.29411764705882354 3.0 1.0 3.0 1.0 1.0 1.0 0.0 2.0 4.0 24.5 0.9373976717867775 3.3286000000000007
239.278 0.14285714285714285 4.0 1.0 4.0 1.0 0.0 0.0 1.0 2.0 4.0 57.94 0.8902167550589516 3.095580000000001
319.40800000000013 0.25 3.0 1.0 4.0 1.0 0.0 0.0 1.0 3.0 5.0 54.88 0.7801873526943579 3.6846000000000023
328.4410000000001 0.29411764705882354 5.0 1.0 5.0 1.0 0.0 0.0 2.0 3.0 5.0 51.85 0.5786608067526682 2.742320000000001
213.20000000000002 0.0 5.0 1.0 6.0 1.0 0.0 0.0 1.0 2.0 2.0 83.60000000000001 0.7883305030327484 0.5336799999999999
341.27500000000003 0.0 7.0 5.0 8.0 5.0 0.0 0.0 1.0 3.0 3.0 148.18 0.35860105911823925 1.9864000000000004
224.21599999999998 0.3 4.0 1.0 6.0 1.0 0.0 0.0 1.0 1.0 3.0 79.61000000000001 0.7595832792980218 -0.3653000000000006
356.40700000000004 0.23529411764705882 7.0 1.0 7.0 1.0 1.0 1.0 2.0 3.0 3.0 78.27000000000001 0.7805359518932729 2.957200000000001
245.32599999999996 0.42857142857142855 4.0 1.0 4.0 1.0 0.0 0.0 1.0 2.0 1.0 50.940000000000005 0.8398047029277019 3.022540000000001
448.37600000000003 0.34782608695652173 3.0 0.0 3.0 0.0 0.0 0.0 0.0 2.0 12.0 29.54 0.23092353309709895 5.876200000000005
258.708 0.07142857142857142 2.0 1.0 3.0 1.0 0.0 0.0 1.0 3.0 3.0 37.91 0.7760350096468775 3.795300000000002
357.4350000000001 0.3333333333333333 7.0 0.0 6.0 0.0 1.0 1.0 2.0 3.0 3.0 60.620000000000005 0.7100503861920805 3.822540000000002
232.28699999999998 0.4166666666666667 4.0 1.0 5.0 1.0 0.0 0.0 1.0 2.0 4.0 59.81 0.8125206195832615 1.4982
340.398 0.3 2.0 1.0 4.0 1.0 1.0 1.0 0.0 2.0 3.0 49.410000000000004 0.9270684447345591 3.6510000000000025
244.32300000000004 0.25 5.0 1.0 4.0 1.0 0.0 0.0 2.0 2.0 4.0 61.6 0.8965414851354621 2.3728000000000007
250.30500000000004 0.13333333333333333 4.0 1.0 4.0 1.0 0.0 0.0 2.0 3.0 4.0 50.7 0.7731049443724631 2.6794000000000002
404.0840000000001 0.06666666666666667 4.0 2.0 5.0 3.0 1.0 1.0 0.0 2.0 2.0 70.72 0.6892113921689279 5.044700000000001
251.28599999999997 0.5833333333333334 4.0 1.0 6.0 1.0 1.0 1.0 1.0 1.0 3.0 75.43 0.85962913034557 0.7469999999999997
450.34500000000014 0.3333333333333333 6.0 2.0 6.0 3.0 1.0 1.0 2.0 3.0 5.0 77.99 0.533055458733566 5.037700000000004
245.32599999999994 0.5 4.0 1.0 4.0 1.0 1.0 1.0 0.0 1.0 4.0 50.5 0.8467648820488481 0.6681799999999998
324.428 0.47368421052631576 3.0 1.0 5.0 1.0 2.0 1.0 1.0 2.0 4.0 50.160000000000004 0.8772685741773073 3.3148000000000017
291.355 0.6428571428571429 7.0 0.0 7.0 0.0 1.0 1.0 2.0 2.0 3.0 65.06 0.8156568881030478 0.2998000000000005
393.4470000000002 0.2 6.0 1.0 6.0 1.0 1.0 0.0 3.0 4.0 4.0 72.7 0.5557950049806339 4.454220000000003
254.337 0.4666666666666667 4.0 0.0 4.0 0.0 1.0 1.0 0.0 1.0 3.0 54.06 0.7686326984475718 1.58956
277.32700000000006 0.11764705882352941 3.0 1.0 4.0 1.0 0.0 0.0 2.0 3.0 2.0 54.88 0.7796390771335959 3.498940000000001
432.5050000000001 0.17391304347826086 7.0 1.0 7.0 1.0 0.0 0.0 3.0 5.0 5.0 81.91 0.45964883815247704 3.6499200000000016
322.41200000000003 0.3684210526315789 4.0 1.0 5.0 1.0 1.0 1.0 2.0 3.0 4.0 53.92 0.8031579043132712 2.6042000000000005
230.27100000000002 0.16666666666666666 4.0 2.0 5.0 3.0 0.0 0.0 1.0 2.0 4.0 72.94 0.8254827486643807 1.0940999999999996
280.37100000000004 0.3333333333333333 2.0 1.0 3.0 1.0 1.0 0.0 1.0 2.0 3.0 41.99 0.9304717892481248 3.729420000000002
343.898 0.42857142857142855 2.0 0.0 2.0 0.0 1.0 1.0 0.0 2.0 6.0 12.47 0.7227145221154115 5.104400000000005
348.4020000000001 0.14285714285714285 5.0 1.0 5.0 2.0 0.0 0.0 1.0 3.0 5.0 74.44 0.556281650798326 4.038720000000002
236.27400000000003 0.06666666666666667 2.0 1.0 3.0 1.0 0.0 0.0 0.0 2.0 2.0 52.89 0.8704948366409404 3.1190000000000015
286.37899999999996 0.4375 4.0 0.0 5.0 0.0 0.0 0.0 1.0 2.0 5.0 51.02 0.8489227367723522 2.756240000000001
257.29299999999995 0.35714285714285715 4.0 1.0 5.0 1.0 1.0 0.0 2.0 2.0 2.0 68.02000000000001 0.8971219225888527 2.509120000000001
283.37899999999996 0.4375 5.0 0.0 5.0 0.0 1.0 1.0 2.0 2.0 3.0 45.150000000000006 0.8647715987485012 2.3216
469.5740000000001 0.2 8.0 2.0 8.0 2.0 1.0 1.0 3.0 5.0 5.0 87.45 0.40852612867519317 3.6635000000000018
239.181 0.1 4.0 1.0 5.0 1.0 0.0 0.0 2.0 2.0 3.0 68.00999999999999 0.8876924950400599 1.9031
245.28200000000004 0.23076923076923078 4.0 1.0 5.0 1.0 0.0 0.0 1.0 2.0 4.0 56.15 0.8923367013867981 1.7460199999999997
248.36999999999998 0.6 3.0 1.0 3.0 1.0 1.0 1.0 0.0 1.0 6.0 24.5 0.8317772866508542 1.8869999999999998
280.35600000000005 0.06666666666666667 4.0 1.0 4.0 1.0 0.0 0.0 3.0 4.0 3.0 45.980000000000004 0.5841552897789236 3.5029000000000012
261.373 0.7142857142857143 5.0 2.0 5.0 2.0 2.0 2.0 1.0 1.0 2.0 53.080000000000005 0.8307631393864724 0.9732000000000001
270.288 0.2 4.0 1.0 5.0 1.0 1.0 1.0 1.0 2.0 2.0 60.45 0.908146061178557 2.16852
357.3850000000001 0.2631578947368421 5.0 1.0 6.0 1.0 0.0 0.0 2.0 3.0 6.0 64.86 0.7367662661589194 2.7715200000000015
371.46600000000024 0.4444444444444444 7.0 1.0 7.0 1.0 1.0 1.0 3.0 3.0 3.0 84.15 0.7618471295891635 3.0033600000000016
234.299 0.46153846153846156 4.0 0.0 4.0 0.0 0.0 0.0 2.0 2.0 4.0 42.410000000000004 0.815431765409436 2.824860000000001
322.29 0.26666666666666666 4.0 1.0 5.0 1.0 1.0 1.0 1.0 2.0 2.0 58.120000000000005 0.9226347929501231 3.1480000000000015
300.387 0.26666666666666666 5.0 1.0 5.0 1.0 0.0 0.0 2.0 3.0 3.0 59.81 0.8080196593565661 3.152920000000001
223.31999999999996 0.8333333333333334 4.0 0.0 4.0 0.0 1.0 0.0 1.0 1.0 4.0 42.160000000000004 0.786415222198021 2.567400000000001
255.317 0.1875 2.0 1.0 3.0 1.0 0.0 0.0 0.0 2.0 4.0 40.540000000000006 0.912173708774071 3.1134000000000013
286.3790000000001 0.5 3.0 1.0 5.0 1.0 1.0 1.0 1.0 2.0 3.0 52.23 0.940052941620546 2.1208
443.5510000000004 0.38461538461538464 7.0 1.0 7.0 2.0 2.0 2.0 2.0 4.0 5.0 78.43 0.503802926026981 3.916500000000001
377.4040000000001 0.2 5.0 2.0 8.0 2.0 1.0 1.0 1.0 3.0 4.0 100.21 0.7185438030709177 1.549299999999999
331.87200000000007 0.23529411764705882 4.0 1.0 3.0 1.0 0.0 0.0 2.0 3.0 6.0 29.85 0.6721659729435149 4.535420000000004
335.407 0.2 4.0 1.0 5.0 1.0 0.0 0.0 2.0 3.0 7.0 55.629999999999995 0.6743718020156424 3.261700000000002
247.34199999999998 0.5714285714285714 3.0 2.0 4.0 3.0 1.0 1.0 1.0 1.0 5.0 68.01 0.8227717403711818 1.2593999999999994
226.323 0.4 2.0 1.0 2.0 1.0 1.0 1.0 1.0 2.0 2.0 24.92 0.8513950070300282 2.7769000000000013
324.38000000000005 0.2631578947368421 3.0 1.0 5.0 1.0 1.0 1.0 0.0 2.0 4.0 58.64 0.9390204704758701 3.2466000000000017
291.41600000000005 0.375 4.0 1.0 3.0 1.0 0.0 0.0 1.0 2.0 7.0 32.7 0.8482863107619392 3.4107200000000035
374.4400000000001 0.2608695652173913 4.0 0.0 5.0 0.0 2.0 2.0 0.0 3.0 4.0 42.010000000000005 0.6960117044937871 3.833000000000003
258.29599999999994 0.2 2.0 1.0 3.0 1.0 0.0 0.0 1.0 2.0 3.0 41.99 0.9192834695593872 2.945820000000001
206.24499999999998 0.36363636363636365 3.0 2.0 4.0 2.0 1.0 1.0 0.0 1.0 3.0 50.36 0.7706080851398305 0.8530999999999999
225.654 0.1 3.0 1.0 3.0 2.0 0.0 0.0 1.0 2.0 2.0 43.839999999999996 0.8525065473263479 2.3061
431.46200000000016 0.4090909090909091 5.0 1.0 6.0 1.0 1.0 1.0 1.0 3.0 5.0 63.050000000000004 0.6691102878363989 3.711820000000003
207.616 0.0 2.0 1.0 3.0 1.0 0.0 0.0 1.0 2.0 1.0 50.19 0.7820960454504362 2.5864000000000003
326.4000000000001 0.5 4.0 1.0 6.0 1.0 2.0 1.0 2.0 2.0 1.0 66.71000000000001 0.8724918319878857 2.0949
349.23200000000014 0.3333333333333333 5.0 1.0 5.0 1.0 1.0 1.0 1.0 2.0 3.0 52.49 0.9214295324157751 2.2669000000000006
261.32499999999993 0.5 4.0 1.0 5.0 1.0 0.0 0.0 2.0 2.0 4.0 68.01 0.9182706458836556 2.6462400000000006
246.26599999999993 0.3076923076923077 3.0 1.0 5.0 1.0 1.0 1.0 0.0 1.0 3.0 66.48 0.8115086481536288 1.08252
294.75700000000006 0.4666666666666667 2.0 0.0 3.0 0.0 1.0 0.0 0.0 1.0 3.0 44.1 0.8558879977087043 3.521480000000002
347.4620000000002 0.3181818181818182 4.0 1.0 4.0 1.0 1.0 0.0 1.0 3.0 6.0 39.08 0.716369955183153 4.440000000000004
261.329 0.6153846153846154 6.0 0.0 6.0 0.0 1.0 1.0 2.0 2.0 3.0 59.980000000000004 0.8407443699283568 1.6678
300.28400000000005 0.5384615384615384 5.0 1.0 5.0 1.0 1.0 1.0 1.0 1.0 3.0 52.49 0.8425213111123439 0.9518
273.36499999999995 0.3076923076923077 6.0 1.0 5.0 1.0 0.0 0.0 3.0 3.0 4.0 55.63 0.7927040630225538 3.213700000000001
323.4180000000001 0.5333333333333333 5.0 1.0 6.0 1.0 1.0 1.0 1.0 2.0 4.0 75.17 0.9110859946467039 1.0110999999999999
371.4620000000001 0.3157894736842105 4.0 1.0 6.0 1.0 1.0 1.0 1.0 3.0 4.0 75.17 0.765591136465508 2.496500000000001
327.38800000000015 0.47058823529411764 6.0 1.0 7.0 1.0 1.0 1.0 2.0 3.0 4.0 79.95 0.7937052758998724 2.1121
299.37400000000014 0.5294117647058824 3.0 1.0 5.0 1.0 2.0 1.0 1.0 2.0 2.0 58.1 0.9234573769152014 2.1491
351.43500000000006 0.2777777777777778 6.0 1.0 6.0 1.0 1.0 1.0 3.0 4.0 2.0 66.81 0.6022753024423942 3.1758000000000015
333.4570000000002 0.5294117647058824 4.0 1.0 5.0 1.0 1.0 1.0 1.0 2.0 6.0 58.1 0.826324937379727 2.4654000000000007
317.3890000000001 0.5294117647058824 4.0 1.0 6.0 1.0 1.0 1.0 1.0 2.0 4.0 67.33 0.9365681006414831 1.9181
342.4430000000001 0.5789473684210527 4.0 1.0 6.0 1.0 2.0 2.0 1.0 2.0 5.0 61.34 0.9037279242217691 1.9789999999999994
271.276 0.14285714285714285 4.0 2.0 6.0 2.0 0.0 0.0 1.0 2.0 4.0 92.18 0.8782417256053967 1.4778999999999998
298.371 0.13333333333333333 5.0 1.0 5.0 1.0 0.0 0.0 2.0 3.0 4.0 59.81 0.8053806608660645 2.7197000000000005
447.58200000000033 0.42857142857142855 7.0 0.0 7.0 0.0 1.0 1.0 2.0 3.0 6.0 81.5 0.5344558213007213 3.9577200000000037
259.3089999999999 0.35714285714285715 4.0 1.0 5.0 2.0 1.0 1.0 1.0 2.0 2.0 60.489999999999995 0.8210102663646185 1.0822999999999998
275.279 0.13333333333333333 3.0 3.0 4.0 3.0 0.0 0.0 0.0 2.0 3.0 69.56 0.7536305932976965 2.475320000000001
253.30500000000004 0.13333333333333333 3.0 2.0 4.0 3.0 0.0 0.0 1.0 3.0 3.0 63.93 0.7050668104215244 3.0325200000000008
347.68399999999997 0.5714285714285714 3.0 1.0 3.0 1.0 1.0 1.0 0.0 1.0 5.0 24.5 0.8285048429599736 3.085020000000001
348.4060000000001 0.25 3.0 2.0 6.0 2.0 1.0 1.0 1.0 3.0 4.0 78.09 0.7599962906161034 3.1820000000000013
491.49500000000023 0.22727272727272727 7.0 3.0 8.0 3.0 1.0 1.0 1.0 3.0 6.0 113.08 0.4750496673879972 4.139300000000002
246.335 0.23076923076923078 3.0 1.0 3.0 1.0 0.0 0.0 1.0 2.0 2.0 41.99 0.8828182038480329 3.320660000000001
414.89700000000016 0.25 7.0 3.0 8.0 3.0 0.0 0.0 2.0 3.0 7.0 93.10000000000001 0.4890890152302966 4.599220000000003
290.366 0.21052631578947367 3.0 1.0 3.0 1.0 1.0 1.0 1.0 3.0 2.0 34.15 0.7860169495874997 3.3076000000000008
200.241 0.08333333333333333 3.0 2.0 3.0 2.0 0.0 0.0 1.0 2.0 3.0 45.15 0.7476513740664924 2.3993
546.7070000000002 0.7241379310344828 8.0 1.0 8.0 1.0 3.0 3.0 1.0 2.0 10.0 65.99 0.4168932000709752 5.023300000000005
316.43399999999997 0.6 7.0 0.0 6.0 0.0 1.0 0.0 3.0 3.0 4.0 60.9 0.7413766660278321 3.1964000000000015
252.347 0.5 4.0 3.0 6.0 3.0 0.0 0.0 1.0 1.0 5.0 88.88999999999999 0.23465880975452968 0.5973999999999997
262.35699999999997 0.6428571428571429 4.0 2.0 5.0 2.0 1.0 1.0 1.0 1.0 4.0 66.91 0.8524455914574648 1.0993399999999998
204.18499999999997 0.1 4.0 1.0 5.0 1.0 0.0 0.0 1.0 2.0 2.0 76.22 0.805755819928547 1.74322
430.5730000000001 0.3076923076923077 3.0 0.0 4.0 0.0 2.0 2.0 1.0 3.0 3.0 40.620000000000005 0.6003074182493019 4.774600000000005
316.43 0.375 5.0 1.0 5.0 1.0 0.0 0.0 3.0 3.0 6.0 57.95 0.7568454918036372 3.4175400000000016
311.395 0.14285714285714285 7.0 0.0 5.0 0.0 0.0 0.0 3.0 3.0 3.0 78.29 0.7439592860266964 3.1681800000000013
314.36999999999995 0.26666666666666666 4.0 3.0 6.0 3.0 2.0 1.0 1.0 2.0 3.0 86.88 0.8124278517119267 2.5835999999999997
276.388 0.7857142857142857 6.0 1.0 6.0 1.0 2.0 2.0 1.0 1.0 3.0 57.18000000000001 0.9096364044665268 1.8939
399.87800000000016 0.3333333333333333 4.0 1.0 6.0 1.0 1.0 1.0 1.0 3.0 4.0 67.33 0.7282287710673013 3.6140000000000017
256.32399999999996 0.3125 2.0 1.0 2.0 1.0 1.0 1.0 1.0 2.0 2.0 24.92 0.8909017325055546 3.354700000000001
231.299 0.46153846153846156 3.0 1.0 4.0 1.0 0.0 0.0 1.0 1.0 4.0 65.78 0.8632622784474777 2.1801000000000004
201.229 0.09090909090909091 4.0 1.0 4.0 2.0 0.0 0.0 1.0 2.0 2.0 61.03 0.7561325616078267 2.159519999999999
426.5200000000002 0.23076923076923078 5.0 1.0 6.0 1.0 1.0 1.0 1.0 4.0 5.0 61.61 0.4923871832393606 4.889000000000004
268.773 0.36363636363636365 5.0 1.0 4.0 1.0 0.0 0.0 2.0 2.0 5.0 50.7 0.9059854331489404 2.8035000000000005
267.332 0.1875 4.0 1.0 4.0 2.0 0.0 0.0 1.0 3.0 4.0 53.07 0.7902320925179843 3.0059200000000006
405.4060000000002 0.13043478260869565 6.0 1.0 7.0 1.0 0.0 0.0 2.0 4.0 8.0 90.91000000000001 0.44358790691242433 4.120300000000003
462.9810000000003 0.3076923076923077 4.0 2.0 6.0 2.0 1.0 1.0 1.0 4.0 5.0 70.13 0.45536393510209355 4.591600000000003
212.25199999999998 0.0 1.0 2.0 3.0 2.0 0.0 0.0 0.0 2.0 2.0 41.13 0.7871951869249774 3.3306000000000013
204.18499999999997 0.1 4.0 1.0 5.0 1.0 0.0 0.0 1.0 2.0 2.0 76.22 0.805755819928547 1.7432199999999998
489.3890000000001 0.391304347826087 4.0 2.0 6.0 2.0 2.0 2.0 0.0 2.0 5.0 64.68 0.6778869178123486 3.1350000000000007
329.36300000000006 0.05263157894736842 5.0 1.0 6.0 1.0 0.0 0.0 3.0 4.0 3.0 72.7 0.6258735183157169 3.2826000000000013
315.3690000000001 0.5 4.0 0.0 5.0 0.0 2.0 1.0 1.0 2.0 3.0 51.91 0.873291041325623 2.549200000000001
369.47200000000015 0.21739130434782608 5.0 1.0 5.0 1.0 1.0 1.0 2.0 4.0 4.0 47.67 0.5923830589501223 3.9552000000000014
253.30900000000003 0.21428571428571427 5.0 1.0 5.0 1.0 0.0 0.0 3.0 3.0 2.0 55.63 0.7615090570606061 2.38042
323.3930000000002 0.4 4.0 1.0 5.0 1.0 1.0 1.0 1.0 2.0 3.0 62.300000000000004 0.9405719581261918 2.2098000000000004
266.275 0.0 2.0 1.0 3.0 1.0 0.0 0.0 1.0 3.0 2.0 41.99 0.7692507285572895 3.6262000000000016
200.241 0.08333333333333333 3.0 1.0 3.0 2.0 0.0 0.0 1.0 2.0 3.0 48.14 0.8267451196176975 2.3326000000000002
423.8350000000001 0.14285714285714285 5.0 1.0 7.0 1.0 1.0 1.0 2.0 4.0 3.0 87.91000000000001 0.5334117341564419 4.192000000000003
208.26499999999996 0.6 4.0 1.0 5.0 2.0 1.0 1.0 1.0 1.0 2.0 64.14999999999999 0.7683750824474744 0.47779999999999956
234.234 0.09090909090909091 4.0 2.0 5.0 3.0 0.0 0.0 1.0 2.0 3.0 72.94 0.8387991252710205 1.2430999999999996
507.49800000000016 0.23809523809523808 8.0 3.0 10.0 3.0 1.0 1.0 2.0 3.0 7.0 129.21 0.4449652129709726 3.1365000000000007
224.26399999999995 0.7 5.0 1.0 6.0 2.0 1.0 1.0 1.0 1.0 3.0 85.25000000000001 0.7832578800799851 0.0427199999999997
292.34200000000004 0.058823529411764705 4.0 1.0 5.0 1.0 0.0 0.0 1.0 3.0 4.0 50.160000000000004 0.7521202521427367 2.653500000000001
251.28199999999995 0.46153846153846156 4.0 1.0 5.0 1.0 1.0 1.0 0.0 1.0 3.0 56.79 0.8678465112079494 0.9271999999999996
233.271 0.4166666666666667 4.0 1.0 5.0 1.0 0.0 0.0 2.0 2.0 2.0 68.01 0.8620130634590665 2.0983199999999997
350.35600000000005 0.21428571428571427 6.0 3.0 9.0 3.0 0.0 0.0 2.0 3.0 4.0 137.91 0.5932489744552902 0.7365999999999997
379.4350000000001 0.36363636363636365 3.0 1.0 5.0 1.0 2.0 1.0 1.0 3.0 3.0 58.1 0.7579423423579171 3.435900000000002
379.4350000000001 0.36363636363636365 3.0 1.0 5.0 1.0 2.0 1.0 1.0 3.0 3.0 58.1 0.7579423423579171 3.435900000000002
384.4350000000001 0.08333333333333333 3.0 1.0 5.0 1.0 1.0 1.0 0.0 3.0 5.0 58.64 0.5336169320390955 4.035420000000002
265.3159999999999 0.25 3.0 1.0 4.0 1.0 1.0 0.0 2.0 3.0 1.0 50.68 0.7343128710873599 3.181020000000001
314.38500000000005 0.2777777777777778 3.0 2.0 5.0 2.0 0.0 0.0 0.0 2.0 4.0 61.8 0.9046492029373653 3.6815400000000023
305.3780000000001 0.3333333333333333 3.0 1.0 4.0 1.0 1.0 1.0 1.0 2.0 3.0 48.99 0.9474500457633396 2.4635000000000007
384.5010000000002 0.38095238095238093 3.0 0.0 5.0 0.0 2.0 2.0 0.0 2.0 3.0 57.690000000000005 0.8175246217658222 2.672200000000001
383.3190000000001 0.5789473684210527 2.0 0.0 4.0 0.0 2.0 2.0 0.0 1.0 2.0 40.620000000000005 0.7720543089014236 4.087700000000003
402.5380000000002 0.46153846153846156 2.0 0.0 4.0 0.0 3.0 2.0 0.0 2.0 4.0 40.620000000000005 0.7754996174791331 4.003700000000003
322.41200000000003 0.42105263157894735 4.0 0.0 5.0 0.0 2.0 2.0 1.0 2.0 2.0 49.330000000000005 0.8509980853480791 2.2779
341.45500000000004 0.6 2.0 0.0 5.0 0.0 3.0 3.0 0.0 1.0 1.0 43.86000000000001 0.7876651547338417 2.4991000000000003
356.85700000000014 0.42105263157894735 4.0 0.0 5.0 0.0 2.0 2.0 1.0 2.0 2.0 49.330000000000005 0.82975724516315 2.931300000000001
321.4240000000001 0.4 3.0 0.0 4.0 0.0 2.0 2.0 1.0 2.0 2.0 36.440000000000005 0.8532378028800061 2.882900000000001
328.45600000000013 0.6 2.0 0.0 4.0 0.0 2.0 2.0 0.0 1.0 2.0 40.620000000000005 0.837323237469618 2.9532000000000016
381.5010000000001 0.3333333333333333 5.0 1.0 5.0 1.0 1.0 1.0 1.0 3.0 5.0 58.370000000000005 0.665302080733848 4.3678000000000035
265.7 0.16666666666666666 4.0 1.0 5.0 1.0 0.0 0.0 1.0 2.0 4.0 56.15 0.8625756236398052 2.207
262.312 0.058823529411764705 2.0 1.0 3.0 1.0 0.0 0.0 1.0 3.0 2.0 41.99 0.7629621961121292 3.7955200000000016
223.22599999999997 0.18181818181818182 3.0 1.0 3.0 2.0 0.0 0.0 1.0 2.0 2.0 43.84 0.8468161060179167 2.10022
420.89300000000014 0.38095238095238093 6.0 2.0 7.0 2.0 1.0 1.0 0.0 2.0 8.0 80.26 0.6699870884348761 3.8942000000000023
233.24599999999998 0.16666666666666666 3.0 1.0 4.0 1.0 0.0 0.0 1.0 2.0 4.0 46.92 0.8657909118225123 1.3385999999999998
258.34299999999996 0.7272727272727273 4.0 0.0 5.0 0.0 1.0 1.0 0.0 0.0 4.0 57.690000000000005 0.6194581146057799 -0.8014999999999985
357.4140000000002 0.29411764705882354 6.0 1.0 6.0 1.0 1.0 0.0 2.0 3.0 3.0 72.70000000000002 0.7805266209727753 3.3024200000000024
291.354 0.16666666666666666 3.0 1.0 4.0 1.0 0.0 0.0 1.0 3.0 3.0 54.88 0.7930336741292029 4.005500000000002
242.32200000000003 0.3333333333333333 2.0 1.0 3.0 1.0 0.0 0.0 1.0 2.0 4.0 41.99 0.8950824794399225 3.010700000000001
236.27800000000005 0.07142857142857142 3.0 1.0 4.0 1.0 0.0 0.0 2.0 3.0 2.0 54.46 0.7439570810582798 2.8421200000000004
238.265 0.0 2.0 1.0 2.0 2.0 0.0 0.0 1.0 3.0 1.0 38.91 0.7027810793546252 3.6231000000000018
317.39200000000005 0.3 4.0 0.0 4.0 0.0 1.0 1.0 1.0 3.0 3.0 53.06 0.7325122445852418 3.9974000000000025
400.56600000000014 0.3333333333333333 3.0 1.0 3.0 1.0 1.0 1.0 0.0 3.0 7.0 24.5 0.5104352560188715 6.206200000000006
300.36500000000007 0.05263157894736842 4.0 1.0 4.0 1.0 0.0 0.0 2.0 4.0 4.0 42.74 0.6184648183447164 4.032600000000002
248.232 0.07692307692307693 2.0 1.0 3.0 1.0 0.0 0.0 1.0 2.0 2.0 41.99 0.8873776133414768 2.9205200000000007
247.29399999999998 0.35714285714285715 3.0 1.0 4.0 1.0 0.0 0.0 1.0 2.0 4.0 51.47 0.844940713675892 2.659840000000001
260.26800000000003 0.07142857142857142 2.0 3.0 4.0 3.0 0.0 0.0 0.0 2.0 3.0 61.36 0.7942712929326805 2.8530000000000006
273.29200000000003 0.14285714285714285 4.0 4.0 6.0 4.0 0.0 0.0 1.0 2.0 4.0 94.48 0.6394132127668665 1.8569999999999998
206.2889999999999 0.8333333333333334 2.0 1.0 3.0 1.0 2.0 0.0 0.0 0.0 2.0 52.89 0.7035494568015397 2.12918
284.378 0.3333333333333333 2.0 2.0 2.0 2.0 1.0 1.0 0.0 2.0 4.0 24.06 0.8961123946027986 3.600900000000002
436.55600000000027 0.52 5.0 1.0 7.0 2.0 2.0 1.0 1.0 2.0 8.0 98.41 0.6860820080727023 2.876800000000001
348.3330000000001 0.05 5.0 0.0 5.0 0.0 1.0 1.0 1.0 3.0 2.0 60.660000000000004 0.5229195698071331 3.785000000000002
387.44300000000015 0.2727272727272727 6.0 0.0 7.0 0.0 1.0 1.0 2.0 4.0 1.0 73.02000000000001 0.5023541034789193 2.29012
256.305 0.2 3.0 1.0 4.0 1.0 0.0 0.0 1.0 2.0 4.0 51.22 0.9146596113908088 2.7159400000000007
376.4350000000002 0.2727272727272727 4.0 1.0 5.0 1.0 1.0 1.0 2.0 4.0 4.0 57.95 0.5590472564484449 4.736600000000004
256.305 0.3333333333333333 3.0 1.0 4.0 1.0 1.0 0.0 1.0 2.0 4.0 55.13 0.9137331682772792 2.4446200000000005
234.234 0.18181818181818182 4.0 1.0 5.0 1.0 0.0 0.0 1.0 2.0 3.0 59.81 0.8719406612431236 1.3643199999999995
285.376 0.21428571428571427 5.0 1.0 5.0 1.0 0.0 0.0 2.0 3.0 5.0 59.39 0.7322872749521341 2.7689200000000005
295.367 0.0625 4.0 1.0 4.0 1.0 0.0 0.0 2.0 3.0 3.0 54.88 0.7999984929197768 3.7658200000000024
432.52400000000017 0.4 4.0 1.0 7.0 1.0 2.0 2.0 1.0 3.0 4.0 78.41 0.688163218803657 3.102800000000002
510.5020000000002 0.25 9.0 3.0 11.0 3.0 0.0 0.0 2.0 3.0 8.0 142.09999999999997 0.41634126042722625 2.3965000000000005
248.285 0.0 2.0 1.0 3.0 1.0 0.0 0.0 1.0 3.0 2.0 41.99 0.7539156450838604 3.4871000000000016
409.96400000000017 0.4444444444444444 5.0 0.0 5.0 0.0 2.0 2.0 1.0 2.0 4.0 43.86000000000001 0.7761231522637906 3.367700000000003
248.28199999999998 0.46153846153846156 3.0 1.0 5.0 1.0 1.0 1.0 1.0 1.0 2.0 70.5 0.8607212293007973 1.5057
255.339 0.4166666666666667 3.0 1.0 4.0 1.0 0.0 0.0 0.0 1.0 4.0 63.24 0.8899064702354441 1.6766399999999997
332.7620000000001 0.17647058823529413 2.0 1.0 4.0 1.0 1.0 1.0 0.0 2.0 3.0 49.410000000000004 0.9275137941245198 3.8582000000000027
241.29399999999998 0.2857142857142857 2.0 1.0 4.0 1.0 0.0 0.0 1.0 2.0 3.0 59.89 0.89686289831208 2.4619999999999997
525.3430000000002 0.2727272727272727 6.0 2.0 9.0 2.0 1.0 1.0 0.0 2.0 7.0 113.55000000000001 0.32342146293856133 3.773080000000002
290.396 0.5384615384615384 7.0 0.0 6.0 0.0 0.0 0.0 3.0 3.0 4.0 60.900000000000006 0.7408748508127868 2.6622000000000003
239.23400000000004 0.0 5.0 1.0 5.0 1.0 0.0 0.0 2.0 3.0 2.0 72.04 0.7434024674397953 2.5042
296.124 0.09090909090909091 4.0 1.0 5.0 1.0 0.0 0.0 1.0 2.0 3.0 56.15 0.8804871937415407 1.9260000000000002
233.311 0.5 2.0 1.0 3.0 1.0 1.0 1.0 0.0 1.0 3.0 40.54 0.8709951675683804 2.3733000000000004
327.43199999999996 0.5 4.0 1.0 6.0 1.0 1.0 0.0 1.0 2.0 6.0 65.12 0.8847674698614086 2.4181
259.30899999999997 0.2857142857142857 5.0 0.0 5.0 0.0 0.0 0.0 1.0 2.0 4.0 47.480000000000004 0.8422632067892378 2.2268
376.46000000000015 0.36363636363636365 4.0 1.0 6.0 1.0 2.0 2.0 1.0 3.0 3.0 61.34 0.7646344441570848 2.772000000000001
282.38700000000006 0.4444444444444444 2.0 1.0 3.0 1.0 1.0 0.0 1.0 2.0 4.0 41.99 0.9325926359219425 3.4738000000000016
461.94900000000024 0.19230769230769232 4.0 1.0 6.0 1.0 0.0 0.0 1.0 4.0 8.0 75.29 0.4159872384590286 4.594800000000004
224.26399999999995 0.7 5.0 1.0 6.0 2.0 1.0 1.0 1.0 1.0 3.0 85.25000000000001 0.7832578800799851 0.0427199999999997
264.325 0.5 4.0 1.0 5.0 1.0 1.0 1.0 0.0 1.0 4.0 53.010000000000005 0.8438029950233139 0.1986999999999995
478.3320000000002 0.3181818181818182 6.0 1.0 8.0 1.0 1.0 1.0 1.0 3.0 6.0 95.85000000000001 0.5393923950065243 3.9551000000000025
374.2380000000001 0.17647058823529413 4.0 0.0 5.0 0.0 0.0 0.0 2.0 3.0 4.0 51.27 0.6996476108379863 3.714800000000003
208.21699999999996 0.3 4.0 1.0 5.0 2.0 1.0 1.0 0.0 1.0 2.0 64.78999999999999 0.7423134825023201 1.234
327.465 0.8333333333333334 3.0 1.0 5.0 1.0 0.0 0.0 0.0 0.0 16.0 80.44 0.223433489340615 5.712900000000006
417.51300000000026 0.3333333333333333 7.0 1.0 7.0 2.0 1.0 1.0 2.0 4.0 6.0 78.43 0.48376142759155827 3.5264000000000015
243.266 0.15384615384615385 4.0 1.0 5.0 1.0 0.0 0.0 2.0 2.0 3.0 64.11 0.8955896661781182 2.0459199999999997
261.25600000000003 0.07692307692307693 3.0 3.0 5.0 3.0 0.0 0.0 1.0 2.0 3.0 74.25 0.7928880875775831 2.248
232.28299999999996 0.46153846153846156 4.0 1.0 4.0 1.0 1.0 1.0 0.0 1.0 2.0 56.49000000000001 0.8172442532529497 0.7513800000000002
246.35399999999998 0.5333333333333333 2.0 1.0 3.0 2.0 1.0 1.0 0.0 1.0 5.0 46.330000000000005 0.8610662356204933 1.8164999999999996
435.5530000000003 0.43478260869565216 7.0 1.0 7.0 1.0 2.0 1.0 3.0 4.0 4.0 79.95 0.5207239365977265 4.157000000000004
319.36400000000003 0.10526315789473684 4.0 1.0 5.0 1.0 0.0 0.0 1.0 3.0 4.0 64.11 0.7959233670631746 3.712920000000002
311.35999999999996 0.2222222222222222 2.0 2.0 4.0 2.0 0.0 0.0 1.0 3.0 5.0 57.78 0.709780130557724 3.373020000000002
396.34000000000003 0.2631578947368421 3.0 1.0 5.0 1.0 1.0 1.0 0.0 2.0 4.0 58.64 0.4867173236504186 3.7399000000000022
299.35499999999996 0.2 6.0 1.0 5.0 1.0 1.0 1.0 2.0 3.0 2.0 56.27000000000001 0.7832998069635498 3.5962000000000014
355.3980000000001 0.3333333333333333 7.0 1.0 8.0 1.0 0.0 0.0 2.0 3.0 4.0 90.92000000000002 0.7611537462796245 1.1957999999999995
393.8710000000003 0.5789473684210527 5.0 1.0 7.0 1.0 3.0 2.0 0.0 1.0 3.0 71.11 0.8486507058522371 1.8852999999999995
314.3890000000001 0.5294117647058824 5.0 1.0 6.0 1.0 1.0 0.0 3.0 3.0 4.0 68.87 0.7905701265422009 3.979420000000003
275.315 0.0625 5.0 1.0 5.0 1.0 0.0 0.0 2.0 3.0 4.0 66.53 0.7946056522805309 2.9416800000000007
241.29099999999994 0.8181818181818182 6.0 1.0 6.0 1.0 1.0 1.0 1.0 1.0 5.0 71.62 0.8036180849161616 0.3877
217.24699999999999 0.3333333333333333 3.0 0.0 3.0 0.0 0.0 0.0 0.0 1.0 4.0 50.82 0.7750515679892692 2.04286
258.296 0.2 2.0 1.0 3.0 1.0 0.0 0.0 1.0 2.0 4.0 41.99 0.9151853509435314 3.1004200000000015
505.69900000000047 0.75 5.0 0.0 5.0 0.0 5.0 0.0 0.0 0.0 1.0 84.23 0.38618059545364897 6.378980000000007
410.53300000000024 0.48 3.0 1.0 4.0 1.0 2.0 1.0 0.0 2.0 6.0 41.57000000000001 0.7455626264862799 4.774500000000005
205.21299999999997 0.2727272727272727 2.0 1.0 4.0 1.0 1.0 1.0 0.0 1.0 1.0 57.61 0.745047930491942 1.0488
320.3520000000001 0.16666666666666666 3.0 2.0 6.0 2.0 1.0 1.0 1.0 3.0 3.0 78.09 0.7782648524352418 2.5459000000000005
349.21700000000016 0.17647058823529413 2.0 1.0 4.0 1.0 1.0 1.0 0.0 2.0 3.0 49.410000000000004 0.8944458486809054 4.372500000000002
392.45900000000006 0.2727272727272727 4.0 1.0 7.0 1.0 1.0 1.0 1.0 3.0 2.0 66.81 0.7188832725088546 3.9169000000000027
343.4270000000002 0.5263157894736842 3.0 1.0 6.0 1.0 2.0 1.0 0.0 1.0 3.0 69.72 0.8581309550743978 2.838840000000001
383.4670000000001 0.4090909090909091 4.0 1.0 5.0 1.0 2.0 2.0 0.0 2.0 6.0 44.81 0.7791989010413751 3.0231000000000012
324.17800000000005 0.23076923076923078 5.0 1.0 5.0 1.0 0.0 0.0 1.0 2.0 4.0 58.480000000000004 0.9367149829523815 2.589700000000001
294.31 0.058823529411764705 4.0 3.0 5.0 3.0 0.0 0.0 1.0 3.0 3.0 82.45 0.6483629616969674 2.5760000000000005
269.348 0.375 4.0 0.0 4.0 0.0 1.0 1.0 1.0 2.0 2.0 38.25 0.8398425965266072 2.664740000000001
391.4500000000001 0.2727272727272727 5.0 0.0 6.0 0.0 1.0 1.0 2.0 3.0 3.0 62.220000000000006 0.6858997212522572 3.2506200000000014
247.298 0.38461538461538464 5.0 1.0 5.0 1.0 0.0 0.0 1.0 2.0 6.0 60.18 0.7942997279868653 2.4313200000000004
379.42000000000024 0.4 7.0 1.0 8.0 1.0 2.0 1.0 3.0 3.0 5.0 90.64000000000001 0.7330207931834414 2.8789000000000016
367.76400000000007 0.0 3.0 2.0 5.0 2.0 0.0 0.0 1.0 3.0 3.0 85.75 0.7384026994749701 3.771980000000001
429.5460000000003 0.47619047619047616 7.0 2.0 8.0 2.0 1.0 0.0 2.0 3.0 6.0 109.48 0.6141662039565704 3.9393200000000035
467.3520000000002 0.16 3.0 1.0 5.0 1.0 1.0 1.0 1.0 4.0 3.0 54.56 0.3680824776164735 6.629800000000005
431.5110000000002 0.2692307692307692 3.0 1.0 5.0 2.0 1.0 1.0 1.0 3.0 6.0 76.29 0.6455800325327227 3.767000000000003
151.165 0.125 2.0 2.0 3.0 2.0 0.0 0.0 0.0 1.0 1.0 49.33 0.5950261967780849 1.3505999999999998
294.37899999999996 0.058823529411764705 3.0 1.0 3.0 1.0 0.0 0.0 1.0 3.0 3.0 41.99 0.7790039366165392 4.370820000000002
374.4690000000001 0.19047619047619047 5.0 2.0 5.0 2.0 1.0 1.0 3.0 4.0 1.0 66.91 0.5193360628547723 4.363720000000003
350.76200000000006 0.0 4.0 2.0 6.0 2.0 0.0 0.0 2.0 3.0 3.0 98.64 0.7090776890799544 3.0278800000000006
333.395 0.2631578947368421 5.0 1.0 6.0 1.0 1.0 0.0 1.0 3.0 4.0 72.7 0.7966352029252423 2.7223000000000006
315.67799999999994 0.35714285714285715 2.0 1.0 3.0 1.0 2.0 1.0 0.0 1.0 0.0 38.33 0.7328090954055055 4.073100000000001
401.47400000000016 0.36363636363636365 8.0 1.0 8.0 1.0 2.0 1.0 4.0 4.0 2.0 79.83 0.5532138256622311 1.9632399999999994
489.9310000000001 0.13043478260869565 4.0 2.0 6.0 2.0 0.0 0.0 2.0 4.0 7.0 91.92 0.33309063319660087 5.544200000000004
342.35800000000006 0.05 6.0 0.0 6.0 0.0 0.0 0.0 3.0 5.0 3.0 65.45 0.49120135203063203 4.2131000000000025
363.461 0.2727272727272727 3.0 2.0 5.0 2.0 0.0 0.0 1.0 3.0 8.0 67.00999999999999 0.5793910782637206 4.494020000000003
307.18000000000006 0.2 2.0 1.0 3.0 1.0 1.0 0.0 1.0 2.0 3.0 41.99 0.9288858724976549 4.058700000000003
290.40700000000004 0.5882352941176471 3.0 1.0 4.0 1.0 1.0 1.0 0.0 1.0 2.0 41.57000000000001 0.9002997061958147 3.806420000000003
325.39300000000003 0.058823529411764705 5.0 2.0 5.0 3.0 0.0 0.0 1.0 3.0 4.0 72.78 0.5697261138662767 3.003400000000001
381.4570000000001 0.2 6.0 2.0 6.0 2.0 2.0 2.0 0.0 2.0 2.0 76.37 0.7793440307491682 2.890300000000002
307.3500000000001 0.2857142857142857 5.0 2.0 5.0 2.0 2.0 2.0 0.0 1.0 1.0 64.93 0.77797991464825 2.1020000000000008
261.284 0.0625 4.0 0.0 4.0 0.0 0.0 0.0 1.0 3.0 3.0 58.8 0.7265804485533014 3.0804800000000014
330.29 0.058823529411764705 4.0 1.0 5.0 1.0 0.0 0.0 1.0 3.0 4.0 64.36 0.7883043411936694 3.880700000000002
416.86500000000024 0.25 6.0 2.0 8.0 2.0 0.0 0.0 1.0 3.0 7.0 94.60000000000001 0.5829737705294159 4.624200000000004
383.4980000000001 0.15789473684210525 6.0 1.0 5.0 1.0 0.0 0.0 2.0 4.0 4.0 71.95 0.5494727862585719 4.7702000000000035
234.25799999999995 0.0 3.0 1.0 3.0 2.0 0.0 0.0 2.0 4.0 0.0 52.05 0.5041925226317532 3.716400000000001
376.4600000000001 0.2727272727272727 5.0 1.0 6.0 1.0 1.0 1.0 1.0 3.0 4.0 61.46 0.7582417206713932 3.080520000000001
313.36 0.05 4.0 0.0 4.0 0.0 0.0 0.0 2.0 4.0 4.0 51.81 0.5605004414273612 4.389400000000004
432.35500000000013 0.3333333333333333 6.0 2.0 6.0 4.0 1.0 1.0 1.0 3.0 5.0 90.28999999999999 0.6216027544709749 4.392000000000004
398.4660000000001 0.125 4.0 1.0 6.0 1.0 0.0 0.0 1.0 4.0 5.0 73.85999999999999 0.5250133971352199 3.1508400000000014
387.83000000000015 0.047619047619047616 5.0 1.0 6.0 1.0 0.0 0.0 2.0 4.0 4.0 87.35999999999999 0.5380116409344184 3.885480000000002
477.51800000000026 0.42857142857142855 9.0 0.0 10.0 0.0 1.0 1.0 2.0 3.0 5.0 116.50999999999999 0.5507480110228936 2.7463000000000015
346.4340000000001 0.23809523809523808 4.0 2.0 5.0 2.0 2.0 2.0 0.0 2.0 2.0 56.730000000000004 0.811630226685014 3.876500000000002
272.25800000000004 0.07142857142857142 4.0 0.0 4.0 0.0 0.0 0.0 1.0 3.0 3.0 43.6 0.735901649966609 2.6666000000000007
382.46300000000025 0.2 2.0 2.0 4.0 2.0 1.0 0.0 2.0 4.0 4.0 65.97999999999999 0.4381158273251703 6.2527000000000035
422.5060000000001 0.13043478260869565 4.0 1.0 6.0 1.0 0.0 0.0 0.0 3.0 7.0 83.55000000000001 0.57371627299101 4.356700000000004
309.41300000000007 0.47368421052631576 2.0 1.0 4.0 1.0 1.0 0.0 1.0 2.0 2.0 59.89 0.9116862239328449 3.983680000000003
300.40200000000016 0.5555555555555556 3.0 1.0 4.0 1.0 1.0 0.0 0.0 1.0 3.0 62.12 0.9168521685667907 4.015180000000003
471.31900000000013 0.08695652173913043 5.0 1.0 6.0 1.0 0.0 0.0 1.0 4.0 6.0 69.03999999999999 0.37291432676059644 6.031200000000004
280.302 0.058823529411764705 2.0 1.0 3.0 1.0 0.0 0.0 1.0 3.0 2.0 41.99 0.7723219241392809 3.9346200000000016
372.468 0.16666666666666666 2.0 2.0 4.0 2.0 0.0 0.0 0.0 3.0 4.0 58.2 0.6361960623914774 5.488700000000004
343.4120000000001 0.25 7.0 1.0 7.0 1.0 0.0 0.0 2.0 3.0 4.0 81.81 0.7859682455718574 2.0544599999999997
397.88700000000017 0.05 3.0 2.0 5.0 2.0 0.0 0.0 1.0 4.0 4.0 74.85 0.5088655051098644 4.9925200000000025
469.5440000000002 0.18181818181818182 9.0 0.0 8.0 0.0 0.0 0.0 2.0 4.0 7.0 103.44000000000001 0.40351642373889235 3.9583800000000036
426.4250000000002 0.09523809523809523 7.0 1.0 7.0 1.0 0.0 0.0 2.0 4.0 6.0 90.66000000000001 0.4879890113111291 4.506820000000002
440.4980000000002 0.5217391304347826 7.0 1.0 7.0 1.0 3.0 3.0 2.0 2.0 5.0 77.31 0.7623532547486355 3.515480000000002
516.6520000000004 0.23076923076923078 9.0 1.0 8.0 1.0 1.0 1.0 4.0 5.0 6.0 84.65 0.34292264351210644 4.974220000000004
504.39400000000006 0.08695652173913043 5.0 3.0 7.0 3.0 0.0 0.0 3.0 5.0 5.0 91.50999999999999 0.22610134834134502 6.921500000000003
411.4330000000001 0.3181818181818182 6.0 1.0 7.0 1.0 1.0 1.0 2.0 3.0 5.0 84.67 0.6358605779265992 4.125800000000003
387.42100000000016 0.23529411764705882 8.0 1.0 9.0 1.0 1.0 1.0 1.0 3.0 4.0 108.23 0.7302612142374543 2.1170599999999995
343.4560000000002 0.5294117647058824 6.0 1.0 6.0 1.0 2.0 1.0 2.0 2.0 3.0 71.01 0.9252587512562844 3.346000000000002
380.4230000000001 0.23809523809523808 5.0 1.0 6.0 1.0 1.0 1.0 1.0 3.0 4.0 61.46 0.754186453009711 2.911200000000001
317.77599999999995 0.3125 4.0 1.0 5.0 1.0 1.0 0.0 1.0 2.0 4.0 63.99 0.9426753675329781 2.7212200000000006
529.9690000000002 0.04 10.0 0.0 10.0 0.0 0.0 0.0 3.0 5.0 6.0 140.45 0.3109828065307095 4.478280000000003
296.24799999999993 0.07142857142857142 2.0 2.0 4.0 2.0 0.0 0.0 0.0 2.0 3.0 50.36 0.8901824542926994 4.229200000000001
460.4590000000001 0.07692307692307693 4.0 2.0 5.0 3.0 0.0 0.0 1.0 5.0 4.0 72.94 0.33499991429286563 5.761700000000004
361.4050000000001 0.2 6.0 1.0 7.0 1.0 0.0 0.0 3.0 4.0 4.0 81.93 0.5974275485499866 3.8213000000000026
269.32900000000006 0.07142857142857142 4.0 1.0 4.0 1.0 0.0 0.0 2.0 3.0 2.0 54.88 0.7765847497081835 3.252020000000001
326.783 0.1111111111111111 3.0 1.0 4.0 2.0 0.0 0.0 1.0 3.0 4.0 65.21000000000001 0.7910059842110801 3.874520000000002
386.41500000000013 0.23809523809523808 7.0 0.0 8.0 0.0 3.0 3.0 1.0 3.0 2.0 75.72999999999999 0.6633903575503308 1.2034999999999996
258.32099999999997 0.3333333333333333 3.0 0.0 4.0 0.0 0.0 0.0 1.0 2.0 1.0 42.43000000000001 0.7843934121020019 3.6061000000000023
296.37399999999997 0.29411764705882354 4.0 0.0 5.0 0.0 0.0 0.0 2.0 3.0 4.0 43.06 0.7414537176512419 2.3418200000000002
253.26099999999997 0.14285714285714285 5.0 0.0 5.0 0.0 1.0 1.0 1.0 3.0 2.0 49.17 0.7022235268774404 2.2082999999999995
409.91700000000003 0.30434782608695654 3.0 1.0 5.0 1.0 1.0 1.0 1.0 3.0 6.0 58.22 0.6291422284184947 4.905200000000004
365.458 0.2 5.0 1.0 5.0 1.0 1.0 1.0 1.0 3.0 4.0 54.46000000000001 0.7618546988326391 3.8990000000000027
321.38000000000005 0.2631578947368421 5.0 1.0 5.0 1.0 2.0 2.0 1.0 2.0 4.0 56.67 0.6923067123802586 2.446700000000001
396.82099999999997 0.1111111111111111 3.0 1.0 3.0 1.0 0.0 0.0 1.0 3.0 3.0 41.99 0.5857526016478002 6.043020000000003
461.5430000000002 0.16 6.0 1.0 7.0 1.0 0.0 0.0 2.0 4.0 7.0 102.16 0.44125903990721804 4.257340000000003
496.42400000000015 0.125 6.0 2.0 8.0 3.0 0.0 0.0 2.0 4.0 5.0 126.69 0.4012288785101029 4.168800000000002
346.3900000000001 0.1 6.0 1.0 6.0 2.0 0.0 0.0 2.0 4.0 4.0 74.67 0.6102235968082436 3.662700000000002
363.37700000000007 0.15789473684210525 8.0 0.0 8.0 0.0 0.0 0.0 2.0 4.0 4.0 83.54 0.5525606603106346 2.1742
248.30699999999996 0.16666666666666666 4.0 1.0 4.0 2.0 0.0 0.0 1.0 2.0 4.0 65.21000000000001 0.8975412509409462 1.8465
312.75600000000003 0.058823529411764705 3.0 1.0 4.0 1.0 0.0 0.0 1.0 3.0 3.0 55.13 0.7946476536836172 4.011200000000002
323.348 0.15789473684210525 4.0 1.0 5.0 1.0 0.0 0.0 1.0 3.0 6.0 68.39 0.5556715459130142 3.606300000000002
394.5220000000002 0.4117647058823529 6.0 1.0 7.0 1.0 1.0 1.0 1.0 2.0 5.0 82.60999999999999 0.8427025868517659 2.5543200000000006
404.25300000000016 0.15789473684210525 5.0 2.0 6.0 2.0 1.0 0.0 1.0 3.0 5.0 76.24000000000001 0.5102658295372556 4.557200000000003
371.4000000000001 0.14285714285714285 6.0 1.0 7.0 1.0 1.0 1.0 2.0 4.0 2.0 83.88 0.58289770851161 2.0317
440.29700000000014 0.14285714285714285 6.0 0.0 6.0 0.0 0.0 0.0 2.0 4.0 3.0 58.16 0.49049980966468903 3.466000000000002
295.342 0.23529411764705882 5.0 0.0 5.0 0.0 0.0 0.0 2.0 3.0 4.0 61.040000000000006 0.7361433646416297 3.561840000000002
237.25799999999998 0.0 3.0 1.0 3.0 1.0 0.0 0.0 1.0 3.0 2.0 46.260000000000005 0.7386878540483156 3.703800000000002
359.26 0.2777777777777778 4.0 1.0 4.0 1.0 1.0 0.0 2.0 3.0 3.0 50.7 0.6846070143735236 5.353100000000003
524.6020000000002 0.06896551724137931 6.0 2.0 8.0 2.0 0.0 0.0 2.0 5.0 6.0 110.16 0.23968888257148133 5.010320000000004
496.3610000000001 0.125 4.0 2.0 7.0 2.0 0.0 0.0 0.0 3.0 8.0 87.74000000000001 0.4961132802307097 3.8594000000000017
386.4070000000001 0.08695652173913043 4.0 1.0 6.0 1.0 1.0 1.0 0.0 3.0 5.0 75.71000000000001 0.676754613573429 3.8131200000000023
246.33499999999998 0.23076923076923078 3.0 1.0 3.0 2.0 0.0 0.0 1.0 2.0 3.0 55.980000000000004 0.9040212772610252 2.454740000000001
410.4950000000001 0.22727272727272727 4.0 1.0 6.0 1.0 1.0 1.0 0.0 3.0 6.0 75.71000000000001 0.6341881193741037 2.970700000000001
443.5260000000002 0.2692307692307692 5.0 1.0 6.0 1.0 1.0 1.0 3.0 4.0 4.0 63.050000000000004 0.472147453300107 5.179220000000004
246.335 0.23076923076923078 3.0 1.0 3.0 1.0 0.0 0.0 1.0 2.0 3.0 41.99 0.901408572155071 3.404600000000002
328.40100000000007 0.26666666666666666 7.0 1.0 7.0 1.0 0.0 0.0 2.0 3.0 4.0 85.59 0.7943972001436741 2.3605599999999995
370.4120000000001 0.045454545454545456 4.0 1.0 6.0 1.0 0.0 0.0 1.0 4.0 5.0 73.85999999999999 0.5488021692250462 2.5340000000000007
326.8310000000001 0.2777777777777778 4.0 1.0 4.0 1.0 2.0 2.0 0.0 2.0 1.0 30.869999999999997 0.8697054686334906 2.0298999999999996
368.418 0.16666666666666666 8.0 0.0 7.0 0.0 0.0 0.0 2.0 4.0 6.0 70.77000000000001 0.5191024803499018 3.4490000000000025
319.33600000000007 0.26666666666666666 5.0 1.0 4.0 1.0 1.0 0.0 1.0 2.0 4.0 69.8 0.6897069303781732 3.501780000000001
359.202 0.0625 4.0 0.0 4.0 0.0 0.0 0.0 2.0 3.0 3.0 43.6 0.7113709790433496 3.9491000000000023
364.25700000000006 0.0 4.0 2.0 4.0 3.0 0.0 0.0 1.0 3.0 3.0 68.00999999999999 0.6908759341393579 4.951400000000001
415.45300000000015 0.17391304347826086 8.0 1.0 8.0 1.0 0.0 0.0 3.0 5.0 3.0 86.45999999999998 0.4906134927398597 2.50934
440.5030000000001 0.19230769230769232 5.0 2.0 7.0 3.0 1.0 1.0 1.0 4.0 5.0 101.46000000000001 0.4625407695250544 4.836300000000004
337.333 0.05555555555555555 5.0 1.0 5.0 1.0 0.0 0.0 2.0 4.0 3.0 55.63 0.6101932565964423 4.145720000000002
333.431 0.22727272727272727 2.0 1.0 3.0 1.0 0.0 0.0 0.0 3.0 5.0 38.33 0.6883449024808289 5.294300000000004
324.363 0.29411764705882354 6.0 1.0 6.0 1.0 1.0 1.0 2.0 3.0 3.0 66.83000000000001 0.7972408016512325 3.2928000000000015
271.345 0.14285714285714285 5.0 1.0 4.0 1.0 0.0 0.0 2.0 3.0 4.0 50.95 0.7854068263773922 3.7186200000000023
301.7120000000001 0.0 5.0 0.0 5.0 0.0 0.0 0.0 2.0 3.0 3.0 56.49 0.7459530816191492 3.020200000000001
419.51000000000016 0.2727272727272727 7.0 1.0 7.0 1.0 1.0 1.0 3.0 4.0 4.0 84.15 0.5371516074814677 4.053520000000003
435.8710000000002 0.13636363636363635 8.0 1.0 8.0 1.0 0.0 0.0 3.0 5.0 3.0 86.46000000000001 0.4718478548944569 2.8543200000000017
357.3910000000002 0.23529411764705882 7.0 1.0 7.0 1.0 1.0 1.0 2.0 3.0 4.0 82.57000000000001 0.7726887459018641 3.0543400000000007
354.8370000000003 0.3 4.0 0.0 4.0 0.0 1.0 1.0 1.0 3.0 3.0 44.12 0.7017397024182489 4.355300000000003
276.29900000000004 0.0625 5.0 0.0 5.0 0.0 0.0 0.0 2.0 4.0 2.0 52.31 0.5645731808630011 2.953100000000001
343.40200000000016 0.42105263157894735 4.0 0.0 5.0 0.0 1.0 1.0 1.0 2.0 5.0 55.32 0.8329580686956803 3.5535000000000023
322.4120000000001 0.3684210526315789 5.0 0.0 5.0 0.0 1.0 1.0 1.0 2.0 3.0 52.39 0.8695092194472862 2.9053200000000015
319.36800000000005 0.16666666666666666 6.0 1.0 6.0 1.0 0.0 0.0 2.0 4.0 4.0 64.34 0.6225320383707359 3.592100000000001
394.8840000000002 0.4117647058823529 6.0 0.0 7.0 0.0 2.0 2.0 1.0 2.0 3.0 75.63000000000001 0.7931874466908696 2.1081000000000003
381.5010000000001 0.2857142857142857 5.0 1.0 5.0 1.0 0.0 0.0 1.0 3.0 5.0 64.11 0.5140194635623467 4.666700000000004
355.4410000000001 0.21739130434782608 2.0 1.0 4.0 1.0 1.0 1.0 1.0 4.0 3.0 48.99 0.5988771929415883 4.193020000000003
328.82399999999996 0.058823529411764705 3.0 1.0 3.0 1.0 0.0 0.0 1.0 3.0 3.0 41.99 0.732754493583905 5.024220000000002
523.6410000000002 0.3 7.0 2.0 9.0 3.0 1.0 1.0 2.0 4.0 6.0 119.03 0.33913617016239794 5.109120000000003
417.5090000000001 0.24 5.0 1.0 6.0 1.0 0.0 0.0 2.0 4.0 9.0 59.61 0.4255642180473446 4.757900000000004
553.5590000000003 0.32 6.0 3.0 9.0 3.0 0.0 0.0 1.0 3.0 10.0 134.57 0.32365121132587304 4.111020000000003
406.4600000000001 0.3157894736842105 6.0 1.0 8.0 1.0 1.0 1.0 0.0 2.0 8.0 94.17000000000002 0.723786496702586 2.4633000000000003
462.5980000000001 0.5 7.0 3.0 8.0 3.0 2.0 1.0 2.0 3.0 7.0 92.58 0.48382736484558725 4.337400000000003
473.3810000000001 0.3157894736842105 8.0 3.0 8.0 3.0 0.0 0.0 3.0 3.0 6.0 108.74 0.4552702646600812 4.292600000000002
290.3260000000001 0.11764705882352941 4.0 1.0 5.0 2.0 0.0 0.0 2.0 4.0 2.0 73.80000000000001 0.6162081518965845 2.53142
303.42699999999996 0.29411764705882354 2.0 0.0 3.0 0.0 0.0 0.0 0.0 2.0 5.0 37.38 0.8361546516130651 4.025200000000003
369.4460000000001 0.3684210526315789 5.0 0.0 6.0 0.0 2.0 1.0 1.0 2.0 4.0 70.58000000000001 0.6120399996521092 3.3519200000000025
283.331 0.25 4.0 1.0 5.0 1.0 0.0 0.0 2.0 3.0 5.0 59.39 0.7324076102833597 2.868500000000001
276.303 0.06666666666666667 6.0 1.0 6.0 1.0 0.0 0.0 2.0 4.0 3.0 68.0 0.6214852423275681 2.2846
375.40600000000006 0.17647058823529413 7.0 1.0 8.0 1.0 0.0 0.0 1.0 3.0 4.0 99.4 0.696262109489128 1.4643999999999997
348.3990000000001 0.23529411764705882 3.0 1.0 5.0 1.0 1.0 1.0 0.0 2.0 3.0 66.48 0.9261625661335442 2.3957000000000006
369.4210000000002 0.5 5.0 1.0 7.0 1.0 3.0 2.0 1.0 2.0 1.0 76.83000000000001 0.8308417010031968 3.6137200000000016
293.75 0.4 4.0 1.0 4.0 1.0 1.0 1.0 0.0 1.0 2.0 49.77 0.6595502455384914 1.2996999999999999
274.37 0.07692307692307693 4.0 1.0 3.0 1.0 0.0 0.0 2.0 3.0 2.0 41.99 0.7692795350368398 3.918520000000001
337.423 0.3 3.0 1.0 5.0 1.0 1.0 1.0 0.0 2.0 3.0 52.650000000000006 0.9361015748365196 3.1273000000000017
302.42600000000004 0.8125 6.0 1.0 6.0 1.0 3.0 2.0 1.0 1.0 4.0 57.18000000000001 0.9216291144994173 2.4265000000000008
344.37 0.047619047619047616 4.0 1.0 5.0 1.0 0.0 0.0 2.0 4.0 4.0 68.27000000000001 0.554897873175163 5.162320000000004
449.4420000000002 0.17391304347826086 8.0 1.0 9.0 2.0 0.0 0.0 2.0 4.0 7.0 122.1 0.432531443068508 2.4102200000000007
346.5210000000001 0.4444444444444444 4.0 1.0 3.0 1.0 1.0 0.0 1.0 2.0 5.0 41.99 0.8129163279569228 5.159300000000004
330.4530000000001 0.3333333333333333 3.0 1.0 4.0 1.0 1.0 1.0 0.0 2.0 4.0 49.410000000000004 0.9375789929734603 2.9248200000000013
321.33200000000005 0.10526315789473684 5.0 1.0 5.0 1.0 0.0 0.0 1.0 3.0 4.0 76.49000000000001 0.5892380799735608 3.288520000000002
354.36600000000004 0.16666666666666666 6.0 1.0 8.0 1.0 0.0 0.0 1.0 3.0 5.0 92.32 0.6913439627127401 1.0398999999999994
305.38100000000003 0.15789473684210525 3.0 1.0 4.0 1.0 0.0 0.0 1.0 3.0 4.0 46.92 0.79904116554642 3.677500000000002
419.48500000000024 0.30434782608695654 6.0 2.0 8.0 2.0 1.0 0.0 2.0 3.0 6.0 98.02000000000001 0.6418887355856864 2.7352000000000007
202.213 0.2727272727272727 4.0 1.0 4.0 1.0 1.0 0.0 1.0 2.0 2.0 59.150000000000006 0.8113583871034795 2.3195999999999994
274.32300000000004 0.05555555555555555 2.0 1.0 3.0 1.0 0.0 0.0 1.0 4.0 3.0 37.91 0.6046986896860622 4.295100000000002
369.49 0.3 4.0 2.0 5.0 2.0 0.0 0.0 2.0 3.0 9.0 67.00999999999999 0.5530292457302804 4.289600000000003
340.38599999999997 0.09523809523809523 4.0 1.0 5.0 1.0 1.0 0.0 1.0 4.0 3.0 59.81 0.6174497494136435 3.7714000000000025
393.4680000000001 0.14285714285714285 7.0 1.0 6.0 0.0 0.0 0.0 1.0 4.0 6.0 58.400000000000006 0.4949708068772322 4.305400000000003
358.44100000000003 0.13043478260869565 2.0 2.0 4.0 2.0 0.0 0.0 0.0 3.0 6.0 58.2 0.6967145530424689 4.106220000000002
348.736 0.058823529411764705 4.0 0.0 4.0 0.0 0.0 0.0 1.0 3.0 3.0 44.0 0.682989840597521 2.9791000000000007
328.3180000000001 0.1111111111111111 4.0 0.0 4.0 0.0 0.0 0.0 1.0 3.0 3.0 44.0 0.6939155031345904 2.6341200000000002
335.342 0.1111111111111111 6.0 0.0 6.0 0.0 0.0 0.0 2.0 4.0 4.0 65.72 0.5732830547991372 3.0843000000000007
422.55000000000007 0.25 4.0 1.0 5.0 1.0 0.0 0.0 1.0 3.0 8.0 65.27 0.2944107970683152 5.530700000000005
487.43100000000027 0.4 6.0 2.0 6.0 2.0 1.0 0.0 2.0 3.0 6.0 78.35 0.41278931682276665 6.044100000000006
556.6420000000004 0.25806451612903225 7.0 3.0 9.0 3.0 0.0 0.0 2.0 5.0 8.0 106.23 0.21503468053189884 6.073320000000007
287.3880000000001 0.4 4.0 1.0 4.0 1.0 1.0 0.0 2.0 2.0 3.0 54.88 0.9355986576561427 3.723900000000002
363.44200000000006 0.1 6.0 1.0 5.0 0.0 0.0 0.0 1.0 4.0 5.0 49.17 0.5373299055953856 4.296800000000002
309.43800000000016 0.3888888888888889 4.0 0.0 3.0 0.0 1.0 0.0 2.0 2.0 3.0 49.57 0.7931821403397584 4.299580000000003
379.44500000000016 0.2631578947368421 7.0 2.0 7.0 4.0 1.0 0.0 1.0 2.0 7.0 138.80999999999997 0.7042362525138737 2.44036
503.59100000000024 0.03571428571428571 9.0 2.0 8.0 3.0 0.0 0.0 4.0 6.0 6.0 111.73 0.2602067772473871 6.6368200000000055
432.52500000000015 0.4 5.0 2.0 8.0 2.0 1.0 1.0 2.0 3.0 6.0 94.22000000000001 0.6246483808598082 2.6949000000000005
392.4560000000002 0.4444444444444444 6.0 0.0 7.0 0.0 2.0 2.0 1.0 2.0 3.0 75.63000000000001 0.7942745417309515 1.90222
295.342 0.17647058823529413 3.0 2.0 5.0 2.0 0.0 0.0 1.0 3.0 5.0 67.00999999999999 0.7581532807666472 3.359000000000001
237.28000000000003 0.18181818181818182 4.0 0.0 4.0 0.0 0.0 0.0 1.0 2.0 3.0 60.17 0.817436547418451 1.8862
288.34700000000004 0.4375 3.0 0.0 5.0 0.0 1.0 1.0 0.0 1.0 4.0 57.690000000000005 0.6304632627849919 2.2502400000000007
294.354 0.16666666666666666 3.0 1.0 4.0 1.0 0.0 0.0 1.0 3.0 4.0 43.26 0.7989922994190547 3.5770000000000026
313.36 0.0 2.0 2.0 4.0 2.0 0.0 0.0 1.0 4.0 3.0 57.78 0.5855639461511615 4.482200000000002
264.288 0.26666666666666666 5.0 0.0 5.0 0.0 1.0 1.0 2.0 3.0 1.0 65.95 0.6757617558902894 2.847880000000001
220.232 0.2 3.0 4.0 6.0 5.0 0.0 0.0 1.0 2.0 3.0 103.76999999999998 0.5911638394482928 0.14350000000000007
206.20499999999998 0.1111111111111111 3.0 4.0 6.0 5.0 0.0 0.0 1.0 2.0 2.0 103.76999999999998 0.5443944949306992 -0.24660000000000076
242.32599999999994 0.6428571428571429 4.0 1.0 4.0 1.0 2.0 0.0 1.0 1.0 4.0 61.6 0.8810587588170642 2.565620000000001
329.46900000000005 0.4444444444444444 4.0 1.0 4.0 1.0 1.0 1.0 2.0 2.0 5.0 45.230000000000004 0.914856086210376 3.3447200000000024
244.29799999999992 0.38461538461538464 5.0 0.0 5.0 0.0 1.0 1.0 2.0 2.0 3.0 43.18000000000001 0.8143337637280744 1.2347999999999997
208.05800000000002 0.0 1.0 0.0 1.0 0.0 0.0 0.0 1.0 2.0 0.0 12.89 0.6479326565476234 2.997300000000001
255.252 0.07142857142857142 4.0 0.0 4.0 0.0 0.0 0.0 1.0 2.0 3.0 58.8 0.8455620486831658 2.666380000000001
645.3190000000002 0.4 4.0 0.0 4.0 0.0 0.0 0.0 1.0 3.0 11.0 42.68 0.1676472462674973 6.936200000000007
240.32799999999995 0.6363636363636364 4.0 0.0 4.0 0.0 1.0 0.0 1.0 1.0 3.0 59.92 0.8055606086075191 1.6424199999999998
337.38300000000004 0.3333333333333333 5.0 2.0 7.0 2.0 1.0 0.0 2.0 3.0 5.0 92.67 0.7471772529471782 2.3342199999999993
374.824 0.2631578947368421 6.0 0.0 6.0 0.0 0.0 0.0 1.0 3.0 5.0 62.46 0.688541451088764 2.902000000000001
426.52000000000015 0.15384615384615385 4.0 3.0 6.0 3.0 1.0 1.0 0.0 3.0 6.0 73.47 0.5203626238884471 4.040300000000003
345.4320000000001 0.4 7.0 2.0 8.0 2.0 0.0 0.0 3.0 3.0 5.0 100.86 0.6853468775396159 1.9297399999999998
291.33900000000006 0.06666666666666667 6.0 0.0 5.0 0.0 0.0 0.0 2.0 3.0 3.0 78.28999999999999 0.7429718449376478 2.798260000000001
337.38300000000004 0.2222222222222222 5.0 2.0 7.0 2.0 0.0 0.0 2.0 3.0 5.0 92.67 0.7475016879886743 2.3954999999999993
231.25499999999997 0.3333333333333333 3.0 2.0 5.0 2.0 1.0 1.0 1.0 2.0 2.0 67.01 0.8259036492007074 1.6804
341.802 0.11764705882352941 5.0 2.0 6.0 2.0 1.0 1.0 0.0 2.0 3.0 69.09 0.8413945316236611 3.3139200000000013
322.3890000000001 0.2222222222222222 4.0 1.0 4.0 1.0 1.0 0.0 3.0 4.0 0.0 54.34 0.5053641423415212 3.2345000000000015
218.256 0.25 4.0 1.0 4.0 1.0 0.0 0.0 1.0 2.0 4.0 47.28 0.8453809856159256 1.4913999999999998
339.39900000000006 0.3888888888888889 7.0 0.0 7.0 0.0 1.0 1.0 2.0 3.0 2.0 65.06 0.7125570896415464 1.6851399999999994
324.4240000000001 0.45 4.0 1.0 4.0 1.0 3.0 3.0 1.0 2.0 4.0 45.59 0.8776016184783941 3.1732000000000014
416.4800000000001 0.05263157894736842 5.0 2.0 7.0 2.0 0.0 0.0 1.0 3.0 6.0 103.78000000000002 0.6398125773288459 3.5237000000000016
272.308 0.42857142857142855 6.0 0.0 6.0 0.0 0.0 0.0 3.0 3.0 2.0 77.84 0.7126264606084735 3.1698200000000014
273.317 0.15384615384615385 5.0 1.0 5.0 1.0 0.0 0.0 2.0 2.0 4.0 75.00999999999999 0.9288364511464945 2.6657800000000007
307.41800000000006 0.10526315789473684 2.0 0.0 2.0 0.0 0.0 0.0 0.0 3.0 2.0 12.47 0.6216585639540908 4.948320000000003
503.56700000000023 0.36 12.0 1.0 12.0 2.0 1.0 1.0 4.0 5.0 9.0 125.0 0.29919083903712584 2.1635999999999997
206.293 0.6363636363636364 4.0 2.0 4.0 2.0 1.0 1.0 1.0 1.0 3.0 49.84 0.7761649286104867 1.0603999999999996
333.51600000000013 0.7142857142857143 3.0 3.0 3.0 4.0 1.0 0.0 0.0 1.0 10.0 66.48 0.575123470448737 3.3766000000000016
309.321 0.1111111111111111 5.0 1.0 5.0 1.0 1.0 1.0 0.0 2.0 4.0 64.63 0.40656673549309413 3.1830000000000016
297.44600000000014 0.5263157894736842 3.0 1.0 3.0 1.0 1.0 0.0 1.0 2.0 7.0 28.16 0.7864313252678872 3.867300000000003
204.15100000000004 0.25 2.0 1.0 3.0 1.0 0.0 0.0 1.0 1.0 2.0 41.99 0.7900689120470531 1.3737
358.44100000000014 0.21739130434782608 2.0 1.0 4.0 1.0 1.0 1.0 0.0 3.0 5.0 49.410000000000004 0.753599754323209 3.8255000000000026
463.48600000000016 0.08 5.0 1.0 6.0 1.0 1.0 1.0 0.0 3.0 7.0 83.91 0.4764366154756511 5.339400000000004
389.4290000000001 0.2631578947368421 6.0 0.0 7.0 0.0 1.0 1.0 0.0 2.0 5.0 89.98 0.729698826690575 2.401300000000001
218.30000000000004 0.5384615384615384 2.0 1.0 3.0 1.0 1.0 0.0 1.0 1.0 4.0 41.99 0.8420245287868089 2.2781000000000002
292.34200000000004 0.11764705882352941 4.0 1.0 5.0 1.0 0.0 0.0 1.0 3.0 3.0 59.81 0.8064547228202728 3.136440000000002
290.3630000000001 0.5 3.0 1.0 5.0 1.0 1.0 1.0 0.0 1.0 3.0 58.64 0.9309063385327836 2.8020200000000015
331.39300000000003 0.11764705882352941 4.0 0.0 5.0 0.0 0.0 0.0 0.0 2.0 6.0 63.68 0.6030058337098189 2.8545000000000016
419.80800000000005 0.23529411764705882 4.0 0.0 5.0 0.0 1.0 1.0 0.0 2.0 3.0 63.68 0.7078142013531304 3.8968000000000025
388.34900000000005 0.21052631578947367 3.0 2.0 6.0 2.0 1.0 1.0 1.0 3.0 3.0 78.08999999999999 0.7200936604664269 3.5733000000000024
383.4730000000002 0.25 5.0 1.0 6.0 1.0 1.0 1.0 2.0 3.0 3.0 73.1 0.7555794172100045 3.0141600000000013
176.175 0.1111111111111111 2.0 2.0 4.0 2.0 0.0 0.0 1.0 2.0 2.0 65.97999999999999 0.721805086334357 1.19
301.30600000000004 0.07692307692307693 7.0 0.0 6.0 0.0 0.0 0.0 3.0 4.0 3.0 69.63 0.5816831766426263 2.7302
496.6100000000002 0.16 6.0 1.0 7.0 1.0 0.0 0.0 1.0 4.0 6.0 102.31 0.3861770387353179 4.806960000000005
206.16699999999994 0.375 3.0 1.0 3.0 2.0 0.0 0.0 1.0 1.0 3.0 48.14 0.8134673217339687 1.4379
264.21 0.08333333333333333 4.0 1.0 4.0 2.0 0.0 0.0 1.0 2.0 1.0 75.59 0.8585144293830934 2.6162800000000006
367.8320000000003 0.23809523809523808 3.0 2.0 4.0 2.0 1.0 0.0 1.0 3.0 3.0 70.42 0.6996452812674512 4.761600000000003
202.19199999999998 0.0 4.0 1.0 4.0 2.0 0.0 0.0 1.0 2.0 1.0 67.63 0.7607692394160872 1.46528
229.264 0.0 4.0 1.0 4.0 1.0 0.0 0.0 2.0 2.0 2.0 65.78 0.8585361691029784 2.26708
309.192 0.18181818181818182 5.0 0.0 4.0 0.0 0.0 0.0 2.0 2.0 3.0 52.81 0.8746498254052169 2.8086800000000007
340.3860000000001 0.047619047619047616 4.0 1.0 5.0 1.0 0.0 0.0 3.0 4.0 3.0 67.77000000000001 0.6051710166910252 4.252520000000002
334.40000000000003 0.05263157894736842 5.0 0.0 4.0 0.0 0.0 0.0 1.0 4.0 3.0 44.0 0.5771029549850707 3.2622000000000018
312.3250000000001 0.17647058823529413 5.0 1.0 6.0 2.0 1.0 1.0 0.0 2.0 3.0 83.14000000000001 0.40660299793186067 2.24352
330.80400000000003 0.14285714285714285 6.0 1.0 6.0 1.0 0.0 0.0 3.0 4.0 3.0 71.76 0.626132919242004 3.128520000000001
150.145 0.0 5.0 3.0 6.0 5.0 0.0 0.0 2.0 2.0 0.0 106.5 0.4697309637708927 -0.4827000000000005
360.36900000000014 0.09523809523809523 6.0 0.0 6.0 0.0 1.0 1.0 1.0 3.0 3.0 69.89 0.5279682562274112 3.6545000000000023
329.40700000000015 0.25 4.0 1.0 5.0 1.0 1.0 1.0 2.0 4.0 2.0 57.7 0.6060016749878626 3.890100000000002
273.3070000000001 0.1875 2.0 1.0 3.0 1.0 0.0 0.0 0.0 2.0 4.0 38.33 0.9276079099709821 3.323920000000001
297.343 0.07142857142857142 7.0 1.0 6.0 2.0 0.0 0.0 2.0 3.0 3.0 89.75 0.8016562333969974 2.4582799999999994
256.28000000000003 0.13333333333333333 3.0 1.0 3.0 2.0 0.0 0.0 0.0 2.0 3.0 59.03999999999999 0.8579328103414493 3.1670000000000007
273.36499999999995 0.38461538461538464 6.0 0.0 5.0 0.0 0.0 0.0 2.0 2.0 3.0 65.7 0.8585719824234346 2.3664400000000008
329.34299999999996 0.2 2.0 0.0 3.0 0.0 0.0 0.0 0.0 2.0 4.0 37.38 0.8524232964338601 3.920600000000003
421.9090000000001 0.045454545454545456 4.0 2.0 5.0 2.0 0.0 0.0 1.0 4.0 5.0 71.09 0.4767709635064314 4.9852000000000025
274.367 0.6 5.0 0.0 5.0 0.0 1.0 1.0 1.0 1.0 1.0 67.34 0.7591692956756381 0.7923000000000001
309.394 0.058823529411764705 5.0 2.0 4.0 2.0 0.0 0.0 2.0 3.0 4.0 58.040000000000006 0.7103347897813583 4.165200000000001
350.4070000000002 0.23529411764705882 8.0 0.0 7.0 0.0 1.0 0.0 3.0 4.0 3.0 78.61 0.5652501215643384 2.8313000000000006
276.299 0.0625 4.0 1.0 5.0 2.0 0.0 0.0 2.0 4.0 2.0 73.80000000000001 0.6097615138974048 2.223
365.38900000000007 0.2 6.0 1.0 7.0 1.0 0.0 0.0 1.0 3.0 4.0 90.28999999999999 0.7169250772684562 2.34584
278.271 0.06666666666666667 6.0 0.0 6.0 0.0 0.0 0.0 1.0 3.0 3.0 80.8 0.7280111680004457 1.69968
280.118 0.0 4.0 2.0 5.0 2.0 0.0 0.0 2.0 3.0 2.0 66.49000000000001 0.7545541736321111 3.4032999999999998
295.32300000000004 0.0 4.0 1.0 5.0 1.0 2.0 2.0 1.0 2.0 1.0 69.66 0.8204601331781752 3.1487700000000016
232.34899999999993 1.0 2.0 0.0 4.0 0.0 2.0 0.0 0.0 0.0 4.0 40.620000000000005 0.7305217798611802 1.1997999999999998
245.25300000000001 0.07142857142857142 2.0 2.0 3.0 2.0 0.0 0.0 0.0 2.0 3.0 49.33 0.8724219688685932 2.4978000000000007
269.308 0.21428571428571427 5.0 1.0 6.0 1.0 0.0 0.0 2.0 3.0 4.0 68.5 0.7801169451386358 1.5030999999999997
347.3960000000001 0.1875 6.0 1.0 7.0 1.0 0.0 0.0 1.0 3.0 4.0 82.33000000000001 0.7784696916323682 1.6864
493.46300000000025 0.2727272727272727 8.0 0.0 8.0 0.0 1.0 1.0 2.0 4.0 6.0 92.54 0.29339722848166083 4.217400000000003
322.3890000000001 0.1111111111111111 4.0 1.0 4.0 1.0 1.0 1.0 1.0 3.0 2.0 47.14 0.551569451191561 4.5112900000000025
309.39400000000006 0.058823529411764705 4.0 2.0 4.0 3.0 0.0 0.0 1.0 3.0 3.0 63.55 0.5753856965650689 3.3032200000000005
306.3900000000001 0.1111111111111111 3.0 1.0 3.0 1.0 1.0 1.0 1.0 3.0 1.0 37.91 0.5127444595199427 4.811110000000003
308.3370000000001 0.1111111111111111 4.0 1.0 5.0 1.0 1.0 1.0 0.0 2.0 4.0 59.92 0.8833272541849244 2.6212999999999997
213.237 0.7777777777777778 3.0 1.0 6.0 1.0 2.0 2.0 0.0 0.0 2.0 61.88 0.631020250817873 -1.1311999999999984
373.4120000000001 0.13636363636363635 5.0 1.0 6.0 1.0 0.0 0.0 2.0 4.0 5.0 77.25 0.5366550366166184 4.929300000000004
342.47200000000004 0.47058823529411764 7.0 0.0 6.0 0.0 1.0 1.0 3.0 3.0 4.0 50.08 0.728155083448374 2.3094
367.4780000000001 0.3684210526315789 6.0 1.0 6.0 1.0 1.0 1.0 3.0 3.0 3.0 71.01 0.7663492785073869 3.5582400000000023
353.3310000000001 0.4 8.0 5.0 10.0 5.0 1.0 1.0 0.0 1.0 4.0 149.70999999999998 0.3499827886768924 -0.8338000000000008
202.213 0.09090909090909091 3.0 1.0 4.0 1.0 0.0 0.0 1.0 2.0 2.0 55.13 0.8059199145548175 1.7011999999999998
299.33 0.25 5.0 1.0 6.0 1.0 0.0 0.0 1.0 2.0 5.0 81.17999999999999 0.8554492015798937 2.14292
256.30199999999996 0.6666666666666666 4.0 2.0 6.0 2.0 1.0 1.0 0.0 0.0 3.0 78.87 0.45485082311763275 1.4491
264.332 0.125 3.0 1.0 4.0 1.0 0.0 0.0 1.0 3.0 3.0 44.81 0.7897355332503606 3.2047000000000008
291.314 0.125 5.0 1.0 6.0 1.0 0.0 0.0 1.0 3.0 3.0 83.6 0.8034879661242378 2.5751800000000005
306.738 0.0 7.0 1.0 7.0 1.0 0.0 0.0 3.0 3.0 3.0 85.59 0.7998550431814644 2.0244999999999997
368.4370000000001 0.45 4.0 2.0 7.0 2.0 2.0 1.0 1.0 2.0 6.0 87.32000000000001 0.8202375885642044 2.5432000000000006
325.32000000000005 0.1111111111111111 6.0 1.0 6.0 1.0 1.0 1.0 0.0 2.0 4.0 73.86000000000001 0.4031970957016999 2.8015000000000008
277.28700000000003 0.06666666666666667 5.0 1.0 6.0 1.0 0.0 0.0 1.0 3.0 3.0 83.6 0.7925927695590282 1.94168
334.423 0.3 3.0 2.0 5.0 2.0 1.0 1.0 1.0 3.0 5.0 61.02 0.7052439506701995 3.0070200000000007
315.35800000000006 0.14285714285714285 6.0 2.0 7.0 3.0 0.0 0.0 2.0 3.0 4.0 106.66 0.5531323523283361 1.0746999999999993
560.6800000000004 0.3448275862068966 9.0 2.0 10.0 2.0 1.0 1.0 3.0 5.0 7.0 106.16000000000001 0.25694797911853023 5.856500000000005
431.51700000000017 0.125 6.0 1.0 6.0 1.0 0.0 0.0 2.0 4.0 6.0 73.34 0.41293983156866554 5.8751400000000045
201.27299999999994 0.25 3.0 1.0 3.0 2.0 0.0 0.0 1.0 2.0 2.0 43.84 0.8066494088043002 1.94784
292.29400000000004 0.058823529411764705 4.0 1.0 5.0 1.0 2.0 2.0 0.0 2.0 2.0 59.92 0.8642244198132258 2.3327999999999998
267.245 0.5 9.0 4.0 9.0 5.0 1.0 1.0 2.0 2.0 2.0 139.54000000000002 0.49051986767922323 -1.9800000000000006
279.307 0.2857142857142857 6.0 2.0 7.0 2.0 1.0 1.0 3.0 3.0 3.0 95.21 0.746388689854566 1.0335799999999997
320.80100000000004 0.2 4.0 0.0 4.0 0.0 0.0 0.0 2.0 3.0 3.0 46.34 0.7362760633684651 3.8404000000000025
263.709 0.0 5.0 0.0 4.0 0.0 0.0 0.0 2.0 3.0 2.0 51.81 0.7099857767118021 3.5031000000000017
396.39900000000017 0.23809523809523808 6.0 2.0 8.0 2.0 2.0 2.0 0.0 2.0 5.0 95.12000000000002 0.754999653159085 2.7952000000000012
216.16600000000003 0.25 3.0 1.0 4.0 1.0 0.0 0.0 2.0 2.0 1.0 46.5 0.7899242965304293 1.8289999999999997
301.4150000000001 0.375 4.0 1.0 4.0 1.0 1.0 1.0 2.0 2.0 5.0 45.230000000000004 0.9212277752286645 3.314600000000002
242.234 0.15384615384615385 3.0 1.0 5.0 1.0 1.0 1.0 0.0 1.0 3.0 66.48 0.6004840984776392 0.031999999999999806
200.23799999999997 0.7777777777777778 3.0 1.0 5.0 1.0 1.0 1.0 0.0 0.0 0.0 58.64 0.6136290804600515 0.3533
283.125 0.2727272727272727 4.0 0.0 4.0 0.0 0.0 0.0 1.0 2.0 4.0 48.150000000000006 0.8651016774198244 2.9735000000000014
289.338 0.1111111111111111 2.0 1.0 4.0 1.0 1.0 1.0 1.0 3.0 2.0 48.99 0.7867559622074028 3.279600000000001
347.374 0.1 6.0 1.0 6.0 1.0 0.0 0.0 2.0 4.0 4.0 73.31 0.5983060442876901 4.216920000000003
390.51600000000013 0.3333333333333333 7.0 0.0 6.0 0.0 1.0 1.0 3.0 4.0 4.0 59.730000000000004 0.5182908109086402 4.3537000000000035
338.40700000000004 0.4 3.0 0.0 5.0 0.0 2.0 2.0 1.0 2.0 2.0 53.760000000000005 0.8459276568789799 2.7167000000000012
261.32499999999993 0.7857142857142857 4.0 0.0 5.0 0.0 3.0 1.0 0.0 0.0 4.0 64.41 0.564128484215131 1.2511799999999995
294.31 0.058823529411764705 4.0 3.0 5.0 3.0 0.0 0.0 0.0 2.0 4.0 93.35 0.4580872044365475 2.32118
200.24099999999996 0.3333333333333333 2.0 1.0 3.0 1.0 1.0 0.0 0.0 1.0 2.0 52.89 0.7958823689119255 2.29688
283.331 0.125 4.0 3.0 5.0 4.0 0.0 0.0 0.0 2.0 4.0 88.2 0.5943695537936666 2.3970700000000003
234.258 0.06666666666666667 3.0 0.0 3.0 0.0 0.0 0.0 0.0 2.0 3.0 56.809999999999995 0.8197547046388072 3.008960000000002
367.4120000000001 0.13636363636363635 6.0 1.0 6.0 1.0 1.0 0.0 2.0 4.0 3.0 80.66000000000001 0.5797520120841692 4.349400000000004
201.22899999999998 0.36363636363636365 3.0 1.0 4.0 1.0 1.0 0.0 1.0 1.0 2.0 65.78 0.7801868341271323 1.1539
262.284 0.42857142857142855 2.0 1.0 4.0 1.0 2.0 1.0 0.0 1.0 2.0 49.410000000000004 0.8305024144455873 2.1903000000000006
333.39900000000017 0.3888888888888889 7.0 1.0 7.0 1.0 1.0 1.0 2.0 2.0 4.0 101.52000000000001 0.9144737085850195 2.1701999999999995
269.3 0.125 2.0 2.0 4.0 2.0 0.0 0.0 0.0 2.0 4.0 66.4 0.896390954240484 2.687900000000001
257.293 0.35714285714285715 5.0 0.0 5.0 0.0 0.0 0.0 1.0 2.0 3.0 71.94 0.8449543072203877 2.817780000000001
336.285 0.23076923076923078 3.0 1.0 3.0 1.0 0.0 0.0 1.0 2.0 4.0 41.99 0.8706592404672491 3.3093000000000012
381.5050000000002 0.4 6.0 1.0 6.0 1.0 1.0 0.0 3.0 3.0 4.0 71.01 0.7476877410173944 3.594420000000002
316.332 0.17647058823529413 3.0 2.0 5.0 2.0 0.0 0.0 0.0 2.0 5.0 67.42999999999999 0.832855259905335 2.4793000000000003
352.2420000000001 0.0 7.0 1.0 5.0 2.0 0.0 0.0 3.0 3.0 2.0 80.52 0.7675465238375914 3.2736800000000006
277.33099999999996 0.1875 5.0 1.0 5.0 1.0 1.0 0.0 2.0 3.0 4.0 55.63 0.7963551414079462 2.903600000000001
200.24099999999996 0.3333333333333333 2.0 1.0 3.0 1.0 1.0 0.0 0.0 1.0 3.0 52.89 0.8118699694150271 2.10118
202.26100000000002 0.36363636363636365 4.0 0.0 4.0 0.0 0.0 0.0 1.0 2.0 4.0 43.6 0.7562162871001222 1.61432
309.365 0.2631578947368421 3.0 1.0 4.0 1.0 1.0 1.0 0.0 2.0 3.0 57.61000000000001 0.8868258671134479 2.639100000000001
256.24 0.0 5.0 0.0 5.0 0.0 0.0 0.0 1.0 3.0 3.0 52.830000000000005 0.7223786331202257 2.5937
284.363 0.5 4.0 2.0 5.0 3.0 2.0 1.0 1.0 1.0 3.0 87.72 0.8353061567935163 2.8883800000000006
281.36300000000006 0.375 5.0 1.0 5.0 1.0 1.0 1.0 1.0 2.0 1.0 62.53 0.8715265170679146 3.3493200000000023
257.318 0.15384615384615385 4.0 1.0 4.0 1.0 0.0 0.0 3.0 3.0 2.0 58.64 0.7673426437152077 2.609000000000001
312.33200000000005 0.0 5.0 0.0 5.0 0.0 0.0 0.0 3.0 5.0 2.0 56.22 0.4898964207429017 4.204500000000002
366.373 0.2 5.0 2.0 7.0 2.0 2.0 2.0 0.0 2.0 4.0 85.89000000000001 0.8129595358355269 2.7866
352.36500000000024 0.2 4.0 0.0 5.0 0.0 1.0 1.0 1.0 3.0 3.0 51.66 0.7221549042454025 3.638600000000002
240.27 0.16666666666666666 6.0 1.0 6.0 1.0 0.0 0.0 3.0 3.0 2.0 68.52000000000001 0.739452527607044 1.8103199999999993
274.32 0.3333333333333333 3.0 1.0 5.0 2.0 0.0 0.0 1.0 2.0 4.0 76.53999999999999 0.9182596497319631 1.5358399999999999
370.4740000000001 0.35 4.0 3.0 5.0 3.0 1.0 1.0 2.0 3.0 5.0 74.35000000000001 0.6456251580326099 3.1999000000000013
333.43600000000004 0.7058823529411765 3.0 4.0 7.0 4.0 2.0 0.0 1.0 1.0 7.0 98.91 0.5772412385719009 2.6376999999999997
203.20100000000002 0.1 4.0 1.0 5.0 1.0 0.0 0.0 2.0 2.0 2.0 68.01 0.7952840378299647 1.1803
322.3640000000001 0.15789473684210525 4.0 1.0 5.0 1.0 1.0 1.0 0.0 2.0 4.0 59.92 0.8805648547689536 2.9297200000000005
286.209 0.25 3.0 1.0 5.0 1.0 1.0 1.0 0.0 1.0 3.0 66.48 0.6702167536731384 1.1913999999999998
223.663 0.2 3.0 1.0 4.0 1.0 0.0 0.0 1.0 2.0 1.0 50.68 0.8020732746936228 1.8308399999999996
297.31000000000006 0.17647058823529413 4.0 0.0 5.0 0.0 1.0 1.0 0.0 2.0 3.0 55.839999999999996 0.8165223194057357 2.4333
236.702 0.3333333333333333 2.0 1.0 3.0 1.0 0.0 0.0 0.0 1.0 3.0 52.89 0.8763425777376177 3.1962800000000016
278.377 0.2857142857142857 3.0 1.0 4.0 1.0 0.0 0.0 1.0 2.0 4.0 51.1 0.9312952638943819 2.1433400000000002
481.0250000000003 0.20833333333333334 7.0 2.0 7.0 2.0 1.0 1.0 1.0 3.0 7.0 73.39000000000001 0.3676970095747004 4.901100000000004
291.314 0.0625 6.0 1.0 6.0 1.0 0.0 0.0 2.0 4.0 3.0 64.34 0.6282839478958349 3.0297
272.235 0.07142857142857142 4.0 1.0 5.0 1.0 0.0 0.0 2.0 3.0 2.0 76.22 0.775493529371639 3.035520000000001
339.46000000000004 0.2 4.0 2.0 3.0 2.0 0.0 0.0 1.0 3.0 8.0 41.489999999999995 0.6476711049664432 4.150300000000003
323.13199999999995 0.36363636363636365 5.0 3.0 7.0 3.0 0.0 0.0 0.0 1.0 6.0 112.70000000000002 0.4090709280478973 0.9089999999999998
375.3840000000001 0.09523809523809523 6.0 1.0 7.0 1.0 0.0 0.0 1.0 4.0 5.0 86.48000000000002 0.5636228539619206 4.159300000000003
374.39600000000013 0.09090909090909091 5.0 1.0 6.0 1.0 0.0 0.0 2.0 4.0 5.0 77.5 0.5212849239242324 5.170920000000003
256.334 0.15384615384615385 4.0 1.0 4.0 1.0 0.0 0.0 2.0 3.0 2.0 54.46 0.76561034152124 3.212040000000002
229.66299999999998 0.0 2.0 1.0 2.0 2.0 0.0 0.0 1.0 2.0 1.0 43.09 0.8029563740360623 2.792700000000001
411.4690000000003 0.17391304347826086 7.0 2.0 8.0 2.0 1.0 1.0 3.0 5.0 4.0 83.37 0.46738531794023797 3.852800000000002
486.32300000000015 0.1 9.0 4.0 11.0 5.0 0.0 0.0 3.0 4.0 8.0 160.57 0.162108010209476 4.249900000000001
257.34000000000003 0.2222222222222222 4.0 1.0 5.0 1.0 0.0 0.0 1.0 2.0 3.0 62.300000000000004 0.9063466204773322 1.5146
313.4630000000001 1.0 3.0 1.0 4.0 1.0 5.0 1.0 0.0 0.0 4.0 55.400000000000006 0.8651046922687458 2.1571
247.46799999999996 0.0 3.0 1.0 3.0 1.0 0.0 0.0 0.0 1.0 0.0 67.81 0.7162968580413879 3.0957600000000007
200.26599999999996 0.0 3.0 1.0 2.0 2.0 0.0 0.0 1.0 2.0 1.0 49.81 0.7690542018300905 2.8689799999999996
313.79200000000014 0.3125 5.0 0.0 5.0 0.0 2.0 2.0 1.0 2.0 2.0 45.78 0.8523721590959943 3.431600000000002
258.32099999999997 0.4666666666666667 3.0 0.0 4.0 0.0 1.0 0.0 0.0 1.0 4.0 53.33 0.8326146552414387 2.34748
209.20499999999996 0.5555555555555556 6.0 0.0 6.0 0.0 1.0 1.0 1.0 1.0 2.0 71.52 0.7012770722058977 0.39147999999999983
307.1769999999999 0.4166666666666667 4.0 2.0 5.0 2.0 0.0 0.0 0.0 1.0 7.0 59.59 0.7581126420980518 2.1765
275.73900000000003 0.2857142857142857 4.0 0.0 4.0 0.0 1.0 1.0 1.0 2.0 2.0 38.13 0.8451105195619638 2.4861000000000004
201.27299999999997 0.4166666666666667 2.0 2.0 3.0 2.0 1.0 1.0 1.0 2.0 1.0 40.71 0.7408317789287563 2.0298999999999996
246.245 0.25 5.0 0.0 5.0 0.0 0.0 0.0 1.0 2.0 3.0 65.95 0.6137865174617972 2.3132200000000003
281.262 0.23076923076923078 4.0 1.0 5.0 1.0 0.0 0.0 1.0 2.0 4.0 58.370000000000005 0.9341337908688092 2.33612
287.171 0.09090909090909091 3.0 1.0 3.0 2.0 0.0 0.0 1.0 2.0 3.0 55.980000000000004 0.9423846109349703 3.144700000000001
375.48 0.2857142857142857 6.0 2.0 7.0 2.0 1.0 1.0 2.0 3.0 5.0 72.97 0.7136005782754016 3.1739200000000016
368.4140000000001 0.15789473684210525 6.0 1.0 6.0 1.0 1.0 1.0 1.0 3.0 4.0 69.68 0.7544854492562809 3.972000000000002
352.38300000000004 0.06666666666666667 9.0 1.0 9.0 1.0 0.0 0.0 4.0 4.0 4.0 103.41000000000001 0.6002619721165284 1.7715999999999996
325.372 0.23529411764705882 5.0 2.0 7.0 2.0 0.0 0.0 2.0 3.0 5.0 83.02 0.745238526172373 1.5384999999999995
404.5100000000001 0.24 3.0 2.0 5.0 2.0 0.0 0.0 0.0 3.0 7.0 59.59 0.45414559063385734 6.819100000000006
339.39900000000006 0.3888888888888889 7.0 0.0 7.0 0.0 1.0 1.0 2.0 3.0 3.0 65.06 0.7293807365642255 1.7668199999999996
438.4990000000003 0.36 6.0 1.0 6.0 1.0 1.0 1.0 1.0 3.0 7.0 75.8 0.5446782891901102 4.574300000000005
447.33700000000033 0.42105263157894735 7.0 1.0 8.0 1.0 1.0 1.0 2.0 3.0 7.0 77.21000000000001 0.6020340231347427 2.3563
251.28900000000004 0.06666666666666667 2.0 2.0 4.0 2.0 0.0 0.0 1.0 3.0 2.0 57.78 0.7347905446305474 3.1236200000000007
238.25000000000003 0.0 3.0 2.0 5.0 2.0 0.0 0.0 2.0 3.0 2.0 70.67 0.7186387271952 2.2102000000000004
325.79900000000004 0.2222222222222222 3.0 1.0 4.0 1.0 1.0 0.0 1.0 3.0 3.0 46.92 0.7917193628081871 3.9689000000000023
347.37800000000004 0.10526315789473684 6.0 1.0 7.0 1.0 0.0 0.0 2.0 4.0 5.0 73.97 0.6020585829300327 3.058600000000001
237.26200000000003 0.0 2.0 2.0 4.0 2.0 0.0 0.0 1.0 3.0 2.0 57.78 0.7196242008644197 2.815200000000001
277.327 0.17647058823529413 2.0 2.0 4.0 2.0 1.0 0.0 1.0 3.0 3.0 57.78 0.7713491455575658 3.3051000000000013
327.203 0.16666666666666666 4.0 1.0 4.0 2.0 0.0 0.0 1.0 2.0 4.0 65.21000000000001 0.9386813731569359 2.609
308.36600000000004 0.0625 6.0 1.0 5.0 0.0 0.0 0.0 1.0 3.0 4.0 63.73 0.7525653186388456 3.006680000000001
272.276 0.2727272727272727 5.0 0.0 4.0 0.0 0.0 0.0 1.0 2.0 5.0 48.150000000000006 0.8372463082691963 2.7898000000000014
338.432 0.15789473684210525 4.0 1.0 4.0 1.0 0.0 0.0 1.0 3.0 4.0 51.22 0.7464941089144687 4.752520000000003
312.30400000000003 0.125 5.0 0.0 6.0 0.0 0.0 0.0 2.0 3.0 4.0 72.12 0.7400383842183726 2.5429000000000004
344.845 0.045454545454545456 2.0 0.0 2.0 0.0 0.0 0.0 1.0 4.0 4.0 17.82 0.45454498474207145 5.376700000000004
256.20799999999997 0.2727272727272727 3.0 1.0 5.0 1.0 1.0 1.0 0.0 1.0 3.0 58.64 0.8735325081011759 0.8954
221.19500000000002 0.1111111111111111 5.0 1.0 6.0 2.0 0.0 0.0 1.0 2.0 3.0 86.69000000000001 0.7876221946645486 -0.03550000000000053
306.79300000000006 0.5 2.0 1.0 4.0 1.0 2.0 0.0 0.0 1.0 3.0 49.410000000000004 0.8717785780237054 3.212100000000002
438.5270000000001 0.3157894736842105 6.0 2.0 8.0 2.0 0.0 0.0 1.0 3.0 6.0 122.54999999999998 0.44978353615816874 2.3196000000000003
191.19000000000003 0.1111111111111111 3.0 2.0 5.0 2.0 0.0 0.0 1.0 2.0 1.0 67.00999999999999 0.720984649471693 1.7411999999999996
205.13899999999998 0.42857142857142855 4.0 1.0 4.0 1.0 0.0 0.0 1.0 1.0 2.0 61.84 0.7956164543139754 1.52118
424.3050000000002 0.05263157894736842 4.0 2.0 5.0 2.0 0.0 0.0 0.0 3.0 5.0 75.63 0.5923161307490141 5.175400000000002
380.33900000000006 0.05555555555555555 7.0 2.0 9.0 2.0 0.0 0.0 2.0 4.0 6.0 118.82000000000001 0.5277833906687303 2.825100000000001
244.33799999999994 0.4666666666666667 2.0 0.0 3.0 0.0 0.0 0.0 0.0 1.0 3.0 44.1 0.8201386558905243 2.9528800000000013
336.39100000000013 0.25 3.0 1.0 5.0 1.0 1.0 1.0 0.0 2.0 2.0 66.48 0.855611950515401 3.323920000000002
254.648 0.09090909090909091 3.0 1.0 4.0 1.0 0.0 0.0 1.0 2.0 2.0 55.13 0.8961960401856797 3.027820000000001
266.25600000000003 0.06666666666666667 5.0 0.0 5.0 0.0 0.0 0.0 1.0 3.0 3.0 68.28 0.7252728119174773 3.5003800000000016
205.188 0.09090909090909091 2.0 1.0 3.0 1.0 0.0 0.0 1.0 2.0 1.0 50.19 0.7770726927752337 2.3805200000000006
243.284 0.3 3.0 1.0 5.0 1.0 0.0 0.0 0.0 1.0 4.0 74.68 0.8501479515974101 0.84562
219.23999999999995 0.25 3.0 1.0 4.0 1.0 0.0 0.0 0.0 1.0 4.0 47.56 0.7703528416103997 1.0668
204.22899999999998 0.2727272727272727 3.0 1.0 4.0 2.0 1.0 1.0 0.0 1.0 1.0 63.4 0.5538166151532984 1.3123
491.67200000000037 0.7419354838709677 4.0 1.0 5.0 1.0 5.0 0.0 0.0 0.0 1.0 95.22999999999999 0.4649268356809549 6.290580000000007
257.311 0.45454545454545453 4.0 1.0 5.0 1.0 1.0 1.0 0.0 1.0 4.0 64.63000000000001 0.8552099994640525 0.5494999999999997
322.7730000000001 0.21428571428571427 4.0 0.0 5.0 0.0 1.0 1.0 1.0 2.0 3.0 57.690000000000005 0.6446638544563862 2.865400000000001
364.4080000000001 0.0 3.0 2.0 5.0 2.0 0.0 0.0 2.0 5.0 3.0 70.67 0.47157277367700423 5.030400000000003
306.15200000000004 0.0 2.0 2.0 4.0 2.0 0.0 0.0 1.0 3.0 2.0 57.78 0.7478908340044444 4.122000000000001
435.56400000000014 0.5925925925925926 4.0 3.0 5.0 3.0 4.0 1.0 1.0 2.0 1.0 82.54999999999998 0.6333297989250544 3.9567000000000023
248.35099999999994 0.5384615384615384 3.0 1.0 3.0 1.0 1.0 0.0 1.0 1.0 1.0 52.89 0.8299236145227648 3.0930800000000014
363.2520000000001 0.3125 6.0 0.0 6.0 0.0 1.0 1.0 2.0 3.0 2.0 50.080000000000005 0.700722734673249 2.9967000000000015
300.383 0.25 4.0 1.0 4.0 1.0 0.0 0.0 2.0 3.0 3.0 55.13 0.7952281088087712 3.9957600000000024
200.19699999999997 0.09090909090909091 3.0 1.0 4.0 1.0 0.0 0.0 1.0 2.0 2.0 66.02 0.8040972538294372 1.8630799999999998
203.20500000000004 0.1111111111111111 5.0 1.0 6.0 2.0 0.0 0.0 1.0 2.0 3.0 86.69000000000001 0.7495174816948331 -0.17460000000000075
409.42400000000015 0.08333333333333333 6.0 0.0 6.0 0.0 0.0 0.0 3.0 6.0 3.0 69.63 0.38401632043802086 5.536100000000004
293.326 0.11764705882352941 4.0 1.0 5.0 1.0 0.0 0.0 1.0 3.0 3.0 68.02000000000001 0.8054903932395797 3.071620000000001
448.5260000000001 0.07142857142857142 4.0 2.0 6.0 2.0 0.0 0.0 3.0 5.0 8.0 75.82 0.2956887866722013 6.214400000000006
284.363 0.3125 4.0 2.0 5.0 2.0 0.0 0.0 1.0 2.0 6.0 66.91 0.7989346319823135 2.3254400000000004
253.689 0.36363636363636365 5.0 0.0 5.0 0.0 0.0 0.0 2.0 2.0 4.0 61.040000000000006 0.7839743214538146 2.56782
326.40000000000015 0.5555555555555556 6.0 0.0 6.0 0.0 1.0 0.0 3.0 3.0 3.0 77.84 0.7039412852757422 4.519000000000004
370.4090000000003 0.42105263157894735 6.0 3.0 8.0 3.0 1.0 1.0 2.0 3.0 5.0 113.27000000000001 0.6314312067388177 1.8298199999999998
234.25500000000002 0.3333333333333333 3.0 0.0 5.0 0.0 1.0 1.0 0.0 1.0 4.0 49.85 0.7289872983957517 0.9593999999999994
